#include <stdio.h>
#include <stdlib.h>
#include <string.h>
#include "lib/GLFW/include/GLFW/glfw3.h"

#include "gg_read.h"

unsigned char font_atlas[98304] = {
0x00,
0x00,0x00,0x00,0x00,0x00,0x00,0x00,0x00,0x00,0x00,
0x00,0x00,0x00,0x00,0x00,0x00,0x00,0x00,0x00,0x00,
0x00,0x00,0x00,0x00,0x00,0x00,0x00,0x00,0x00,0x00,
0x00,0x00,0x00,0x00,0x00,0x00,0x00,0x00,0x00,0x00,
0x00,0x00,0x00,0x00,0x00,0x00,0x00,0x00,0x00,0x00,
0x00,0x00,0x00,0x00,0x00,0x00,0x00,0x00,0x00,0x00,
0x00,0x00,0x00,0x00,0x00,0x00,0x00,0x00,0x00,0x00,
0x00,0x00,0x00,0x00,0x00,0x00,0x00,0x00,0x00,0x00,
0x00,0x00,0x00,0x00,0x00,0x00,0x00,0x00,0x00,0x00,
0x00,0x00,0x00,0x00,0x00,0x00,0x00,0x00,0x00,0x00,
0x00,0x00,0x00,0x00,0x00,0x00,0x00,0x00,0x00,0x00,
0x00,0x00,0x00,0x00,0x00,0x00,0x00,0x00,0x00,0x00,
0x00,0x00,0x00,0x00,0x00,0x00,0x00,0x00,0x00,0x00,
0x00,0x00,0x00,0x00,0x00,0x00,0x00,0x00,0x00,0x00,
0x00,0x00,0x00,0x00,0x00,0x00,0x00,0x00,0x00,0x00,
0x00,0x00,0x00,0x00,0x00,0x00,0x00,0x00,0x00,0x00,
0x00,0x00,0x00,0x00,0x00,0x00,0x00,0x00,0x00,0x00,
0x00,0x00,0x00,0x00,0x00,0x00,0x00,0x00,0x00,0x00,
0x00,0x00,0x00,0x00,0x00,0x00,0x00,0x00,0x00,0x00,
0x00,0x00,0x00,0x00,0x00,0x00,0x00,0x00,0x00,0x00,
0x00,0x00,0x00,0x00,0x00,0x00,0x00,0x00,0x00,0x00,
0x00,0x00,0x00,0x00,0x00,0x00,0x00,0x00,0x00,0x00,
0x00,0x00,0x00,0x00,0x00,0x00,0x00,0x00,0x00,0x00,
0x00,0x00,0x00,0x00,0x00,0x00,0x00,0x00,0x00,0x00,
0x00,0x00,0x00,0x00,0x00,0x00,0x00,0x00,0x00,0x00,
0x00,0x00,0x00,0x00,0x00,0x00,0x00,0x00,0x20,0x40,
0x30,0x10,0x00,0x20,0x40,0x30,0x10,0x00,0x20,0x40,
0x30,0x10,0x00,0x00,0x00,0x00,0x00,0x00,0x00,0x00,
0x00,0x00,0x00,0x20,0x5f,0x7f,0x3f,0x00,0x00,0x00,
0x00,0x3f,0x7f,0x5f,0x20,0x00,0x00,0x00,0x00,0x00,
0x00,0x00,0x00,0x00,0x00,0x00,0x20,0x40,0x30,0x10,
0x00,0x00,0x00,0x00,0x00,0x00,0x00,0x00,0x10,0x30,
0x40,0x40,0x40,0x30,0x10,0x00,0x00,0x00,0x00,0x00,
0x00,0x20,0x40,0x30,0x10,0x00,0x00,0x00,0x00,0x00,
0x00,0x00,0x00,0x10,0x30,0x40,0x40,0x40,0x30,0x10,
0x00,0x00,0x00,0x00,0x00,0x00,0x00,0x00,0x20,0x40,
0x30,0x10,0x00,0x00,0x00,0x00,0x00,0x00,0x20,0x40,
0x30,0x10,0x00,0x20,0x40,0x30,0x10,0x00,0x00,0x00,
0x00,0x00,0x00,0x3f,0x7f,0x7f,0x7f,0x7f,0x7f,0x7f,
0x5f,0x20,0x00,0x00,0x00,0x00,0x00,0x00,0x20,0x40,
0x30,0x10,0x00,0x00,0x00,0x00,0x00,0x00,0x00,0x00,
0x20,0x5f,0x7f,0x3f,0x00,0x20,0x40,0x40,0x40,0x40,
0x40,0x40,0x30,0x10,0x00,0x20,0x40,0x30,0x10,0x00,
0x00,0x00,0x00,0x00,0x00,0x00,0x00,0x00,0x00,0x00,
0x20,0x40,0x30,0x10,0x00,0x00,0x00,0x10,0x30,0x40,
0x40,0x40,0x30,0x10,0x00,0x00,0x00,0x00,0x00,0x10,
0x30,0x40,0x20,0x00,0x00,0x00,0x00,0x00,0x00,0x10,
0x30,0x40,0x40,0x40,0x30,0x10,0x00,0x00,0x00,0x20,
0x40,0x40,0x40,0x40,0x40,0x40,0x40,0x40,0x40,0x20,
0x00,0x00,0x00,0x00,0x00,0x00,0x00,0x00,0x10,0x30,
0x40,0x20,0x00,0x00,0x00,0x00,0x00,0x00,0x00,0x00,
0x00,0x00,0x00,0x00,0x5f,0xbf,0x8f,0x30,0x00,0x5f,
0xbf,0x8f,0x30,0x00,0x5f,0xbf,0x8f,0x30,0x00,0x00,
0x00,0x00,0x00,0x00,0x00,0x00,0x00,0x00,0x00,0x40,
0xbf,0xff,0x7f,0x00,0x00,0x00,0x00,0x7f,0xff,0xbf,
0x40,0x00,0x00,0x00,0x00,0x00,0x00,0x00,0x00,0x00,
0x00,0x00,0x5f,0xbf,0x8f,0x30,0x00,0x00,0x00,0x00,
0x00,0x00,0x00,0x00,0x30,0x8f,0xbf,0xbf,0xbf,0x8f,
0x30,0x00,0x00,0x00,0x00,0x00,0x00,0x5f,0xbf,0x8f,
0x30,0x00,0x00,0x00,0x00,0x00,0x00,0x00,0x00,0x30,
0x8f,0xbf,0xbf,0xbf,0x8f,0x30,0x00,0x00,0x00,0x00,
0x00,0x00,0x00,0x00,0x5f,0xbf,0x8f,0x30,0x00,0x00,
0x00,0x00,0x00,0x00,0x5f,0xbf,0x8f,0x30,0x00,0x5f,
0xbf,0x8f,0x30,0x00,0x00,0x00,0x00,0x00,0x00,0x7f,
0xff,0xff,0xff,0xff,0xff,0xff,0xbf,0x40,0x00,0x00,
0x00,0x00,0x00,0x00,0x5f,0xbf,0x8f,0x30,0x00,0x00,
0x00,0x00,0x00,0x00,0x00,0x00,0x40,0xbf,0xff,0x7f,
0x00,0x5f,0xbf,0xbf,0xbf,0xbf,0xbf,0xbf,0x8f,0x30,
0x00,0x5f,0xbf,0x8f,0x30,0x00,0x00,0x00,0x00,0x00,
0x00,0x00,0x00,0x00,0x00,0x00,0x5f,0xbf,0x8f,0x30,
0x00,0x00,0x00,0x30,0x8f,0xbf,0xbf,0xbf,0x8f,0x30,
0x00,0x00,0x00,0x00,0x00,0x30,0x8f,0xbf,0x5f,0x00,
0x00,0x00,0x00,0x00,0x00,0x30,0x8f,0xbf,0xbf,0xbf,
0x8f,0x30,0x00,0x00,0x00,0x5f,0xbf,0xbf,0xbf,0xbf,
0xbf,0xbf,0xbf,0xbf,0xbf,0x5f,0x00,0x00,0x00,0x00,
0x00,0x00,0x00,0x00,0x30,0x8f,0xbf,0x5f,0x00,0x00,
0x00,0x00,0x00,0x00,0x00,0x00,0x00,0x00,0x00,0x00,
0x7f,0xff,0xbf,0x40,0x00,0x7f,0xff,0xbf,0x40,0x00,
0x7f,0xff,0xbf,0x40,0x00,0x00,0x00,0x00,0x00,0x00,
0x00,0x00,0x00,0x00,0x00,0x40,0xbf,0xff,0x7f,0x00,
0x00,0x00,0x00,0x7f,0xff,0xbf,0x40,0x00,0x00,0x00,
0x00,0x00,0x00,0x00,0x00,0x00,0x00,0x00,0x7f,0xff,
0xbf,0x40,0x00,0x00,0x00,0x00,0x00,0x00,0x00,0x00,
0x40,0xbf,0xff,0xff,0xff,0xbf,0x40,0x00,0x00,0x00,
0x00,0x00,0x00,0x7f,0xff,0xbf,0x40,0x00,0x00,0x00,
0x00,0x00,0x00,0x00,0x00,0x40,0xbf,0xff,0xff,0xff,
0xbf,0x40,0x00,0x00,0x00,0x00,0x00,0x00,0x00,0x00,
0x7f,0xff,0xbf,0x40,0x00,0x00,0x00,0x00,0x00,0x00,
0x7f,0xff,0xbf,0x40,0x00,0x7f,0xff,0xbf,0x40,0x00,
0x00,0x00,0x00,0x00,0x00,0x5f,0xbf,0xcf,0xef,0xff,
0xdf,0xbf,0x8f,0x30,0x00,0x00,0x00,0x00,0x00,0x00,
0x7f,0xff,0xbf,0x40,0x00,0x00,0x00,0x00,0x00,0x00,
0x00,0x00,0x40,0xbf,0xff,0x7f,0x00,0x7f,0xff,0xff,
0xff,0xff,0xff,0xff,0xbf,0x40,0x00,0x7f,0xff,0xbf,
0x40,0x00,0x00,0x00,0x00,0x00,0x00,0x00,0x00,0x00,
0x00,0x00,0x7f,0xff,0xbf,0x40,0x00,0x00,0x00,0x40,
0xbf,0xff,0xff,0xff,0xbf,0x40,0x00,0x00,0x00,0x00,
0x00,0x40,0xbf,0xff,0x7f,0x00,0x00,0x00,0x00,0x00,
0x00,0x40,0xbf,0xff,0xff,0xff,0xbf,0x40,0x00,0x00,
0x00,0x7f,0xff,0xff,0xff,0xff,0xff,0xff,0xff,0xff,
0xff,0x7f,0x00,0x00,0x00,0x00,0x00,0x00,0x00,0x00,
0x40,0xbf,0xff,0x7f,0x00,0x00,0x00,0x00,0x00,0x00,
0x00,0x00,0x00,0x00,0x00,0x00,0x7f,0xff,0xbf,0x40,
0x00,0x7f,0xff,0xbf,0x40,0x00,0x7f,0xff,0xbf,0x40,
0x00,0x00,0x00,0x00,0x00,0x00,0x00,0x00,0x00,0x00,
0x00,0x40,0xbf,0xff,0x7f,0x00,0x00,0x00,0x00,0x7f,
0xff,0xbf,0x40,0x00,0x00,0x00,0x00,0x00,0x00,0x00,
0x00,0x20,0x5f,0x7f,0xbf,0xff,0xdf,0x9f,0x7f,0x3f,
0x00,0x00,0x00,0x00,0x3f,0x7f,0x7f,0x7f,0x7f,0x7f,
0x7f,0x7f,0x7f,0x7f,0x3f,0x00,0x20,0x5f,0x7f,0x7f,
0x7f,0x5f,0x20,0x00,0x00,0x00,0x00,0x00,0x00,0x3f,
0x7f,0x7f,0x7f,0x7f,0x7f,0x7f,0x7f,0x7f,0x7f,0x3f,
0x00,0x00,0x00,0x00,0x00,0x00,0x7f,0xff,0xbf,0x40,
0x00,0x00,0x00,0x20,0x5f,0x7f,0x7f,0x7f,0x5f,0x20,
0x00,0x3f,0x7f,0x7f,0x7f,0x7f,0x3f,0x00,0x00,0x00,
0x00,0x20,0x40,0x6f,0xcf,0xff,0x9f,0x40,0x30,0x10,
0x00,0x00,0x00,0x00,0x00,0x00,0x7f,0xff,0xbf,0x40,
0x00,0x00,0x00,0x00,0x00,0x00,0x00,0x00,0x40,0xbf,
0xff,0x7f,0x00,0x3f,0x7f,0x7f,0x7f,0x7f,0x7f,0x7f,
0x5f,0x20,0x00,0x3f,0x7f,0x5f,0x20,0x00,0x00,0x00,
0x00,0x00,0x00,0x00,0x00,0x20,0x5f,0x7f,0x7f,0x7f,
0x5f,0x20,0x00,0x3f,0x7f,0x7f,0x7f,0x7f,0x7f,0x7f,
0x7f,0x7f,0x7f,0x3f,0x00,0x3f,0x7f,0x9f,0xdf,0xff,
0x7f,0x00,0x00,0x00,0x00,0x3f,0x7f,0x7f,0x7f,0x7f,
0x7f,0x7f,0x7f,0x7f,0x7f,0x3f,0x00,0x3f,0x7f,0x7f,
0x7f,0x7f,0x7f,0x7f,0x9f,0xdf,0xff,0x7f,0x00,0x00,
0x00,0x00,0x00,0x00,0x3f,0x7f,0x9f,0xdf,0xff,0x7f,
0x00,0x00,0x00,0x00,0x00,0x00,0x00,0x00,0x00,0x00,
0x00,0x00,0x7f,0xff,0xbf,0x40,0x00,0x7f,0xff,0xbf,
0x40,0x00,0x7f,0xff,0xbf,0x40,0x00,0x00,0x00,0x00,
0x00,0x00,0x00,0x00,0x00,0x00,0x00,0x40,0xbf,0xff,
0x7f,0x00,0x00,0x00,0x00,0x7f,0xff,0xbf,0x40,0x00,
0x00,0x00,0x00,0x00,0x00,0x00,0x00,0x40,0xbf,0xff,
0xff,0xff,0xff,0xff,0xff,0x7f,0x00,0x00,0x00,0x00,
0x7f,0xff,0xbf,0x40,0x00,0x00,0x00,0x40,0xbf,0xff,
0x7f,0x00,0x40,0xbf,0xff,0x7f,0x00,0x00,0x00,0x00,
0x00,0x00,0x00,0x00,0x00,0x7f,0xff,0xbf,0x40,0x00,
0x00,0x00,0x40,0xbf,0xff,0x7f,0x00,0x00,0x00,0x00,
0x00,0x00,0x7f,0xff,0xbf,0x40,0x00,0x00,0x00,0x40,
0xbf,0xff,0x7f,0x00,0x00,0x00,0x00,0x00,0x00,0x40,
0xbf,0xff,0x7f,0x00,0x00,0x00,0x00,0x00,0x00,0x40,
0xbf,0xff,0x7f,0x00,0x00,0x00,0x00,0x00,0x00,0x00,
0x00,0x00,0x7f,0xff,0xbf,0x40,0x00,0x00,0x00,0x00,
0x00,0x00,0x00,0x00,0x40,0xbf,0xff,0x7f,0x00,0x00,
0x00,0x00,0x00,0x00,0x00,0x00,0x00,0x00,0x00,0x00,
0x00,0x00,0x00,0x00,0x00,0x00,0x00,0x00,0x00,0x00,
0x00,0x40,0xbf,0xff,0x7f,0x00,0x00,0x00,0x00,0x7f,
0xff,0xbf,0x40,0x00,0x00,0x00,0x40,0xbf,0xff,0x7f,
0x00,0x7f,0xff,0xff,0xff,0xff,0x7f,0x00,0x00,0x00,
0x00,0x7f,0xff,0xbf,0x40,0x00,0x00,0x00,0x40,0xbf,
0xff,0x7f,0x00,0x00,0x00,0x00,0x00,0x00,0x00,0x00,
0x40,0xbf,0xff,0x7f,0x00,0x00,0x00,0x00,0x00,0x00,
0x7f,0xff,0xff,0xff,0xff,0x7f,0x00,0x00,0x00,0x00,
0x00,0x00,0x00,0x00,0x00,0x00,0x00,0x00,0x7f,0xff,
0xbf,0x40,0x00,0x7f,0xff,0xbf,0x40,0x00,0x7f,0xff,
0xbf,0x40,0x00,0x00,0x00,0x00,0x3f,0x7f,0x7f,0x7f,
0x7f,0x7f,0x7f,0x9f,0xdf,0xff,0xbf,0x7f,0x7f,0x7f,
0x7f,0xbf,0xff,0xdf,0x9f,0x7f,0x7f,0x7f,0x5f,0x20,
0x00,0x20,0x40,0x60,0x9f,0xbf,0xdf,0xff,0xef,0xcf,
0xbf,0x7f,0x40,0x30,0x10,0x00,0x7f,0xff,0xbf,0x40,
0x00,0x00,0x00,0x40,0xbf,0xff,0x7f,0x00,0x40,0xbf,
0xff,0x7f,0x00,0x00,0x00,0x00,0x00,0x00,0x00,0x00,
0x00,0x7f,0xff,0xbf,0x40,0x00,0x20,0x40,0x60,0x9f,
0xbf,0x5f,0x00,0x00,0x00,0x00,0x00,0x00,0x7f,0xff,
0xbf,0x40,0x00,0x20,0x40,0x60,0x9f,0xbf,0x5f,0x00,
0x00,0x00,0x00,0x00,0x00,0x30,0x8f,0xbf,0x7f,0x40,
0x30,0x10,0x00,0x3f,0x7f,0x7f,0x7f,0x7f,0x7f,0x7f,
0x5f,0x20,0x00,0x20,0x40,0x40,0x40,0x40,0x9f,0xff,
0xcf,0x6f,0x40,0x40,0x40,0x30,0x10,0x00,0x3f,0x7f,
0x7f,0x7f,0x7f,0x3f,0x00,0x00,0x00,0x00,0x00,0x00,
0x00,0x00,0x00,0x00,0x00,0x00,0x00,0x00,0x00,0x00,
0x00,0x00,0x00,0x00,0x00,0x00,0x00,0x40,0xbf,0xff,
0x7f,0x00,0x00,0x00,0x00,0x7f,0xff,0xbf,0x40,0x00,
0x00,0x00,0x40,0xbf,0xff,0x7f,0x00,0x5f,0xbf,0xcf,
0xef,0xff,0x7f,0x00,0x00,0x00,0x00,0x5f,0xbf,0x8f,
0x30,0x00,0x00,0x00,0x40,0xbf,0xff,0x7f,0x00,0x00,
0x00,0x00,0x00,0x00,0x00,0x00,0x40,0xbf,0xff,0x7f,
0x00,0x00,0x00,0x10,0x30,0x40,0x7f,0xbf,0xcf,0xef,
0xff,0x7f,0x00,0x00,0x00,0x00,0x00,0x00,0x00,0x00,
0x00,0x00,0x00,0x00,0x7f,0xff,0xbf,0x40,0x00,0x7f,
0xff,0xbf,0x40,0x00,0x7f,0xff,0xbf,0x40,0x00,0x00,
0x00,0x00,0x7f,0xff,0xff,0xff,0xff,0xff,0xff,0xff,
0xff,0xff,0xff,0xff,0xff,0xff,0xff,0xff,0xff,0xff,
0xff,0xff,0xff,0xff,0xbf,0x40,0x00,0x5f,0xbf,0x9f,
0x60,0x40,0x9f,0xff,0xcf,0x6f,0x40,0x7f,0xbf,0x8f,
0x30,0x00,0x7f,0xff,0xbf,0x40,0x00,0x00,0x00,0x40,
0xbf,0xff,0x7f,0x00,0x40,0xbf,0xff,0x7f,0x00,0x00,
0x00,0x00,0x00,0x00,0x00,0x00,0x00,0x7f,0xff,0xbf,
0x40,0x00,0x5f,0xbf,0x9f,0x60,0x40,0x20,0x00,0x00,
0x00,0x00,0x00,0x00,0x7f,0xff,0xbf,0x40,0x00,0x5f,
0xbf,0x9f,0x60,0x40,0x20,0x00,0x00,0x00,0x00,0x00,
0x00,0x10,0x30,0x40,0x7f,0xbf,0x8f,0x30,0x00,0x7f,
0xff,0xbf,0x40,0x00,0x7f,0xff,0xbf,0x40,0x00,0x5f,
0xbf,0xbf,0xbf,0xbf,0xdf,0xff,0xef,0xcf,0xbf,0xbf,
0xbf,0x8f,0x30,0x00,0x7f,0xff,0xbf,0x40,0x00,0x00,
0x00,0x00,0x00,0x00,0x00,0x00,0x00,0x00,0x00,0x00,
0x00,0x00,0x00,0x00,0x00,0x00,0x00,0x00,0x00,0x00,
0x00,0x00,0x00,0x40,0xbf,0xff,0x7f,0x00,0x00,0x00,
0x00,0x7f,0xff,0xbf,0x40,0x00,0x00,0x00,0x40,0xbf,
0xff,0x7f,0x00,0x20,0x40,0x6f,0xcf,0xff,0x7f,0x00,
0x00,0x00,0x00,0x20,0x40,0x30,0x10,0x00,0x00,0x00,
0x40,0xbf,0xff,0x7f,0x00,0x00,0x00,0x00,0x00,0x00,
0x00,0x00,0x40,0xbf,0xff,0x7f,0x00,0x00,0x00,0x30,
0x8f,0xbf,0x7f,0x40,0x6f,0xcf,0xff,0x7f,0x00,0x00,
0x00,0x00,0x00,0x00,0x00,0x00,0x00,0x00,0x00,0x00,
0x7f,0xff,0xbf,0x40,0x00,0x7f,0xff,0xbf,0x40,0x00,
0x7f,0xff,0xbf,0x40,0x00,0x00,0x00,0x00,0x5f,0xbf,
0xbf,0xbf,0xbf,0xdf,0xff,0xef,0xcf,0xbf,0xbf,0xbf,
0xcf,0xef,0xff,0xdf,0xbf,0xbf,0xbf,0xbf,0xbf,0xbf,
0x8f,0x30,0x00,0x7f,0xff,0xbf,0x40,0x00,0x7f,0xff,
0xbf,0x40,0x00,0x7f,0xff,0xbf,0x40,0x00,0x7f,0xff,
0xbf,0x40,0x00,0x00,0x00,0x40,0xbf,0xff,0x7f,0x00,
0x40,0xbf,0xff,0x7f,0x00,0x00,0x00,0x00,0x00,0x00,
0x00,0x00,0x00,0x7f,0xff,0xbf,0x40,0x00,0x7f,0xff,
0xbf,0x40,0x00,0x00,0x00,0x00,0x00,0x00,0x00,0x00,
0x7f,0xff,0xbf,0x40,0x00,0x7f,0xff,0xbf,0x40,0x00,
0x00,0x00,0x00,0x00,0x00,0x00,0x00,0x00,0x00,0x00,
0x7f,0xff,0xbf,0x40,0x00,0x5f,0xbf,0x8f,0x30,0x00,
0x5f,0xbf,0x8f,0x30,0x00,0x7f,0xff,0xff,0xff,0xff,
0xff,0xff,0xff,0xff,0xff,0xff,0xff,0xbf,0x40,0x00,
0x5f,0xbf,0x8f,0x30,0x00,0x00,0x00,0x00,0x00,0x00,
0x00,0x00,0x00,0x00,0x00,0x00,0x00,0x00,0x00,0x00,
0x00,0x00,0x00,0x00,0x00,0x00,0x00,0x00,0x00,0x40,
0xbf,0xff,0x7f,0x00,0x00,0x00,0x00,0x7f,0xff,0xbf,
0x40,0x00,0x00,0x00,0x40,0xbf,0xff,0x7f,0x00,0x00,
0x00,0x40,0xbf,0xff,0x7f,0x00,0x00,0x00,0x00,0x00,
0x00,0x00,0x00,0x00,0x00,0x00,0x40,0xbf,0xff,0x7f,
0x00,0x00,0x00,0x00,0x00,0x00,0x00,0x00,0x40,0xbf,
0xff,0x7f,0x00,0x00,0x00,0x40,0xbf,0xff,0x7f,0x00,
0x40,0xbf,0xff,0x7f,0x00,0x00,0x00,0x00,0x00,0x00,
0x00,0x00,0x00,0x00,0x00,0x00,0x7f,0xff,0xbf,0x40,
0x00,0x3f,0x7f,0x5f,0x20,0x00,0x3f,0x7f,0x5f,0x20,
0x00,0x00,0x00,0x00,0x20,0x40,0x40,0x40,0x40,0x9f,
0xff,0xcf,0x6f,0x40,0x40,0x40,0x6f,0xcf,0xff,0x9f,
0x40,0x40,0x40,0x40,0x40,0x40,0x30,0x10,0x00,0x7f,
0xff,0xbf,0x40,0x00,0x7f,0xff,0xbf,0x40,0x00,0x3f,
0x7f,0x5f,0x20,0x00,0x3f,0x7f,0x7f,0x7f,0x7f,0x7f,
0x7f,0x7f,0x7f,0x7f,0x7f,0x7f,0x7f,0x7f,0x7f,0x3f,
0x00,0x00,0x00,0x00,0x00,0x00,0x00,0x00,0x00,0x3f,
0x7f,0x7f,0x7f,0x7f,0x7f,0x7f,0x5f,0x20,0x00,0x00,
0x00,0x00,0x00,0x00,0x00,0x00,0x3f,0x7f,0x5f,0x20,
0x00,0x7f,0xff,0xbf,0x40,0x00,0x00,0x00,0x00,0x00,
0x00,0x00,0x00,0x00,0x00,0x00,0x7f,0xff,0xbf,0x40,
0x00,0x20,0x40,0x30,0x10,0x00,0x20,0x40,0x30,0x10,
0x00,0x3f,0x7f,0x7f,0x7f,0x7f,0xbf,0xff,0xdf,0x9f,
0x7f,0x7f,0x7f,0x5f,0x20,0x00,0x20,0x40,0x30,0x10,
0x00,0x00,0x00,0x00,0x00,0x00,0x00,0x00,0x00,0x00,
0x00,0x00,0x00,0x00,0x00,0x00,0x00,0x00,0x00,0x00,
0x00,0x00,0x00,0x3f,0x7f,0x7f,0x7f,0x7f,0x3f,0x00,
0x00,0x00,0x00,0x7f,0xff,0xbf,0x40,0x00,0x00,0x00,
0x40,0xbf,0xff,0x7f,0x00,0x00,0x00,0x40,0xbf,0xff,
0x7f,0x00,0x00,0x00,0x00,0x00,0x00,0x00,0x00,0x00,
0x00,0x00,0x40,0xbf,0xff,0x7f,0x00,0x00,0x00,0x20,
0x5f,0x7f,0x7f,0x7f,0x7f,0x7f,0x7f,0x3f,0x00,0x00,
0x00,0x40,0xbf,0xff,0x7f,0x00,0x40,0xbf,0xff,0x7f,
0x00,0x00,0x00,0x00,0x00,0x00,0x00,0x00,0x00,0x00,
0x00,0x00,0x7f,0xff,0xbf,0x40,0x00,0x00,0x00,0x00,
0x00,0x00,0x00,0x00,0x00,0x00,0x00,0x00,0x00,0x00,
0x00,0x00,0x00,0x00,0x00,0x7f,0xff,0xbf,0x40,0x00,
0x00,0x00,0x40,0xbf,0xff,0x7f,0x00,0x00,0x00,0x00,
0x00,0x00,0x00,0x00,0x00,0x7f,0xff,0xbf,0x40,0x00,
0x7f,0xff,0xbf,0x40,0x00,0x00,0x00,0x00,0x00,0x00,
0x00,0x00,0x40,0xbf,0xff,0xff,0xff,0xbf,0x40,0x00,
0x7f,0xff,0xbf,0x40,0x00,0x00,0x00,0x00,0x00,0x00,
0x00,0x00,0x00,0x00,0x00,0x00,0x00,0x40,0xbf,0xff,
0x7f,0x00,0x00,0x00,0x00,0x00,0x00,0x00,0x00,0x00,
0x00,0x00,0x00,0x00,0x00,0x00,0x00,0x7f,0xff,0xbf,
0x40,0x00,0x00,0x00,0x00,0x00,0x00,0x00,0x00,0x00,
0x00,0x00,0x7f,0xff,0xbf,0x40,0x00,0x00,0x00,0x00,
0x00,0x00,0x00,0x00,0x00,0x00,0x00,0x00,0x00,0x00,
0x00,0x00,0x7f,0xff,0xbf,0x40,0x00,0x00,0x00,0x00,
0x00,0x00,0x00,0x00,0x00,0x00,0x00,0x00,0x00,0x00,
0x00,0x00,0x00,0x00,0x00,0x00,0x00,0x00,0x00,0x00,
0x00,0x00,0x00,0x00,0x00,0x00,0x00,0x00,0x00,0x7f,
0xff,0xbf,0x40,0x00,0x00,0x00,0x00,0x00,0x00,0x7f,
0xff,0xbf,0x40,0x00,0x00,0x00,0x40,0xbf,0xff,0x7f,
0x00,0x00,0x00,0x40,0xbf,0xff,0x7f,0x00,0x00,0x00,
0x00,0x00,0x00,0x00,0x00,0x00,0x00,0x00,0x40,0xbf,
0xff,0x7f,0x00,0x00,0x00,0x40,0xbf,0xff,0xff,0xff,
0xbf,0x40,0x00,0x00,0x00,0x00,0x00,0x40,0xbf,0xff,
0x7f,0x00,0x40,0xbf,0xff,0x7f,0x00,0x00,0x00,0x00,
0x00,0x00,0x00,0x00,0x00,0x00,0x00,0x00,0x7f,0xff,
0xbf,0x40,0x00,0x00,0x00,0x00,0x00,0x00,0x00,0x00,
0x00,0x00,0x00,0x00,0x00,0x00,0x00,0x00,0x20,0x5f,
0x7f,0x7f,0x7f,0x5f,0x20,0x00,0x3f,0x7f,0x7f,0x7f,
0x7f,0x3f,0x00,0x00,0x00,0x00,0x00,0x00,0x00,0x00,
0x00,0x5f,0xbf,0x9f,0x60,0x40,0x9f,0xff,0xcf,0x6f,
0x40,0x20,0x00,0x00,0x00,0x00,0x00,0x00,0x30,0x8f,
0xbf,0xbf,0xbf,0x8f,0x30,0x00,0x7f,0xff,0xbf,0x40,
0x00,0x00,0x00,0x00,0x00,0x00,0x00,0x00,0x00,0x00,
0x00,0x00,0x00,0x40,0xbf,0xff,0x9f,0x40,0x30,0x10,
0x00,0x00,0x00,0x00,0x00,0x00,0x00,0x00,0x00,0x00,
0x00,0x00,0x00,0x7f,0xff,0xbf,0x40,0x00,0x00,0x00,
0x00,0x00,0x00,0x00,0x00,0x00,0x00,0x00,0x7f,0xff,
0xbf,0x40,0x00,0x00,0x00,0x00,0x00,0x00,0x00,0x00,
0x00,0x00,0x00,0x00,0x00,0x00,0x00,0x00,0x7f,0xff,
0xbf,0x40,0x00,0x00,0x00,0x00,0x00,0x00,0x00,0x00,
0x00,0x00,0x00,0x00,0x00,0x00,0x00,0x00,0x00,0x00,
0x00,0x00,0x00,0x00,0x00,0x00,0x00,0x00,0x00,0x00,
0x00,0x00,0x00,0x00,0x00,0x7f,0xff,0xbf,0x40,0x00,
0x00,0x00,0x00,0x00,0x00,0x7f,0xff,0xbf,0x40,0x00,
0x00,0x00,0x40,0xbf,0xff,0x7f,0x00,0x00,0x00,0x40,
0xbf,0xff,0x7f,0x00,0x00,0x00,0x00,0x00,0x00,0x00,
0x00,0x00,0x20,0x40,0x60,0x9f,0xbf,0x5f,0x00,0x00,
0x00,0x30,0x8f,0xbf,0xbf,0xbf,0x9f,0x60,0x40,0x20,
0x00,0x20,0x40,0x60,0x9f,0xbf,0x5f,0x00,0x40,0xbf,
0xff,0x7f,0x00,0x00,0x00,0x00,0x00,0x00,0x00,0x00,
0x00,0x00,0x00,0x00,0x7f,0xff,0xbf,0x40,0x00,0x00,
0x00,0x00,0x00,0x00,0x00,0x00,0x00,0x00,0x00,0x00,
0x00,0x00,0x00,0x00,0x40,0xbf,0xff,0x7f,0x00,0x00,
0x00,0x00,0x7f,0xff,0xbf,0x40,0x00,0x00,0x00,0x00,
0x00,0x00,0x00,0x00,0x00,0x00,0x00,0x20,0x40,0x60,
0x9f,0xbf,0xdf,0xff,0xef,0xcf,0xbf,0x5f,0x00,0x00,
0x00,0x00,0x00,0x00,0x10,0x30,0x40,0x40,0x40,0x30,
0x10,0x00,0x7f,0xff,0xbf,0x40,0x00,0x00,0x00,0x00,
0x00,0x00,0x00,0x00,0x00,0x00,0x00,0x00,0x00,0x40,
0xbf,0xff,0xdf,0xbf,0x8f,0x30,0x00,0x00,0x00,0x00,
0x00,0x00,0x00,0x00,0x00,0x00,0x00,0x00,0x00,0x7f,
0xff,0xbf,0x40,0x00,0x00,0x00,0x00,0x00,0x00,0x00,
0x00,0x00,0x00,0x00,0x7f,0xff,0xbf,0x40,0x00,0x00,
0x00,0x00,0x00,0x00,0x00,0x00,0x00,0x00,0x00,0x00,
0x00,0x00,0x00,0x00,0x7f,0xff,0xbf,0x40,0x00,0x00,
0x00,0x00,0x00,0x00,0x00,0x00,0x00,0x00,0x00,0x00,
0x00,0x00,0x00,0x00,0x00,0x00,0x00,0x00,0x00,0x00,
0x00,0x00,0x00,0x00,0x00,0x00,0x00,0x00,0x00,0x00,
0x00,0x7f,0xff,0xbf,0x40,0x00,0x00,0x00,0x00,0x00,
0x00,0x7f,0xff,0xbf,0x40,0x00,0x00,0x00,0x40,0xbf,
0xff,0x7f,0x00,0x00,0x00,0x40,0xbf,0xff,0x7f,0x00,
0x00,0x00,0x00,0x00,0x00,0x00,0x00,0x00,0x5f,0xbf,
0x9f,0x60,0x40,0x20,0x00,0x00,0x00,0x10,0x30,0x40,
0x40,0x40,0x60,0x9f,0xbf,0x5f,0x00,0x5f,0xbf,0x9f,
0x60,0x40,0x20,0x00,0x40,0xbf,0xff,0x7f,0x00,0x00,
0x00,0x00,0x00,0x00,0x00,0x00,0x00,0x00,0x00,0x00,
0x7f,0xff,0xbf,0x40,0x00,0x00,0x00,0x00,0x00,0x00,
0x00,0x00,0x00,0x00,0x00,0x10,0x30,0x40,0x40,0x40,
0x6f,0xcf,0xff,0x9f,0x40,0x40,0x40,0x40,0x9f,0xff,
0xcf,0x6f,0x40,0x40,0x40,0x30,0x10,0x00,0x00,0x00,
0x00,0x00,0x00,0x00,0x00,0x40,0xbf,0xff,0xff,0xff,
0xff,0xff,0xff,0x7f,0x00,0x00,0x00,0x00,0x00,0x00,
0x00,0x00,0x00,0x00,0x00,0x00,0x00,0x00,0x7f,0xff,
0xbf,0x40,0x00,0x00,0x00,0x00,0x00,0x00,0x00,0x00,
0x00,0x00,0x00,0x00,0x00,0x40,0xbf,0xff,0xff,0xff,
0xbf,0x40,0x00,0x00,0x00,0x00,0x00,0x00,0x00,0x00,
0x00,0x00,0x00,0x00,0x00,0x7f,0xff,0xbf,0x40,0x00,
0x00,0x00,0x00,0x00,0x00,0x00,0x00,0x00,0x00,0x00,
0x7f,0xff,0xbf,0x40,0x00,0x00,0x00,0x00,0x00,0x00,
0x00,0x00,0x00,0x00,0x00,0x00,0x00,0x00,0x00,0x00,
0x7f,0xff,0xbf,0x40,0x00,0x00,0x00,0x00,0x00,0x00,
0x00,0x00,0x00,0x00,0x00,0x00,0x00,0x00,0x00,0x00,
0x00,0x00,0x00,0x00,0x00,0x00,0x00,0x00,0x00,0x00,
0x00,0x00,0x00,0x00,0x00,0x00,0x00,0x7f,0xff,0xbf,
0x40,0x00,0x00,0x00,0x00,0x00,0x00,0x7f,0xff,0xbf,
0x40,0x00,0x00,0x00,0x40,0xbf,0xff,0x7f,0x00,0x00,
0x00,0x40,0xbf,0xff,0x7f,0x00,0x00,0x00,0x00,0x00,
0x00,0x00,0x00,0x00,0x7f,0xff,0xbf,0x40,0x00,0x00,
0x00,0x00,0x00,0x00,0x00,0x00,0x00,0x00,0x40,0xbf,
0xff,0x7f,0x00,0x7f,0xff,0xbf,0x40,0x00,0x00,0x00,
0x40,0xbf,0xff,0x7f,0x00,0x00,0x00,0x00,0x00,0x00,
0x00,0x00,0x00,0x00,0x00,0x00,0x7f,0xff,0xbf,0x40,
0x00,0x00,0x00,0x00,0x00,0x00,0x00,0x00,0x00,0x00,
0x00,0x30,0x8f,0xbf,0xbf,0xbf,0xcf,0xef,0xff,0xdf,
0xbf,0xbf,0xbf,0xbf,0xdf,0xff,0xef,0xcf,0xbf,0xbf,
0xbf,0x8f,0x30,0x00,0x00,0x00,0x00,0x00,0x00,0x00,
0x00,0x20,0x5f,0x7f,0xbf,0xff,0xdf,0x9f,0x7f,0x7f,
0x7f,0x5f,0x20,0x00,0x00,0x00,0x00,0x00,0x00,0x00,
0x00,0x00,0x00,0x00,0x7f,0xff,0xbf,0x40,0x00,0x3f,
0x7f,0x7f,0x7f,0x7f,0x3f,0x00,0x00,0x00,0x00,0x3f,
0x7f,0x7f,0x7f,0x7f,0x7f,0x7f,0x7f,0x7f,0x7f,0x3f,
0x00,0x20,0x5f,0x7f,0x3f,0x00,0x00,0x00,0x00,0x00,
0x00,0x7f,0xff,0xbf,0x40,0x00,0x00,0x00,0x00,0x00,
0x00,0x00,0x00,0x00,0x00,0x00,0x7f,0xff,0xbf,0x40,
0x00,0x00,0x00,0x00,0x00,0x00,0x00,0x00,0x00,0x00,
0x00,0x00,0x00,0x00,0x00,0x00,0x3f,0x7f,0x5f,0x20,
0x00,0x00,0x00,0x00,0x00,0x00,0x00,0x00,0x00,0x00,
0x00,0x00,0x00,0x00,0x00,0x00,0x00,0x00,0x00,0x00,
0x00,0x00,0x00,0x00,0x00,0x00,0x00,0x00,0x00,0x00,
0x20,0x5f,0x7f,0x7f,0x7f,0x5f,0x20,0x00,0x00,0x00,
0x00,0x00,0x00,0x7f,0xff,0xbf,0x40,0x00,0x00,0x00,
0x40,0xbf,0xff,0x7f,0x00,0x00,0x00,0x40,0xbf,0xff,
0x7f,0x00,0x00,0x00,0x00,0x00,0x00,0x20,0x5f,0x7f,
0x7f,0x7f,0x5f,0x20,0x00,0x00,0x00,0x00,0x00,0x00,
0x00,0x00,0x00,0x00,0x40,0xbf,0xff,0x7f,0x00,0x7f,
0xff,0xdf,0x9f,0x7f,0x7f,0x7f,0x9f,0xdf,0xff,0x7f,
0x00,0x00,0x00,0x00,0x00,0x00,0x00,0x00,0x00,0x00,
0x00,0x00,0x7f,0xff,0xbf,0x40,0x00,0x00,0x00,0x00,
0x00,0x00,0x00,0x00,0x00,0x00,0x00,0x40,0xbf,0xff,
0xff,0xff,0xff,0xff,0xff,0xff,0xff,0xff,0xff,0xff,
0xff,0xff,0xff,0xff,0xff,0xff,0xff,0xbf,0x40,0x00,
0x00,0x00,0x00,0x00,0x00,0x00,0x00,0x00,0x00,0x00,
0x7f,0xff,0xbf,0x40,0x00,0x7f,0xff,0xbf,0x40,0x00,
0x00,0x00,0x00,0x00,0x00,0x00,0x00,0x00,0x00,0x00,
0x7f,0xff,0xbf,0x40,0x00,0x7f,0xff,0xff,0xff,0xff,
0x7f,0x00,0x00,0x00,0x00,0x7f,0xff,0xbf,0x40,0x00,
0x00,0x00,0x40,0xbf,0xff,0x7f,0x00,0x40,0xbf,0xff,
0x7f,0x00,0x00,0x00,0x00,0x00,0x00,0x7f,0xff,0xbf,
0x40,0x00,0x00,0x00,0x00,0x00,0x00,0x00,0x00,0x00,
0x00,0x00,0x7f,0xff,0xbf,0x40,0x00,0x00,0x00,0x00,
0x00,0x00,0x00,0x00,0x00,0x00,0x00,0x00,0x00,0x00,
0x00,0x00,0x00,0x00,0x00,0x00,0x00,0x00,0x00,0x00,
0x00,0x00,0x00,0x00,0x00,0x00,0x00,0x00,0x00,0x00,
0x00,0x00,0x00,0x00,0x00,0x00,0x00,0x00,0x00,0x00,
0x00,0x00,0x00,0x00,0x00,0x00,0x40,0xbf,0xff,0x7f,
0x00,0x00,0x00,0x00,0x00,0x00,0x00,0x00,0x00,0x7f,
0xff,0xbf,0x40,0x00,0x00,0x00,0x40,0xbf,0xff,0x7f,
0x00,0x00,0x00,0x40,0xbf,0xff,0x7f,0x00,0x00,0x00,
0x00,0x00,0x00,0x40,0xbf,0xff,0x7f,0x00,0x00,0x00,
0x00,0x00,0x00,0x00,0x00,0x00,0x00,0x00,0x00,0x00,
0x40,0xbf,0xff,0x7f,0x00,0x7f,0xff,0xff,0xff,0xff,
0xff,0xff,0xff,0xff,0xff,0x7f,0x00,0x00,0x00,0x00,
0x00,0x00,0x00,0x00,0x00,0x00,0x00,0x00,0x7f,0xff,
0xbf,0x40,0x00,0x00,0x00,0x00,0x00,0x00,0x00,0x00,
0x00,0x00,0x00,0x20,0x5f,0x7f,0xbf,0xff,0xdf,0x9f,
0x7f,0x7f,0x7f,0x9f,0xdf,0xff,0xbf,0x7f,0x7f,0x7f,
0x7f,0x7f,0x7f,0x5f,0x20,0x00,0x00,0x00,0x00,0x00,
0x00,0x20,0x40,0x30,0x10,0x00,0x7f,0xff,0xbf,0x40,
0x00,0x7f,0xff,0xbf,0x40,0x00,0x00,0x00,0x00,0x00,
0x00,0x00,0x00,0x10,0x30,0x40,0x7f,0xbf,0x9f,0x60,
0x40,0x7f,0xbf,0xbf,0xbf,0xbf,0x7f,0x40,0x30,0x10,
0x00,0x7f,0xff,0xbf,0x40,0x00,0x00,0x00,0x30,0x8f,
0xbf,0x7f,0x40,0x6f,0xcf,0xff,0x7f,0x00,0x00,0x00,
0x00,0x00,0x00,0x7f,0xff,0xbf,0x40,0x00,0x00,0x00,
0x00,0x00,0x00,0x00,0x00,0x00,0x00,0x00,0x7f,0xff,
0xbf,0x40,0x00,0x00,0x00,0x00,0x00,0x00,0x00,0x00,
0x00,0x00,0x00,0x00,0x00,0x00,0x00,0x00,0x00,0x00,
0x00,0x00,0x00,0x00,0x00,0x00,0x00,0x00,0x00,0x00,
0x00,0x00,0x00,0x00,0x00,0x00,0x00,0x00,0x00,0x00,
0x00,0x00,0x00,0x00,0x00,0x00,0x00,0x00,0x00,0x00,
0x00,0x00,0x40,0xbf,0xff,0x7f,0x00,0x00,0x00,0x00,
0x00,0x00,0x00,0x00,0x00,0x7f,0xff,0xbf,0x40,0x00,
0x00,0x00,0x40,0xbf,0xff,0x7f,0x00,0x00,0x00,0x40,
0xbf,0xff,0x7f,0x00,0x00,0x00,0x00,0x20,0x40,0x60,
0x9f,0xbf,0x5f,0x00,0x00,0x00,0x00,0x00,0x00,0x00,
0x00,0x00,0x00,0x00,0x00,0x00,0x40,0xbf,0xff,0x7f,
0x00,0x5f,0xbf,0xbf,0xbf,0xbf,0xbf,0xbf,0xcf,0xef,
0xff,0x7f,0x00,0x00,0x00,0x00,0x00,0x00,0x00,0x00,
0x00,0x00,0x00,0x00,0x7f,0xff,0xbf,0x40,0x00,0x00,
0x00,0x00,0x00,0x00,0x00,0x00,0x00,0x00,0x00,0x00,
0x00,0x00,0x7f,0xff,0xbf,0x40,0x00,0x00,0x00,0x40,
0xbf,0xff,0x7f,0x00,0x00,0x00,0x00,0x00,0x00,0x00,
0x00,0x00,0x00,0x00,0x00,0x00,0x00,0x5f,0xbf,0x8f,
0x30,0x00,0x7f,0xff,0xbf,0x40,0x00,0x7f,0xff,0xbf,
0x40,0x00,0x00,0x00,0x00,0x00,0x00,0x00,0x00,0x30,
0x8f,0xbf,0x7f,0x40,0x60,0x9f,0xbf,0x7f,0x40,0x40,
0x40,0x40,0x7f,0xbf,0x8f,0x30,0x00,0x7f,0xff,0xbf,
0x40,0x00,0x00,0x00,0x10,0x30,0x40,0x7f,0xbf,0xcf,
0xef,0xff,0x7f,0x00,0x00,0x00,0x00,0x00,0x00,0x7f,
0xff,0xbf,0x40,0x00,0x00,0x00,0x00,0x00,0x00,0x00,
0x00,0x00,0x00,0x00,0x7f,0xff,0xbf,0x40,0x00,0x00,
0x00,0x00,0x00,0x00,0x00,0x00,0x00,0x00,0x00,0x00,
0x00,0x00,0x00,0x00,0x00,0x00,0x00,0x00,0x00,0x00,
0x00,0x00,0x00,0x00,0x00,0x00,0x00,0x00,0x00,0x00,
0x00,0x00,0x00,0x00,0x00,0x00,0x00,0x00,0x00,0x00,
0x00,0x00,0x00,0x00,0x00,0x00,0x00,0x00,0x40,0xbf,
0xff,0x7f,0x00,0x00,0x00,0x00,0x00,0x00,0x00,0x00,
0x00,0x7f,0xff,0xbf,0x40,0x00,0x00,0x00,0x40,0xbf,
0xff,0x7f,0x00,0x00,0x00,0x40,0xbf,0xff,0x7f,0x00,
0x00,0x00,0x00,0x5f,0xbf,0x9f,0x60,0x40,0x20,0x00,
0x00,0x00,0x00,0x00,0x00,0x00,0x00,0x00,0x00,0x00,
0x00,0x00,0x40,0xbf,0xff,0x7f,0x00,0x20,0x40,0x40,
0x40,0x40,0x40,0x40,0x6f,0xcf,0xff,0x7f,0x00,0x00,
0x00,0x00,0x00,0x00,0x00,0x00,0x00,0x00,0x00,0x00,
0x7f,0xff,0xbf,0x40,0x00,0x00,0x00,0x00,0x00,0x00,
0x00,0x00,0x00,0x00,0x00,0x00,0x00,0x00,0x7f,0xff,
0xbf,0x40,0x00,0x00,0x00,0x40,0xbf,0xff,0x7f,0x00,
0x00,0x00,0x00,0x00,0x00,0x00,0x00,0x00,0x00,0x00,
0x00,0x00,0x00,0x7f,0xff,0xbf,0x40,0x00,0x7f,0xff,
0xbf,0x40,0x00,0x7f,0xff,0xbf,0x40,0x00,0x00,0x00,
0x00,0x00,0x00,0x00,0x00,0x40,0xbf,0xff,0x7f,0x00,
0x40,0xbf,0xff,0x7f,0x00,0x00,0x00,0x00,0x7f,0xff,
0xbf,0x40,0x00,0x7f,0xff,0xbf,0x40,0x00,0x00,0x00,
0x00,0x00,0x00,0x7f,0xff,0xff,0xff,0xff,0x7f,0x00,
0x00,0x00,0x00,0x00,0x00,0x7f,0xff,0xbf,0x40,0x00,
0x00,0x00,0x00,0x00,0x00,0x00,0x00,0x00,0x00,0x00,
0x7f,0xff,0xbf,0x40,0x00,0x00,0x00,0x00,0x00,0x00,
0x00,0x00,0x00,0x00,0x00,0x00,0x00,0x00,0x00,0x00,
0x00,0x00,0x00,0x00,0x00,0x00,0x00,0x00,0x00,0x00,
0x00,0x00,0x00,0x00,0x00,0x00,0x00,0x00,0x00,0x00,
0x00,0x00,0x00,0x00,0x00,0x00,0x00,0x00,0x00,0x00,
0x00,0x00,0x00,0x00,0x40,0xbf,0xff,0x7f,0x00,0x00,
0x00,0x00,0x00,0x00,0x00,0x00,0x00,0x7f,0xff,0xbf,
0x40,0x00,0x00,0x00,0x40,0xbf,0xff,0x7f,0x00,0x00,
0x00,0x40,0xbf,0xff,0x7f,0x00,0x00,0x00,0x00,0x7f,
0xff,0xbf,0x40,0x00,0x00,0x00,0x00,0x00,0x00,0x00,
0x00,0x00,0x00,0x00,0x00,0x00,0x00,0x00,0x40,0xbf,
0xff,0x7f,0x00,0x00,0x00,0x00,0x00,0x00,0x00,0x00,
0x40,0xbf,0xff,0x7f,0x00,0x00,0x00,0x00,0x00,0x00,
0x00,0x00,0x00,0x00,0x00,0x00,0x3f,0x7f,0x5f,0x20,
0x00,0x00,0x00,0x00,0x00,0x00,0x00,0x00,0x00,0x00,
0x00,0x00,0x00,0x00,0x7f,0xff,0xbf,0x40,0x00,0x00,
0x00,0x40,0xbf,0xff,0x7f,0x00,0x00,0x00,0x00,0x00,
0x00,0x00,0x00,0x00,0x00,0x00,0x00,0x00,0x00,0x3f,
0x7f,0x7f,0x7f,0x7f,0xbf,0xff,0xdf,0x9f,0x7f,0x7f,
0x7f,0x5f,0x20,0x00,0x00,0x00,0x00,0x00,0x00,0x00,
0x00,0x40,0xbf,0xff,0x7f,0x00,0x40,0xbf,0xff,0x7f,
0x00,0x00,0x00,0x00,0x7f,0xff,0xbf,0x40,0x00,0x7f,
0xff,0xbf,0x40,0x00,0x00,0x00,0x00,0x00,0x00,0x7f,
0xff,0xdf,0x9f,0x7f,0x3f,0x00,0x00,0x00,0x00,0x00,
0x00,0x7f,0xff,0xbf,0x40,0x00,0x00,0x00,0x00,0x00,
0x00,0x00,0x00,0x00,0x00,0x00,0x7f,0xff,0xbf,0x40,
0x00,0x00,0x00,0x00,0x00,0x00,0x00,0x00,0x00,0x00,
0x00,0x00,0x00,0x00,0x00,0x00,0x00,0x00,0x00,0x00,
0x00,0x00,0x00,0x00,0x00,0x00,0x00,0x00,0x00,0x00,
0x00,0x00,0x00,0x00,0x00,0x00,0x00,0x00,0x00,0x00,
0x00,0x00,0x00,0x00,0x00,0x00,0x00,0x00,0x3f,0x7f,
0x7f,0x7f,0x7f,0x3f,0x00,0x00,0x00,0x00,0x00,0x00,
0x00,0x00,0x00,0x7f,0xff,0xbf,0x40,0x00,0x00,0x00,
0x40,0xbf,0xff,0x7f,0x00,0x00,0x00,0x40,0xbf,0xff,
0x7f,0x00,0x00,0x00,0x00,0x7f,0xff,0xbf,0x40,0x00,
0x00,0x00,0x00,0x00,0x00,0x00,0x00,0x3f,0x7f,0x5f,
0x20,0x00,0x00,0x00,0x40,0xbf,0xff,0x7f,0x00,0x00,
0x00,0x00,0x00,0x00,0x00,0x00,0x40,0xbf,0xff,0x7f,
0x00,0x00,0x00,0x00,0x00,0x00,0x00,0x00,0x00,0x00,
0x00,0x00,0x00,0x00,0x00,0x00,0x00,0x00,0x00,0x00,
0x00,0x00,0x00,0x00,0x00,0x00,0x00,0x00,0x00,0x00,
0x7f,0xff,0xbf,0x40,0x00,0x00,0x00,0x40,0xbf,0xff,
0x7f,0x00,0x00,0x00,0x00,0x00,0x00,0x00,0x00,0x00,
0x00,0x00,0x00,0x00,0x00,0x00,0x00,0x40,0xbf,0xff,
0xff,0xff,0xff,0xff,0xff,0x7f,0x00,0x00,0x00,0x00,
0x00,0x00,0x00,0x00,0x00,0x00,0x00,0x40,0xbf,0xff,
0x7f,0x00,0x40,0xbf,0xff,0x7f,0x00,0x00,0x00,0x00,
0x7f,0xff,0xbf,0x40,0x00,0x7f,0xff,0xbf,0x40,0x00,
0x00,0x00,0x00,0x00,0x00,0x7f,0xff,0xbf,0x40,0x00,
0x00,0x00,0x00,0x00,0x00,0x00,0x00,0x7f,0xff,0xbf,
0x40,0x00,0x00,0x00,0x00,0x00,0x00,0x00,0x00,0x00,
0x00,0x00,0x7f,0xff,0xbf,0x40,0x00,0x00,0x00,0x00,
0x00,0x00,0x00,0x00,0x00,0x00,0x00,0x00,0x00,0x00,
0x00,0x00,0x00,0x00,0x00,0x00,0x00,0x00,0x00,0x00,
0x00,0x00,0x00,0x00,0x00,0x00,0x00,0x00,0x00,0x00,
0x00,0x00,0x00,0x00,0x00,0x00,0x00,0x00,0x00,0x00,
0x00,0x00,0x00,0x00,0x7f,0xff,0xbf,0x40,0x00,0x00,
0x00,0x00,0x00,0x00,0x00,0x00,0x00,0x00,0x00,0x7f,
0xff,0xbf,0x40,0x00,0x00,0x00,0x40,0xbf,0xff,0x7f,
0x00,0x00,0x00,0x40,0xbf,0xff,0x7f,0x00,0x00,0x00,
0x00,0x7f,0xff,0xbf,0x40,0x00,0x00,0x00,0x00,0x00,
0x00,0x00,0x00,0x7f,0xff,0xbf,0x40,0x00,0x00,0x00,
0x40,0xbf,0xff,0x7f,0x00,0x00,0x00,0x00,0x00,0x00,
0x00,0x00,0x40,0xbf,0xff,0x7f,0x00,0x00,0x00,0x00,
0x00,0x00,0x00,0x00,0x00,0x00,0x00,0x00,0x20,0x40,
0x30,0x10,0x00,0x00,0x00,0x00,0x00,0x00,0x00,0x00,
0x00,0x00,0x00,0x00,0x00,0x00,0x3f,0x7f,0x5f,0x20,
0x00,0x00,0x00,0x20,0x5f,0x7f,0x3f,0x00,0x00,0x00,
0x00,0x00,0x00,0x00,0x00,0x00,0x00,0x00,0x00,0x00,
0x00,0x00,0x00,0x30,0x8f,0xbf,0xdf,0xff,0xef,0xcf,
0xbf,0x5f,0x00,0x00,0x00,0x00,0x00,0x00,0x00,0x00,
0x00,0x20,0x40,0x60,0x9f,0xbf,0x5f,0x00,0x30,0x8f,
0xbf,0x7f,0x40,0x40,0x40,0x40,0x7f,0xbf,0x8f,0x30,
0x00,0x5f,0xbf,0x9f,0x60,0x40,0x40,0x40,0x40,0x40,
0x40,0x7f,0xbf,0x9f,0x60,0x40,0x20,0x00,0x00,0x00,
0x00,0x00,0x00,0x5f,0xbf,0x9f,0x60,0x40,0x20,0x00,
0x00,0x00,0x00,0x00,0x00,0x10,0x30,0x40,0x7f,0xbf,
0x8f,0x30,0x00,0x00,0x00,0x00,0x00,0x00,0x00,0x00,
0x00,0x00,0x00,0x00,0x00,0x00,0x00,0x00,0x00,0x00,
0x00,0x00,0x00,0x00,0x00,0x00,0x00,0x00,0x00,0x00,
0x00,0x00,0x00,0x00,0x00,0x00,0x00,0x00,0x00,0x00,
0x00,0x00,0x00,0x00,0x00,0x00,0x00,0x00,0x00,0x00,
0x7f,0xff,0xbf,0x40,0x00,0x00,0x00,0x00,0x00,0x00,
0x00,0x00,0x00,0x00,0x00,0x5f,0xbf,0x9f,0x60,0x40,
0x40,0x40,0x60,0x9f,0xbf,0x5f,0x00,0x20,0x40,0x6f,
0xcf,0xff,0x9f,0x40,0x30,0x10,0x00,0x7f,0xff,0xcf,
0x6f,0x40,0x40,0x40,0x40,0x40,0x40,0x20,0x00,0x5f,
0xbf,0x9f,0x60,0x40,0x40,0x40,0x60,0x9f,0xbf,0x5f,
0x00,0x00,0x00,0x00,0x00,0x00,0x00,0x00,0x40,0xbf,
0xff,0x7f,0x00,0x00,0x00,0x00,0x00,0x00,0x00,0x00,
0x00,0x00,0x00,0x00,0x5f,0xbf,0x8f,0x30,0x00,0x00,
0x00,0x00,0x00,0x00,0x00,0x00,0x00,0x00,0x00,0x00,
0x00,0x00,0x00,0x00,0x00,0x00,0x00,0x00,0x00,0x00,
0x00,0x00,0x00,0x00,0x00,0x00,0x00,0x00,0x00,0x00,
0x00,0x00,0x00,0x00,0x00,0x00,0x00,0x00,0x00,0x10,
0x30,0x40,0x9f,0xff,0xcf,0x6f,0x40,0x20,0x00,0x00,
0x00,0x00,0x00,0x00,0x00,0x00,0x00,0x5f,0xbf,0x9f,
0x60,0x40,0x20,0x00,0x10,0x30,0x40,0x7f,0xbf,0xbf,
0xbf,0xbf,0x7f,0x40,0x30,0x10,0x00,0x20,0x40,0x60,
0x9f,0xbf,0xbf,0xbf,0xbf,0xbf,0xbf,0x7f,0x40,0x60,
0x9f,0xbf,0x5f,0x00,0x00,0x00,0x00,0x00,0x00,0x20,
0x40,0x60,0x9f,0xbf,0x5f,0x00,0x00,0x00,0x00,0x00,
0x00,0x30,0x8f,0xbf,0x7f,0x40,0x30,0x10,0x00,0x00,
0x00,0x00,0x00,0x00,0x00,0x00,0x00,0x00,0x00,0x00,
0x00,0x00,0x00,0x00,0x00,0x00,0x00,0x00,0x00,0x00,
0x00,0x00,0x00,0x00,0x00,0x00,0x00,0x00,0x00,0x00,
0x00,0x00,0x00,0x00,0x00,0x00,0x00,0x00,0x00,0x00,
0x00,0x00,0x00,0x00,0x00,0x00,0x7f,0xff,0xbf,0x40,
0x00,0x00,0x00,0x00,0x00,0x00,0x00,0x00,0x00,0x00,
0x00,0x20,0x40,0x60,0x9f,0xbf,0xbf,0xbf,0x9f,0x60,
0x40,0x20,0x00,0x5f,0xbf,0xcf,0xef,0xff,0xdf,0xbf,
0x8f,0x30,0x00,0x7f,0xff,0xef,0xcf,0xbf,0xbf,0xbf,
0xbf,0xbf,0xbf,0x5f,0x00,0x20,0x40,0x60,0x9f,0xbf,
0xbf,0xbf,0x9f,0x60,0x40,0x20,0x00,0x00,0x00,0x00,
0x00,0x00,0x00,0x00,0x40,0xbf,0xff,0x7f,0x00,0x00,
0x00,0x00,0x00,0x00,0x00,0x00,0x00,0x00,0x00,0x00,
0x7f,0xff,0xbf,0x40,0x00,0x00,0x00,0x00,0x00,0x00,
0x00,0x00,0x00,0x00,0x00,0x00,0x00,0x00,0x00,0x00,
0x00,0x00,0x00,0x00,0x00,0x00,0x00,0x00,0x00,0x00,
0x00,0x00,0x00,0x00,0x00,0x00,0x00,0x00,0x00,0x00,
0x00,0x00,0x00,0x00,0x00,0x00,0x00,0x00,0x7f,0xff,
0xbf,0x40,0x00,0x00,0x00,0x00,0x00,0x00,0x00,0x00,
0x00,0x00,0x00,0x7f,0xff,0xbf,0x40,0x00,0x00,0x00,
0x00,0x00,0x00,0x7f,0xff,0xff,0xff,0xff,0x7f,0x00,
0x00,0x00,0x00,0x00,0x00,0x40,0xbf,0xff,0xff,0xff,
0xff,0xff,0xff,0x7f,0x00,0x40,0xbf,0xff,0x7f,0x00,
0x00,0x00,0x00,0x00,0x00,0x00,0x00,0x40,0xbf,0xff,
0x7f,0x00,0x00,0x00,0x00,0x00,0x00,0x40,0xbf,0xff,
0x7f,0x00,0x00,0x00,0x00,0x00,0x00,0x00,0x00,0x00,
0x00,0x00,0x00,0x00,0x00,0x00,0x00,0x00,0x00,0x00,
0x00,0x00,0x00,0x00,0x00,0x00,0x00,0x00,0x00,0x00,
0x00,0x00,0x00,0x00,0x00,0x00,0x00,0x00,0x00,0x00,
0x00,0x00,0x00,0x00,0x00,0x00,0x00,0x00,0x00,0x00,
0x00,0x00,0x7f,0xff,0xbf,0x40,0x00,0x00,0x00,0x00,
0x00,0x00,0x00,0x00,0x00,0x00,0x00,0x00,0x00,0x40,
0xbf,0xff,0xff,0xff,0xbf,0x40,0x00,0x00,0x00,0x7f,
0xff,0xff,0xff,0xff,0xff,0xff,0xbf,0x40,0x00,0x7f,
0xff,0xff,0xff,0xff,0xff,0xff,0xff,0xff,0xff,0x7f,
0x00,0x00,0x00,0x40,0xbf,0xff,0xff,0xff,0xbf,0x40,
0x00,0x00,0x00,0x00,0x00,0x00,0x00,0x00,0x00,0x00,
0x40,0xbf,0xff,0x7f,0x00,0x00,0x00,0x00,0x00,0x00,
0x00,0x00,0x00,0x00,0x00,0x00,0x3f,0x7f,0x5f,0x20,
0x00,0x00,0x00,0x00,0x00,0x00,0x00,0x00,0x00,0x00,
0x00,0x00,0x00,0x00,0x00,0x00,0x00,0x00,0x00,0x00,
0x00,0x00,0x00,0x00,0x00,0x00,0x00,0x00,0x00,0x00,
0x00,0x00,0x00,0x00,0x00,0x00,0x00,0x00,0x00,0x00,
0x00,0x00,0x00,0x00,0x3f,0x7f,0x5f,0x20,0x00,0x00,
0x00,0x00,0x00,0x00,0x00,0x00,0x00,0x00,0x00,0x3f,
0x7f,0x5f,0x20,0x00,0x00,0x00,0x00,0x00,0x00,0x3f,
0x7f,0x7f,0x7f,0x7f,0x3f,0x00,0x00,0x00,0x00,0x00,
0x00,0x20,0x5f,0x7f,0x7f,0x7f,0x7f,0x7f,0x7f,0x3f,
0x00,0x20,0x5f,0x7f,0x3f,0x00,0x00,0x00,0x00,0x00,
0x00,0x00,0x00,0x20,0x5f,0x7f,0x7f,0x7f,0x5f,0x20,
0x00,0x3f,0x7f,0x7f,0x7f,0x7f,0x3f,0x00,0x00,0x00,
0x00,0x00,0x00,0x00,0x00,0x00,0x00,0x00,0x00,0x00,
0x00,0x00,0x00,0x00,0x00,0x00,0x00,0x00,0x00,0x00,
0x00,0x00,0x00,0x00,0x00,0x00,0x00,0x00,0x00,0x00,
0x00,0x00,0x00,0x00,0x00,0x00,0x00,0x00,0x00,0x00,
0x00,0x00,0x00,0x00,0x00,0x00,0x00,0x00,0x3f,0x7f,
0x5f,0x20,0x00,0x00,0x00,0x00,0x00,0x00,0x00,0x00,
0x00,0x00,0x00,0x00,0x00,0x20,0x5f,0x7f,0x7f,0x7f,
0x5f,0x20,0x00,0x00,0x00,0x3f,0x7f,0x7f,0x7f,0x7f,
0x7f,0x7f,0x5f,0x20,0x00,0x3f,0x7f,0x7f,0x7f,0x7f,
0x7f,0x7f,0x7f,0x7f,0x7f,0x3f,0x00,0x00,0x00,0x20,
0x5f,0x7f,0x7f,0x7f,0x5f,0x20,0x00,0x00,0x00,0x00,
0x00,0x00,0x00,0x00,0x00,0x00,0x20,0x5f,0x7f,0x3f,
0x00,0x00,0x00,0x00,0x00,0x00,0x00,0x00,0x00,0x00,
0x00,0x00,0x00,0x00,0x00,0x00,0x00,0x00,0x00,0x00,
0x00,0x00,0x00,0x00,0x00,0x00,0x00,0x00,0x00,0x00,
0x00,0x00,0x00,0x00,0x00,0x00,0x00,0x00,0x00,0x00,
0x00,0x00,0x00,0x00,0x00,0x00,0x00,0x00,0x00,0x00,
0x00,0x00,0x00,0x00,0x00,0x00,0x00,0x00,0x00,0x00,
0x00,0x00,0x00,0x00,0x00,0x00,0x00,0x00,0x00,0x00,
0x00,0x00,0x00,0x00,0x00,0x00,0x00,0x00,0x00,0x00,
0x00,0x00,0x00,0x00,0x00,0x00,0x00,0x00,0x00,0x00,
0x00,0x00,0x00,0x00,0x00,0x00,0x00,0x00,0x00,0x00,
0x00,0x00,0x00,0x00,0x00,0x00,0x00,0x00,0x00,0x00,
0x00,0x00,0x00,0x00,0x00,0x00,0x00,0x00,0x00,0x00,
0x00,0x00,0x7f,0xff,0xbf,0x40,0x00,0x7f,0xff,0xbf,
0x40,0x00,0x00,0x00,0x00,0x00,0x00,0x00,0x00,0x00,
0x00,0x00,0x00,0x00,0x00,0x00,0x00,0x00,0x00,0x00,
0x00,0x00,0x00,0x00,0x00,0x00,0x00,0x00,0x00,0x00,
0x00,0x00,0x00,0x00,0x00,0x00,0x00,0x00,0x00,0x00,
0x00,0x00,0x00,0x00,0x00,0x00,0x00,0x00,0x00,0x00,
0x00,0x00,0x00,0x00,0x00,0x00,0x00,0x00,0x00,0x00,
0x00,0x00,0x00,0x00,0x00,0x00,0x00,0x00,0x00,0x00,
0x00,0x00,0x00,0x00,0x00,0x00,0x00,0x00,0x00,0x00,
0x00,0x00,0x00,0x00,0x00,0x00,0x00,0x00,0x00,0x00,
0x00,0x00,0x00,0x00,0x00,0x00,0x00,0x00,0x00,0x00,
0x00,0x00,0x00,0x00,0x00,0x00,0x00,0x00,0x00,0x00,
0x00,0x00,0x00,0x00,0x00,0x00,0x00,0x00,0x00,0x00,
0x00,0x00,0x00,0x00,0x00,0x00,0x00,0x00,0x00,0x00,
0x00,0x00,0x00,0x00,0x00,0x00,0x00,0x00,0x00,0x00,
0x00,0x00,0x00,0x00,0x00,0x00,0x00,0x00,0x00,0x00,
0x00,0x00,0x00,0x00,0x00,0x00,0x00,0x00,0x00,0x00,
0x00,0x00,0x00,0x00,0x00,0x00,0x00,0x00,0x00,0x00,
0x00,0x00,0x00,0x00,0x00,0x00,0x00,0x00,0x00,0x00,
0x00,0x00,0x00,0x00,0x00,0x00,0x00,0x00,0x00,0x00,
0x00,0x00,0x00,0x00,0x00,0x00,0x00,0x00,0x00,0x00,
0x00,0x00,0x00,0x00,0x00,0x00,0x00,0x00,0x00,0x00,
0x00,0x00,0x00,0x00,0x00,0x00,0x00,0x00,0x00,0x00,
0x00,0x00,0x00,0x00,0x00,0x00,0x00,0x00,0x00,0x00,
0x00,0x00,0x00,0x00,0x00,0x00,0x00,0x00,0x00,0x00,
0x00,0x00,0x00,0x00,0x00,0x00,0x00,0x00,0x5f,0xbf,
0x8f,0x30,0x00,0x5f,0xbf,0x8f,0x30,0x00,0x00,0x00,
0x00,0x00,0x00,0x00,0x00,0x00,0x00,0x00,0x00,0x00,
0x00,0x00,0x00,0x00,0x00,0x00,0x00,0x00,0x00,0x00,
0x00,0x00,0x00,0x00,0x00,0x00,0x00,0x00,0x00,0x00,
0x00,0x00,0x00,0x00,0x00,0x00,0x00,0x00,0x00,0x00,
0x00,0x00,0x00,0x00,0x00,0x00,0x00,0x00,0x00,0x00,
0x00,0x00,0x00,0x00,0x00,0x00,0x00,0x00,0x00,0x00,
0x00,0x00,0x00,0x00,0x00,0x00,0x00,0x00,0x00,0x00,
0x00,0x00,0x00,0x00,0x00,0x00,0x00,0x00,0x00,0x00,
0x00,0x00,0x00,0x00,0x00,0x00,0x00,0x00,0x00,0x00,
0x00,0x00,0x00,0x00,0x00,0x00,0x00,0x00,0x00,0x00,
0x00,0x00,0x00,0x00,0x00,0x00,0x00,0x00,0x00,0x00,
0x00,0x00,0x00,0x00,0x00,0x00,0x00,0x00,0x00,0x00,
0x00,0x00,0x00,0x00,0x00,0x00,0x00,0x00,0x00,0x00,
0x00,0x00,0x00,0x00,0x00,0x00,0x00,0x00,0x00,0x00,
0x00,0x00,0x00,0x00,0x00,0x00,0x00,0x00,0x00,0x00,
0x00,0x00,0x00,0x00,0x00,0x00,0x00,0x00,0x00,0x00,
0x00,0x00,0x00,0x00,0x00,0x00,0x00,0x00,0x00,0x00,
0x00,0x00,0x00,0x00,0x00,0x00,0x00,0x00,0x00,0x00,
0x00,0x00,0x00,0x00,0x00,0x00,0x00,0x00,0x00,0x00,
0x00,0x00,0x00,0x00,0x00,0x00,0x00,0x00,0x00,0x00,
0x00,0x00,0x00,0x00,0x00,0x00,0x00,0x00,0x00,0x00,
0x00,0x00,0x00,0x00,0x00,0x00,0x00,0x00,0x00,0x00,
0x00,0x00,0x00,0x00,0x00,0x00,0x00,0x00,0x00,0x00,
0x00,0x00,0x00,0x00,0x00,0x00,0x00,0x00,0x00,0x00,
0x00,0x00,0x00,0x00,0x20,0x40,0x30,0x10,0x00,0x20,
0x40,0x30,0x10,0x00,0x00,0x00,0x00,0x00,0x00,0x00,
0x00,0x00,0x00,0x00,0x00,0x00,0x00,0x00,0x00,0x00,
0x00,0x00,0x00,0x00,0x00,0x00,0x00,0x00,0x00,0x00,
0x00,0x00,0x00,0x00,0x00,0x00,0x00,0x00,0x00,0x00,
0x00,0x00,0x00,0x00,0x00,0x00,0x00,0x00,0x00,0x00,
0x00,0x00,0x00,0x00,0x00,0x00,0x00,0x00,0x00,0x00,
0x00,0x00,0x00,0x00,0x00,0x00,0x00,0x00,0x00,0x00,
0x00,0x00,0x00,0x00,0x00,0x00,0x00,0x00,0x00,0x00,
0x00,0x00,0x00,0x00,0x00,0x00,0x00,0x00,0x00,0x00,
0x00,0x00,0x00,0x00,0x00,0x00,0x00,0x00,0x00,0x00,
0x00,0x00,0x00,0x00,0x00,0x00,0x00,0x00,0x00,0x00,
0x00,0x00,0x00,0x00,0x00,0x00,0x00,0x00,0x00,0x00,
0x00,0x00,0x00,0x00,0x00,0x00,0x00,0x00,0x00,0x00,
0x00,0x00,0x00,0x00,0x00,0x00,0x00,0x00,0x00,0x00,
0x00,0x00,0x00,0x00,0x00,0x00,0x00,0x00,0x00,0x00,
0x00,0x00,0x00,0x00,0x00,0x00,0x00,0x00,0x00,0x00,
0x00,0x00,0x00,0x00,0x00,0x00,0x00,0x00,0x00,0x00,
0x00,0x00,0x00,0x00,0x00,0x00,0x00,0x00,0x00,0x00,
0x00,0x00,0x00,0x00,0x00,0x00,0x00,0x00,0x00,0x00,
0x00,0x00,0x00,0x00,0x00,0x00,0x00,0x00,0x00,0x00,
0x00,0x00,0x00,0x00,0x00,0x00,0x00,0x00,0x00,0x00,
0x00,0x00,0x00,0x00,0x00,0x00,0x00,0x00,0x00,0x00,
0x00,0x00,0x00,0x00,0x00,0x00,0x00,0x00,0x00,0x00,
0x00,0x00,0x00,0x00,0x00,0x00,0x00,0x00,0x00,0x00,
0x00,0x00,0x00,0x00,0x00,0x00,0x00,0x00,0x00,0x00,
0x00,0x00,0x00,0x00,0x00,0x00,0x00,0x00,0x00,0x00,
0x00,0x00,0x00,0x00,0x00,0x00,0x00,0x00,0x00,0x00,
0x00,0x00,0x00,0x00,0x00,0x00,0x00,0x00,0x00,0x00,
0x00,0x00,0x00,0x00,0x00,0x00,0x00,0x00,0x00,0x00,
0x00,0x00,0x00,0x00,0x00,0x00,0x00,0x00,0x00,0x00,
0x00,0x00,0x00,0x00,0x00,0x00,0x00,0x00,0x00,0x00,
0x00,0x00,0x00,0x00,0x00,0x00,0x00,0x00,0x00,0x00,
0x00,0x00,0x00,0x00,0x00,0x00,0x00,0x00,0x00,0x00,
0x00,0x00,0x00,0x00,0x00,0x00,0x00,0x00,0x00,0x00,
0x00,0x00,0x00,0x00,0x00,0x00,0x00,0x00,0x00,0x00,
0x00,0x00,0x00,0x00,0x00,0x00,0x00,0x00,0x00,0x00,
0x00,0x00,0x00,0x00,0x00,0x00,0x00,0x00,0x00,0x00,
0x00,0x00,0x00,0x00,0x00,0x00,0x00,0x00,0x00,0x00,
0x00,0x00,0x00,0x00,0x00,0x00,0x00,0x00,0x00,0x00,
0x00,0x00,0x00,0x00,0x20,0x40,0x40,0x40,0x40,0x40,
0x40,0x40,0x40,0x40,0x20,0x00,0x00,0x00,0x00,0x00,
0x00,0x20,0x40,0x30,0x10,0x00,0x00,0x00,0x20,0x40,
0x40,0x40,0x40,0x40,0x40,0x40,0x40,0x40,0x20,0x00,
0x00,0x00,0x10,0x30,0x40,0x40,0x40,0x30,0x10,0x00,
0x00,0x00,0x00,0x00,0x10,0x30,0x40,0x40,0x40,0x30,
0x10,0x00,0x00,0x00,0x3f,0x7f,0x5f,0x20,0x00,0x00,
0x00,0x20,0x5f,0x7f,0x3f,0x00,0x00,0x00,0x00,0x00,
0x00,0x00,0x00,0x10,0x30,0x40,0x20,0x00,0x3f,0x7f,
0x7f,0x7f,0x7f,0x7f,0x7f,0x7f,0x7f,0x7f,0x3f,0x00,
0x20,0x40,0x30,0x10,0x00,0x00,0x00,0x00,0x00,0x00,
0x00,0x00,0x00,0x00,0x10,0x30,0x40,0x40,0x40,0x40,
0x40,0x40,0x20,0x00,0x00,0x00,0x00,0x00,0x00,0x00,
0x00,0x00,0x3f,0x7f,0x7f,0x7f,0x7f,0x7f,0x7f,0x7f,
0x7f,0x7f,0x3f,0x00,0x00,0x00,0x00,0x00,0x00,0x00,
0x00,0x10,0x30,0x40,0x40,0x40,0x40,0x40,0x40,0x20,
0x00,0x00,0x00,0x00,0x20,0x40,0x40,0x40,0x40,0x40,
0x40,0x40,0x40,0x40,0x20,0x00,0x00,0x00,0x00,0x00,
0x00,0x10,0x30,0x40,0x40,0x40,0x40,0x40,0x40,0x20,
0x00,0x00,0x00,0x00,0x20,0x40,0x40,0x40,0x40,0x40,
0x40,0x30,0x10,0x00,0x00,0x00,0x00,0x00,0x00,0x20,
0x40,0x40,0x40,0x40,0x40,0x40,0x40,0x40,0x40,0x20,
0x00,0x20,0x40,0x40,0x40,0x40,0x40,0x40,0x40,0x40,
0x40,0x20,0x00,0x00,0x00,0x10,0x30,0x40,0x40,0x40,
0x40,0x40,0x40,0x20,0x00,0x00,0x00,0x00,0x00,0x00,
0x00,0x00,0x00,0x00,0x00,0x00,0x00,0x00,0x00,0x00,
0x5f,0xbf,0xbf,0xbf,0xbf,0xbf,0xbf,0xbf,0xbf,0xbf,
0x5f,0x00,0x00,0x00,0x00,0x00,0x00,0x5f,0xbf,0x8f,
0x30,0x00,0x00,0x00,0x5f,0xbf,0xbf,0xbf,0xbf,0xbf,
0xbf,0xbf,0xbf,0xbf,0x5f,0x00,0x00,0x00,0x30,0x8f,
0xbf,0xbf,0xbf,0x8f,0x30,0x00,0x00,0x00,0x00,0x00,
0x30,0x8f,0xbf,0xbf,0xbf,0x8f,0x30,0x00,0x00,0x00,
0x7f,0xff,0xbf,0x40,0x00,0x00,0x00,0x40,0xbf,0xff,
0x7f,0x00,0x00,0x00,0x00,0x00,0x00,0x00,0x00,0x30,
0x8f,0xbf,0x5f,0x00,0x7f,0xff,0xff,0xff,0xff,0xff,
0xff,0xff,0xff,0xff,0x7f,0x00,0x5f,0xbf,0x8f,0x30,
0x00,0x00,0x00,0x00,0x00,0x00,0x00,0x00,0x00,0x00,
0x30,0x8f,0xbf,0xbf,0xbf,0xbf,0xbf,0xbf,0x5f,0x00,
0x00,0x00,0x00,0x00,0x00,0x00,0x00,0x00,0x7f,0xff,
0xff,0xff,0xff,0xff,0xff,0xff,0xff,0xff,0x7f,0x00,
0x00,0x00,0x00,0x00,0x00,0x00,0x00,0x30,0x8f,0xbf,
0xbf,0xbf,0xbf,0xbf,0xbf,0x5f,0x00,0x00,0x00,0x00,
0x5f,0xbf,0xbf,0xbf,0xbf,0xbf,0xbf,0xbf,0xbf,0xbf,
0x5f,0x00,0x00,0x00,0x00,0x00,0x00,0x30,0x8f,0xbf,
0xbf,0xbf,0xbf,0xbf,0xbf,0x5f,0x00,0x00,0x00,0x00,
0x5f,0xbf,0xbf,0xbf,0xbf,0xbf,0xbf,0x8f,0x30,0x00,
0x00,0x00,0x00,0x00,0x00,0x5f,0xbf,0xbf,0xbf,0xbf,
0xbf,0xbf,0xbf,0xbf,0xbf,0x5f,0x00,0x5f,0xbf,0xbf,
0xbf,0xbf,0xbf,0xbf,0xbf,0xbf,0xbf,0x5f,0x00,0x00,
0x00,0x30,0x8f,0xbf,0xbf,0xbf,0xbf,0xbf,0xbf,0x5f,
0x00,0x00,0x00,0x00,0x00,0x00,0x00,0x00,0x00,0x00,
0x00,0x00,0x00,0x00,0x00,0x00,0x7f,0xff,0xff,0xff,
0xff,0xff,0xff,0xff,0xff,0xff,0x7f,0x00,0x00,0x00,
0x00,0x00,0x00,0x7f,0xff,0xbf,0x40,0x00,0x00,0x00,
0x7f,0xff,0xff,0xff,0xff,0xff,0xff,0xff,0xff,0xff,
0x7f,0x00,0x00,0x00,0x40,0xbf,0xff,0xff,0xff,0xbf,
0x40,0x00,0x00,0x00,0x00,0x00,0x40,0xbf,0xff,0xff,
0xff,0xbf,0x40,0x00,0x00,0x00,0x5f,0xbf,0x8f,0x30,
0x00,0x00,0x00,0x30,0x8f,0xbf,0x5f,0x00,0x00,0x00,
0x00,0x00,0x00,0x00,0x00,0x40,0xbf,0xff,0x7f,0x00,
0x5f,0xbf,0xbf,0xbf,0xbf,0xbf,0xbf,0xbf,0xbf,0xbf,
0x5f,0x00,0x7f,0xff,0xbf,0x40,0x00,0x00,0x00,0x00,
0x00,0x00,0x00,0x00,0x00,0x00,0x40,0xbf,0xff,0xff,
0xff,0xff,0xff,0xff,0x7f,0x00,0x00,0x00,0x00,0x00,
0x00,0x10,0x30,0x40,0x7f,0xbf,0xbf,0xbf,0xbf,0xbf,
0xbf,0xbf,0xbf,0xbf,0x7f,0x40,0x30,0x10,0x00,0x00,
0x00,0x00,0x00,0x40,0xbf,0xff,0xff,0xff,0xff,0xff,
0xff,0x7f,0x00,0x00,0x00,0x00,0x7f,0xff,0xff,0xff,
0xff,0xff,0xff,0xff,0xff,0xff,0x7f,0x00,0x00,0x00,
0x00,0x00,0x00,0x40,0xbf,0xff,0xff,0xff,0xff,0xff,
0xff,0x7f,0x00,0x00,0x00,0x00,0x7f,0xff,0xff,0xff,
0xff,0xff,0xff,0xbf,0x40,0x00,0x00,0x00,0x00,0x00,
0x00,0x7f,0xff,0xff,0xff,0xff,0xff,0xff,0xff,0xff,
0xff,0x7f,0x00,0x7f,0xff,0xff,0xff,0xff,0xff,0xff,
0xff,0xff,0xff,0x7f,0x00,0x00,0x00,0x40,0xbf,0xff,
0xff,0xff,0xff,0xff,0xff,0x7f,0x00,0x00,0x00,0x00,
0x00,0x00,0x00,0x00,0x00,0x00,0x00,0x00,0x00,0x00,
0x00,0x00,0x7f,0xff,0xdf,0x9f,0x7f,0x7f,0x7f,0x7f,
0x7f,0x7f,0x3f,0x00,0x00,0x00,0x20,0x5f,0x7f,0x7f,
0x7f,0x5f,0x20,0x00,0x00,0x00,0x3f,0x7f,0x7f,0x7f,
0x7f,0x7f,0x7f,0x9f,0xdf,0xff,0x7f,0x00,0x3f,0x7f,
0x7f,0x7f,0x7f,0x7f,0x7f,0x7f,0x7f,0x7f,0x3f,0x00,
0x3f,0x7f,0x7f,0x7f,0x7f,0x7f,0x7f,0x7f,0x7f,0x7f,
0x3f,0x00,0x20,0x40,0x30,0x10,0x00,0x00,0x00,0x10,
0x30,0x40,0x20,0x00,0x00,0x00,0x00,0x00,0x00,0x3f,
0x7f,0x7f,0x7f,0x7f,0x3f,0x00,0x20,0x40,0x40,0x40,
0x40,0x40,0x40,0x40,0x40,0x40,0x20,0x00,0x3f,0x7f,
0x7f,0x7f,0x7f,0x3f,0x00,0x00,0x00,0x00,0x00,0x00,
0x3f,0x7f,0x7f,0x7f,0x7f,0x7f,0x7f,0x7f,0x7f,0x7f,
0x7f,0x7f,0x5f,0x20,0x00,0x00,0x00,0x30,0x8f,0xbf,
0x7f,0x40,0x40,0x40,0x40,0x40,0x40,0x40,0x40,0x40,
0x7f,0xbf,0x8f,0x30,0x00,0x00,0x00,0x3f,0x7f,0x7f,
0x7f,0x7f,0x7f,0x7f,0x7f,0x7f,0x7f,0x7f,0x7f,0x5f,
0x20,0x00,0x7f,0xff,0xdf,0x9f,0x7f,0x7f,0x7f,0x7f,
0x7f,0x7f,0x7f,0x7f,0x5f,0x20,0x00,0x3f,0x7f,0x7f,
0x7f,0x7f,0x7f,0x7f,0x7f,0x7f,0x7f,0x7f,0x7f,0x5f,
0x20,0x00,0x7f,0xff,0xdf,0x9f,0x7f,0x7f,0x7f,0x7f,
0x7f,0x7f,0x3f,0x00,0x00,0x00,0x00,0x7f,0xff,0xdf,
0x9f,0x7f,0x7f,0x7f,0x7f,0x7f,0x7f,0x3f,0x00,0x7f,
0xff,0xdf,0x9f,0x7f,0x7f,0x7f,0x7f,0x7f,0x7f,0x3f,
0x00,0x3f,0x7f,0x7f,0x7f,0x7f,0x7f,0x7f,0x7f,0x7f,
0x7f,0x7f,0x7f,0x5f,0x20,0x00,0x00,0x00,0x00,0x00,
0x00,0x00,0x00,0x00,0x00,0x00,0x00,0x00,0x7f,0xff,
0xbf,0x40,0x00,0x00,0x00,0x00,0x00,0x00,0x00,0x00,
0x00,0x00,0x40,0xbf,0xff,0x7f,0x00,0x00,0x00,0x00,
0x00,0x00,0x00,0x00,0x00,0x00,0x00,0x00,0x00,0x40,
0xbf,0xff,0x7f,0x00,0x7f,0xff,0xbf,0x40,0x00,0x00,
0x00,0x40,0xbf,0xff,0x7f,0x00,0x7f,0xff,0xbf,0x40,
0x00,0x00,0x00,0x40,0xbf,0xff,0x7f,0x00,0x00,0x00,
0x00,0x00,0x00,0x00,0x00,0x00,0x00,0x00,0x00,0x00,
0x00,0x00,0x00,0x00,0x00,0x7f,0xff,0xbf,0x40,0x00,
0x00,0x00,0x00,0x00,0x00,0x00,0x00,0x00,0x00,0x00,
0x00,0x00,0x00,0x00,0x00,0x00,0x40,0xbf,0xff,0x7f,
0x00,0x00,0x00,0x00,0x00,0x00,0x7f,0xff,0xbf,0x40,
0x00,0x00,0x00,0x00,0x00,0x00,0x7f,0xff,0xbf,0x40,
0x00,0x00,0x00,0x40,0xbf,0xff,0x7f,0x00,0x00,0x00,
0x00,0x00,0x00,0x00,0x00,0x00,0x7f,0xff,0xbf,0x40,
0x00,0x00,0x00,0x7f,0xff,0xbf,0x40,0x00,0x00,0x00,
0x00,0x00,0x00,0x7f,0xff,0xbf,0x40,0x00,0x7f,0xff,
0xbf,0x40,0x00,0x00,0x00,0x00,0x00,0x00,0x7f,0xff,
0xbf,0x40,0x00,0x7f,0xff,0xbf,0x40,0x00,0x00,0x00,
0x00,0x00,0x00,0x7f,0xff,0xbf,0x40,0x00,0x7f,0xff,
0xbf,0x40,0x00,0x00,0x00,0x40,0xbf,0xff,0x7f,0x00,
0x00,0x00,0x00,0x7f,0xff,0xbf,0x40,0x00,0x00,0x00,
0x00,0x00,0x00,0x00,0x00,0x7f,0xff,0xbf,0x40,0x00,
0x00,0x00,0x00,0x00,0x00,0x00,0x00,0x7f,0xff,0xbf,
0x40,0x00,0x00,0x00,0x00,0x00,0x00,0x7f,0xff,0xbf,
0x40,0x00,0x00,0x00,0x00,0x00,0x00,0x00,0x00,0x00,
0x00,0x00,0x00,0x00,0x7f,0xff,0xbf,0x40,0x00,0x00,
0x00,0x00,0x00,0x00,0x00,0x00,0x20,0x40,0x60,0x9f,
0xbf,0x5f,0x00,0x00,0x00,0x00,0x00,0x00,0x00,0x00,
0x00,0x00,0x00,0x00,0x00,0x40,0xbf,0xff,0x7f,0x00,
0x7f,0xff,0xbf,0x40,0x00,0x00,0x00,0x40,0xbf,0xff,
0x7f,0x00,0x7f,0xff,0xbf,0x40,0x00,0x00,0x00,0x40,
0xbf,0xff,0x7f,0x00,0x00,0x00,0x00,0x00,0x00,0x00,
0x00,0x00,0x00,0x00,0x00,0x00,0x00,0x00,0x10,0x30,
0x40,0x7f,0xbf,0x8f,0x30,0x00,0x00,0x00,0x00,0x00,
0x00,0x00,0x00,0x00,0x00,0x00,0x00,0x00,0x00,0x00,
0x00,0x00,0x30,0x8f,0xbf,0x7f,0x40,0x30,0x10,0x00,
0x00,0x00,0x5f,0xbf,0x8f,0x30,0x00,0x00,0x00,0x00,
0x00,0x00,0x7f,0xff,0xbf,0x40,0x00,0x3f,0x7f,0x7f,
0x7f,0x7f,0x3f,0x00,0x20,0x5f,0x7f,0x7f,0x7f,0x5f,
0x20,0x00,0x3f,0x7f,0x7f,0x7f,0x7f,0x3f,0x00,0x7f,
0xff,0xbf,0x40,0x00,0x00,0x00,0x00,0x00,0x00,0x7f,
0xff,0xbf,0x40,0x00,0x7f,0xff,0xbf,0x40,0x00,0x00,
0x00,0x00,0x00,0x00,0x7f,0xff,0xbf,0x40,0x00,0x7f,
0xff,0xbf,0x40,0x00,0x00,0x00,0x00,0x00,0x00,0x5f,
0xbf,0x8f,0x30,0x00,0x7f,0xff,0xbf,0x40,0x00,0x00,
0x00,0x30,0x8f,0xbf,0x7f,0x40,0x30,0x10,0x00,0x7f,
0xff,0xbf,0x40,0x00,0x00,0x00,0x00,0x00,0x00,0x00,
0x00,0x7f,0xff,0xbf,0x40,0x00,0x00,0x00,0x00,0x00,
0x00,0x00,0x00,0x7f,0xff,0xbf,0x40,0x00,0x00,0x00,
0x00,0x00,0x00,0x5f,0xbf,0x8f,0x30,0x00,0x00,0x00,
0x00,0x00,0x00,0x00,0x00,0x00,0x00,0x00,0x00,0x00,
0x7f,0xff,0xbf,0x40,0x00,0x00,0x00,0x00,0x00,0x00,
0x00,0x00,0x5f,0xbf,0x9f,0x60,0x40,0x20,0x00,0x00,
0x00,0x00,0x00,0x00,0x00,0x00,0x00,0x00,0x00,0x00,
0x00,0x40,0xbf,0xff,0x7f,0x00,0x7f,0xff,0xbf,0x40,
0x00,0x00,0x00,0x40,0xbf,0xff,0x7f,0x00,0x7f,0xff,
0xbf,0x40,0x00,0x00,0x00,0x40,0xbf,0xff,0x7f,0x00,
0x00,0x00,0x00,0x00,0x00,0x00,0x00,0x00,0x00,0x00,
0x00,0x00,0x00,0x00,0x30,0x8f,0xbf,0x7f,0x40,0x30,
0x10,0x00,0x00,0x00,0x00,0x00,0x00,0x00,0x00,0x00,
0x00,0x00,0x00,0x00,0x00,0x00,0x00,0x00,0x10,0x30,
0x40,0x7f,0xbf,0x8f,0x30,0x00,0x00,0x00,0x20,0x40,
0x30,0x10,0x00,0x00,0x00,0x00,0x00,0x00,0x7f,0xff,
0xbf,0x40,0x00,0x7f,0xff,0xbf,0x40,0x00,0x00,0x00,
0x40,0xbf,0xff,0xff,0xff,0xbf,0x40,0x00,0x00,0x00,
0x40,0xbf,0xff,0x7f,0x00,0x7f,0xff,0xbf,0x40,0x00,
0x00,0x00,0x00,0x00,0x00,0x7f,0xff,0xbf,0x40,0x00,
0x7f,0xff,0xbf,0x40,0x00,0x00,0x00,0x00,0x00,0x00,
0x7f,0xff,0xbf,0x40,0x00,0x7f,0xff,0xbf,0x40,0x00,
0x00,0x00,0x00,0x00,0x00,0x20,0x40,0x30,0x10,0x00,
0x7f,0xff,0xbf,0x40,0x00,0x00,0x00,0x10,0x30,0x40,
0x7f,0xbf,0x8f,0x30,0x00,0x7f,0xff,0xbf,0x40,0x00,
0x00,0x00,0x00,0x00,0x00,0x00,0x00,0x7f,0xff,0xbf,
0x40,0x00,0x00,0x00,0x00,0x00,0x00,0x00,0x00,0x7f,
0xff,0xbf,0x40,0x00,0x00,0x00,0x00,0x00,0x00,0x20,
0x40,0x30,0x10,0x00,0x00,0x00,0x00,0x00,0x00,0x00,
0x00,0x00,0x00,0x00,0x00,0x00,0x7f,0xff,0xbf,0x40,
0x00,0x00,0x00,0x00,0x00,0x00,0x00,0x00,0x7f,0xff,
0xbf,0x40,0x00,0x00,0x00,0x00,0x00,0x00,0x00,0x00,
0x00,0x00,0x00,0x00,0x00,0x00,0x00,0x40,0xbf,0xff,
0x7f,0x00,0x7f,0xff,0xbf,0x40,0x00,0x00,0x00,0x40,
0xbf,0xff,0x7f,0x00,0x7f,0xff,0xbf,0x40,0x00,0x00,
0x00,0x40,0xbf,0xff,0x7f,0x00,0x00,0x00,0x00,0x00,
0x00,0x00,0x00,0x10,0x30,0x40,0x20,0x00,0x00,0x00,
0x40,0xbf,0xff,0x7f,0x00,0x00,0x00,0x00,0x00,0x00,
0x20,0x40,0x40,0x40,0x40,0x40,0x40,0x40,0x40,0x40,
0x20,0x00,0x00,0x00,0x00,0x00,0x00,0x7f,0xff,0xbf,
0x40,0x00,0x00,0x00,0x00,0x00,0x00,0x00,0x00,0x00,
0x00,0x00,0x00,0x00,0x7f,0xff,0xbf,0x40,0x00,0x7f,
0xff,0xbf,0x40,0x00,0x20,0x40,0x60,0x9f,0xbf,0xbf,
0xbf,0x9f,0x60,0x40,0x20,0x00,0x40,0xbf,0xff,0x7f,
0x00,0x7f,0xff,0xbf,0x40,0x00,0x00,0x00,0x00,0x00,
0x00,0x7f,0xff,0xbf,0x40,0x00,0x7f,0xff,0xbf,0x40,
0x00,0x00,0x00,0x00,0x00,0x00,0x7f,0xff,0xbf,0x40,
0x00,0x7f,0xff,0xbf,0x40,0x00,0x00,0x00,0x00,0x00,
0x00,0x00,0x00,0x00,0x00,0x00,0x7f,0xff,0xbf,0x40,
0x00,0x00,0x00,0x00,0x00,0x00,0x7f,0xff,0xbf,0x40,
0x00,0x7f,0xff,0xbf,0x40,0x00,0x00,0x00,0x00,0x00,
0x00,0x00,0x00,0x7f,0xff,0xbf,0x40,0x00,0x00,0x00,
0x00,0x00,0x00,0x00,0x00,0x7f,0xff,0xbf,0x40,0x00,
0x00,0x00,0x00,0x00,0x00,0x00,0x00,0x00,0x00,0x00,
0x00,0x00,0x00,0x00,0x00,0x00,0x00,0x00,0x00,0x00,
0x00,0x00,0x7f,0xff,0xdf,0x9f,0x7f,0x7f,0x7f,0x5f,
0x20,0x00,0x00,0x00,0x7f,0xff,0xbf,0x40,0x00,0x00,
0x00,0x00,0x00,0x00,0x00,0x00,0x00,0x00,0x00,0x00,
0x00,0x3f,0x7f,0x7f,0x7f,0x7f,0x3f,0x00,0x7f,0xff,
0xbf,0x40,0x00,0x00,0x00,0x40,0xbf,0xff,0x7f,0x00,
0x7f,0xff,0xbf,0x40,0x00,0x00,0x00,0x40,0xbf,0xff,
0x7f,0x00,0x00,0x00,0x00,0x00,0x00,0x00,0x00,0x30,
0x8f,0xbf,0x5f,0x00,0x3f,0x7f,0x7f,0x7f,0x7f,0x3f,
0x00,0x00,0x00,0x00,0x00,0x00,0x5f,0xbf,0xbf,0xbf,
0xbf,0xbf,0xbf,0xbf,0xbf,0xbf,0x5f,0x00,0x00,0x00,
0x00,0x00,0x00,0x3f,0x7f,0x7f,0x7f,0x7f,0x3f,0x00,
0x00,0x00,0x00,0x00,0x00,0x00,0x00,0x00,0x00,0x00,
0x7f,0xff,0xbf,0x40,0x00,0x7f,0xff,0xbf,0x40,0x00,
0x5f,0xbf,0x9f,0x60,0x40,0x40,0x40,0x60,0x9f,0xbf,
0x5f,0x00,0x40,0xbf,0xff,0x7f,0x00,0x7f,0xff,0xbf,
0x40,0x00,0x00,0x00,0x00,0x00,0x00,0x7f,0xff,0xbf,
0x40,0x00,0x7f,0xff,0xbf,0x40,0x00,0x00,0x00,0x00,
0x00,0x00,0x7f,0xff,0xbf,0x40,0x00,0x7f,0xff,0xbf,
0x40,0x00,0x00,0x00,0x00,0x00,0x00,0x00,0x00,0x00,
0x00,0x00,0x7f,0xff,0xbf,0x40,0x00,0x00,0x00,0x00,
0x00,0x00,0x7f,0xff,0xbf,0x40,0x00,0x7f,0xff,0xbf,
0x40,0x00,0x00,0x00,0x00,0x00,0x00,0x00,0x00,0x7f,
0xff,0xbf,0x40,0x00,0x00,0x00,0x00,0x00,0x00,0x00,
0x00,0x7f,0xff,0xbf,0x40,0x00,0x00,0x00,0x00,0x00,
0x00,0x00,0x00,0x00,0x00,0x00,0x00,0x00,0x00,0x00,
0x00,0x00,0x00,0x00,0x00,0x00,0x00,0x00,0x7f,0xff,
0xff,0xff,0xff,0xff,0xff,0xbf,0x40,0x00,0x00,0x00,
0x7f,0xff,0xbf,0x40,0x00,0x00,0x00,0x00,0x00,0x00,
0x00,0x00,0x00,0x00,0x00,0x00,0x00,0x7f,0xff,0xbf,
0x40,0x00,0x00,0x00,0x7f,0xff,0xbf,0x40,0x00,0x00,
0x00,0x40,0xbf,0xff,0x7f,0x00,0x7f,0xff,0xbf,0x40,
0x00,0x00,0x00,0x40,0xbf,0xff,0x7f,0x00,0x00,0x00,
0x00,0x00,0x00,0x00,0x00,0x40,0xbf,0xff,0x7f,0x00,
0x7f,0xff,0xbf,0x40,0x00,0x00,0x00,0x00,0x00,0x00,
0x00,0x00,0x7f,0xff,0xff,0xff,0xff,0xff,0xff,0xff,
0xff,0xff,0x7f,0x00,0x00,0x00,0x00,0x00,0x00,0x00,
0x00,0x40,0xbf,0xff,0x7f,0x00,0x00,0x00,0x00,0x00,
0x00,0x00,0x00,0x00,0x00,0x00,0x7f,0xff,0xbf,0x40,
0x00,0x7f,0xff,0xbf,0x40,0x00,0x7f,0xff,0xbf,0x40,
0x00,0x00,0x00,0x40,0xbf,0xff,0x7f,0x00,0x40,0xbf,
0xff,0x7f,0x00,0x7f,0xff,0xbf,0x40,0x00,0x00,0x00,
0x00,0x00,0x00,0x7f,0xff,0xbf,0x40,0x00,0x7f,0xff,
0xbf,0x40,0x00,0x00,0x00,0x00,0x00,0x00,0x7f,0xff,
0xbf,0x40,0x00,0x7f,0xff,0xbf,0x40,0x00,0x00,0x00,
0x00,0x00,0x00,0x00,0x00,0x00,0x00,0x00,0x7f,0xff,
0xbf,0x40,0x00,0x00,0x00,0x00,0x00,0x00,0x7f,0xff,
0xbf,0x40,0x00,0x7f,0xff,0xbf,0x40,0x00,0x00,0x00,
0x00,0x00,0x00,0x00,0x00,0x7f,0xff,0xbf,0x40,0x00,
0x00,0x00,0x00,0x00,0x00,0x00,0x00,0x7f,0xff,0xbf,
0x40,0x00,0x00,0x00,0x00,0x00,0x00,0x00,0x00,0x00,
0x00,0x00,0x00,0x00,0x00,0x00,0x00,0x00,0x00,0x00,
0x00,0x00,0x00,0x00,0x5f,0xbf,0xbf,0xbf,0xbf,0xbf,
0xbf,0x9f,0x60,0x40,0x20,0x00,0x7f,0xff,0xcf,0x6f,
0x40,0x40,0x40,0x30,0x10,0x00,0x00,0x00,0x00,0x00,
0x00,0x00,0x00,0x7f,0xff,0xbf,0x40,0x00,0x00,0x00,
0x5f,0xbf,0x9f,0x60,0x40,0x40,0x40,0x60,0x9f,0xbf,
0x5f,0x00,0x5f,0xbf,0x9f,0x60,0x40,0x40,0x40,0x6f,
0xcf,0xff,0x7f,0x00,0x3f,0x7f,0x5f,0x20,0x00,0x00,
0x00,0x40,0xbf,0xff,0x7f,0x00,0x5f,0xbf,0x9f,0x60,
0x40,0x20,0x00,0x00,0x00,0x00,0x00,0x00,0x3f,0x7f,
0x7f,0x7f,0x7f,0x7f,0x7f,0x7f,0x7f,0x7f,0x3f,0x00,
0x00,0x00,0x00,0x00,0x00,0x20,0x40,0x60,0x9f,0xbf,
0x5f,0x00,0x00,0x00,0x00,0x00,0x00,0x00,0x00,0x10,
0x30,0x40,0x7f,0xbf,0x8f,0x30,0x00,0x7f,0xff,0xbf,
0x40,0x00,0x7f,0xff,0xbf,0x40,0x00,0x00,0x00,0x40,
0xbf,0xff,0x7f,0x00,0x40,0xbf,0xff,0x7f,0x00,0x7f,
0xff,0xcf,0x6f,0x40,0x40,0x40,0x40,0x40,0x40,0x9f,
0xff,0xbf,0x40,0x00,0x7f,0xff,0xcf,0x6f,0x40,0x40,
0x40,0x40,0x40,0x40,0x7f,0xbf,0x8f,0x30,0x00,0x7f,
0xff,0xbf,0x40,0x00,0x00,0x00,0x00,0x00,0x00,0x00,
0x00,0x00,0x00,0x00,0x7f,0xff,0xbf,0x40,0x00,0x00,
0x00,0x00,0x00,0x00,0x7f,0xff,0xbf,0x40,0x00,0x7f,
0xff,0xcf,0x6f,0x40,0x40,0x40,0x30,0x10,0x00,0x00,
0x00,0x7f,0xff,0xcf,0x6f,0x40,0x40,0x40,0x30,0x10,
0x00,0x00,0x00,0x7f,0xff,0xbf,0x40,0x00,0x20,0x40,
0x40,0x40,0x40,0x40,0x40,0x30,0x10,0x00,0x00,0x00,
0x00,0x00,0x00,0x00,0x00,0x00,0x00,0x00,0x00,0x00,
0x20,0x40,0x40,0x40,0x40,0x40,0x40,0x60,0x9f,0xbf,
0x5f,0x00,0x7f,0xff,0xef,0xcf,0xbf,0xbf,0xbf,0x8f,
0x30,0x00,0x00,0x00,0x00,0x00,0x00,0x00,0x00,0x7f,
0xff,0xbf,0x40,0x00,0x00,0x00,0x20,0x40,0x60,0x9f,
0xbf,0xbf,0xbf,0x9f,0x60,0x40,0x20,0x00,0x20,0x40,
0x60,0x9f,0xbf,0xbf,0xbf,0xcf,0xef,0xff,0x7f,0x00,
0x7f,0xff,0xbf,0x40,0x00,0x00,0x00,0x40,0xbf,0xff,
0x7f,0x00,0x20,0x40,0x60,0x9f,0xbf,0x5f,0x00,0x00,
0x00,0x00,0x00,0x00,0x00,0x00,0x00,0x00,0x00,0x00,
0x00,0x00,0x00,0x00,0x00,0x00,0x00,0x00,0x00,0x00,
0x00,0x5f,0xbf,0x9f,0x60,0x40,0x20,0x00,0x00,0x00,
0x00,0x00,0x00,0x00,0x00,0x30,0x8f,0xbf,0x7f,0x40,
0x30,0x10,0x00,0x7f,0xff,0xbf,0x40,0x00,0x7f,0xff,
0xbf,0x40,0x00,0x00,0x00,0x40,0xbf,0xff,0x7f,0x00,
0x40,0xbf,0xff,0x7f,0x00,0x7f,0xff,0xef,0xcf,0xbf,
0xbf,0xbf,0xbf,0xbf,0xbf,0xdf,0xff,0xbf,0x40,0x00,
0x7f,0xff,0xef,0xcf,0xbf,0xbf,0xbf,0xbf,0xbf,0xbf,
0x7f,0x40,0x30,0x10,0x00,0x7f,0xff,0xbf,0x40,0x00,
0x00,0x00,0x00,0x00,0x00,0x00,0x00,0x00,0x00,0x00,
0x7f,0xff,0xbf,0x40,0x00,0x00,0x00,0x00,0x00,0x00,
0x7f,0xff,0xbf,0x40,0x00,0x7f,0xff,0xef,0xcf,0xbf,
0xbf,0xbf,0x8f,0x30,0x00,0x00,0x00,0x7f,0xff,0xef,
0xcf,0xbf,0xbf,0xbf,0x8f,0x30,0x00,0x00,0x00,0x7f,
0xff,0xbf,0x40,0x00,0x5f,0xbf,0xbf,0xbf,0xbf,0xbf,
0xbf,0x8f,0x30,0x00,0x00,0x00,0x00,0x00,0x00,0x00,
0x00,0x00,0x00,0x00,0x00,0x00,0x00,0x00,0x00,0x00,
0x00,0x00,0x00,0x40,0xbf,0xff,0x7f,0x00,0x7f,0xff,
0xff,0xff,0xff,0xff,0xff,0xbf,0x40,0x00,0x00,0x00,
0x00,0x00,0x00,0x00,0x00,0x7f,0xff,0xbf,0x40,0x00,
0x00,0x00,0x00,0x00,0x40,0xbf,0xff,0xff,0xff,0xbf,
0x40,0x00,0x00,0x00,0x00,0x00,0x40,0xbf,0xff,0xff,
0xff,0xff,0xff,0xff,0x7f,0x00,0x5f,0xbf,0x8f,0x30,
0x00,0x20,0x40,0x60,0x9f,0xbf,0x5f,0x00,0x00,0x00,
0x40,0xbf,0xff,0x7f,0x00,0x00,0x00,0x00,0x00,0x00,
0x00,0x00,0x00,0x00,0x00,0x00,0x00,0x00,0x00,0x00,
0x00,0x00,0x00,0x00,0x00,0x00,0x00,0x7f,0xff,0xbf,
0x40,0x00,0x00,0x00,0x00,0x00,0x00,0x00,0x00,0x00,
0x00,0x40,0xbf,0xff,0x7f,0x00,0x00,0x00,0x00,0x7f,
0xff,0xbf,0x40,0x00,0x5f,0xbf,0x9f,0x60,0x40,0x40,
0x40,0x60,0x9f,0xbf,0x7f,0x40,0x6f,0xcf,0xff,0x7f,
0x00,0x7f,0xff,0xff,0xff,0xff,0xff,0xff,0xff,0xff,
0xff,0xff,0xff,0xbf,0x40,0x00,0x7f,0xff,0xff,0xff,
0xff,0xff,0xff,0xff,0xff,0xff,0x7f,0x00,0x00,0x00,
0x00,0x7f,0xff,0xbf,0x40,0x00,0x00,0x00,0x00,0x00,
0x00,0x00,0x00,0x00,0x00,0x00,0x7f,0xff,0xbf,0x40,
0x00,0x00,0x00,0x00,0x00,0x00,0x7f,0xff,0xbf,0x40,
0x00,0x7f,0xff,0xff,0xff,0xff,0xff,0xff,0xbf,0x40,
0x00,0x00,0x00,0x7f,0xff,0xff,0xff,0xff,0xff,0xff,
0xbf,0x40,0x00,0x00,0x00,0x7f,0xff,0xbf,0x40,0x00,
0x7f,0xff,0xff,0xff,0xff,0xff,0xff,0xbf,0x40,0x00,
0x00,0x00,0x00,0x00,0x00,0x00,0x00,0x00,0x00,0x00,
0x00,0x00,0x00,0x00,0x00,0x00,0x00,0x00,0x00,0x40,
0xbf,0xff,0x7f,0x00,0x7f,0xff,0xdf,0x9f,0x7f,0x7f,
0x7f,0x7f,0x7f,0x7f,0x3f,0x00,0x00,0x00,0x20,0x5f,
0x7f,0x7f,0x7f,0x5f,0x20,0x00,0x00,0x00,0x3f,0x7f,
0x7f,0x7f,0x7f,0x7f,0x7f,0x7f,0x7f,0x7f,0x3f,0x00,
0x00,0x00,0x20,0x5f,0x7f,0x7f,0x7f,0x9f,0xdf,0xff,
0x7f,0x00,0x20,0x40,0x30,0x10,0x00,0x5f,0xbf,0x9f,
0x60,0x40,0x20,0x00,0x00,0x00,0x20,0x5f,0x7f,0x7f,
0x7f,0x5f,0x20,0x00,0x00,0x00,0x00,0x00,0x00,0x00,
0x00,0x00,0x00,0x00,0x00,0x00,0x00,0x00,0x00,0x00,
0x20,0x5f,0x7f,0x7f,0x7f,0x5f,0x20,0x00,0x00,0x00,
0x00,0x00,0x00,0x00,0x00,0x3f,0x7f,0x7f,0x7f,0x7f,
0x3f,0x00,0x00,0x00,0x00,0x7f,0xff,0xbf,0x40,0x00,
0x20,0x40,0x60,0x9f,0xbf,0xbf,0xbf,0x9f,0x60,0x40,
0x7f,0xbf,0xcf,0xef,0xff,0x7f,0x00,0x7f,0xff,0xdf,
0x9f,0x7f,0x7f,0x7f,0x7f,0x7f,0x7f,0xbf,0xff,0xbf,
0x40,0x00,0x7f,0xff,0xdf,0x9f,0x7f,0x7f,0x7f,0x7f,
0x7f,0x7f,0x7f,0x7f,0x5f,0x20,0x00,0x7f,0xff,0xbf,
0x40,0x00,0x00,0x00,0x00,0x00,0x00,0x00,0x00,0x00,
0x00,0x00,0x7f,0xff,0xbf,0x40,0x00,0x00,0x00,0x00,
0x00,0x00,0x7f,0xff,0xbf,0x40,0x00,0x7f,0xff,0xdf,
0x9f,0x7f,0x7f,0x7f,0x5f,0x20,0x00,0x00,0x00,0x7f,
0xff,0xdf,0x9f,0x7f,0x7f,0x7f,0x5f,0x20,0x00,0x00,
0x00,0x7f,0xff,0xbf,0x40,0x00,0x3f,0x7f,0x7f,0x7f,
0x7f,0xbf,0xff,0xbf,0x40,0x00,0x00,0x00,0x00,0x00,
0x00,0x00,0x00,0x00,0x00,0x00,0x00,0x00,0x00,0x00,
0x00,0x00,0x00,0x00,0x00,0x40,0xbf,0xff,0x7f,0x00,
0x7f,0xff,0xbf,0x40,0x00,0x00,0x00,0x40,0xbf,0xff,
0x7f,0x00,0x00,0x00,0x40,0xbf,0xff,0x7f,0x00,0x00,
0x00,0x00,0x00,0x00,0x7f,0xff,0xbf,0x40,0x00,0x00,
0x00,0x40,0xbf,0xff,0x7f,0x00,0x00,0x00,0x00,0x00,
0x00,0x00,0x00,0x40,0xbf,0xff,0x7f,0x00,0x00,0x00,
0x00,0x00,0x00,0x7f,0xff,0xbf,0x40,0x00,0x00,0x00,
0x00,0x00,0x00,0x00,0x00,0x7f,0xff,0xbf,0x40,0x00,
0x00,0x00,0x00,0x00,0x00,0x00,0x00,0x00,0x00,0x00,
0x00,0x00,0x00,0x00,0x00,0x00,0x40,0xbf,0xff,0x7f,
0x00,0x00,0x00,0x00,0x00,0x00,0x00,0x00,0x00,0x00,
0x00,0x7f,0xff,0xbf,0x40,0x00,0x00,0x00,0x00,0x00,
0x00,0x7f,0xff,0xbf,0x40,0x00,0x00,0x00,0x40,0xbf,
0xff,0xff,0xff,0xbf,0x40,0x00,0x7f,0xff,0xff,0xff,
0xff,0x7f,0x00,0x7f,0xff,0xbf,0x40,0x00,0x00,0x00,
0x00,0x00,0x00,0x7f,0xff,0xbf,0x40,0x00,0x7f,0xff,
0xbf,0x40,0x00,0x00,0x00,0x00,0x00,0x00,0x7f,0xff,
0xbf,0x40,0x00,0x7f,0xff,0xbf,0x40,0x00,0x00,0x00,
0x00,0x00,0x00,0x00,0x00,0x00,0x00,0x00,0x7f,0xff,
0xbf,0x40,0x00,0x00,0x00,0x00,0x00,0x00,0x7f,0xff,
0xbf,0x40,0x00,0x7f,0xff,0xbf,0x40,0x00,0x00,0x00,
0x00,0x00,0x00,0x00,0x00,0x7f,0xff,0xbf,0x40,0x00,
0x00,0x00,0x00,0x00,0x00,0x00,0x00,0x7f,0xff,0xbf,
0x40,0x00,0x00,0x00,0x00,0x00,0x00,0x7f,0xff,0xbf,
0x40,0x00,0x00,0x00,0x00,0x00,0x00,0x00,0x00,0x00,
0x00,0x00,0x00,0x00,0x00,0x00,0x00,0x00,0x00,0x00,
0x00,0x40,0xbf,0xff,0x7f,0x00,0x7f,0xff,0xbf,0x40,
0x00,0x00,0x00,0x40,0xbf,0xff,0x7f,0x00,0x00,0x00,
0x40,0xbf,0xff,0x7f,0x00,0x00,0x00,0x00,0x00,0x00,
0x7f,0xff,0xbf,0x40,0x00,0x00,0x00,0x40,0xbf,0xff,
0x7f,0x00,0x00,0x00,0x00,0x00,0x00,0x00,0x00,0x40,
0xbf,0xff,0x7f,0x00,0x00,0x00,0x00,0x00,0x00,0x3f,
0x7f,0x5f,0x20,0x00,0x00,0x00,0x00,0x00,0x00,0x00,
0x00,0x5f,0xbf,0x9f,0x60,0x40,0x20,0x00,0x00,0x00,
0x00,0x00,0x00,0x00,0x00,0x00,0x00,0x00,0x00,0x00,
0x20,0x40,0x60,0x9f,0xbf,0x5f,0x00,0x00,0x00,0x00,
0x00,0x00,0x00,0x00,0x00,0x00,0x00,0x7f,0xff,0xbf,
0x40,0x00,0x00,0x00,0x00,0x00,0x00,0x3f,0x7f,0x7f,
0x7f,0x7f,0x3f,0x00,0x20,0x5f,0x7f,0x7f,0x7f,0x5f,
0x20,0x00,0x3f,0x7f,0x7f,0x7f,0x7f,0x3f,0x00,0x7f,
0xff,0xbf,0x40,0x00,0x00,0x00,0x00,0x00,0x00,0x7f,
0xff,0xbf,0x40,0x00,0x7f,0xff,0xbf,0x40,0x00,0x00,
0x00,0x00,0x00,0x00,0x7f,0xff,0xbf,0x40,0x00,0x7f,
0xff,0xbf,0x40,0x00,0x00,0x00,0x00,0x00,0x00,0x00,
0x00,0x00,0x00,0x00,0x7f,0xff,0xbf,0x40,0x00,0x00,
0x00,0x00,0x00,0x00,0x7f,0xff,0xbf,0x40,0x00,0x7f,
0xff,0xbf,0x40,0x00,0x00,0x00,0x00,0x00,0x00,0x00,
0x00,0x7f,0xff,0xbf,0x40,0x00,0x00,0x00,0x00,0x00,
0x00,0x00,0x00,0x7f,0xff,0xbf,0x40,0x00,0x00,0x00,
0x00,0x00,0x00,0x7f,0xff,0xbf,0x40,0x00,0x00,0x00,
0x00,0x00,0x00,0x00,0x00,0x00,0x00,0x00,0x00,0x00,
0x00,0x00,0x00,0x00,0x00,0x00,0x00,0x40,0xbf,0xff,
0x7f,0x00,0x7f,0xff,0xbf,0x40,0x00,0x00,0x00,0x40,
0xbf,0xff,0x7f,0x00,0x00,0x00,0x40,0xbf,0xff,0x7f,
0x00,0x00,0x00,0x00,0x00,0x00,0x7f,0xff,0xbf,0x40,
0x00,0x00,0x00,0x40,0xbf,0xff,0x7f,0x00,0x00,0x00,
0x00,0x00,0x00,0x00,0x00,0x40,0xbf,0xff,0x7f,0x00,
0x00,0x00,0x00,0x00,0x00,0x00,0x00,0x00,0x00,0x00,
0x00,0x00,0x00,0x00,0x00,0x00,0x00,0x20,0x40,0x60,
0x9f,0xbf,0x5f,0x00,0x00,0x00,0x00,0x00,0x00,0x00,
0x00,0x00,0x00,0x00,0x00,0x00,0x5f,0xbf,0x9f,0x60,
0x40,0x20,0x00,0x00,0x00,0x00,0x00,0x00,0x00,0x00,
0x00,0x00,0x00,0x7f,0xff,0xbf,0x40,0x00,0x00,0x00,
0x00,0x00,0x00,0x00,0x00,0x40,0xbf,0xff,0x7f,0x00,
0x00,0x00,0x00,0x00,0x00,0x00,0x00,0x00,0x00,0x00,
0x00,0x00,0x00,0x00,0x00,0x7f,0xff,0xbf,0x40,0x00,
0x00,0x00,0x00,0x00,0x00,0x7f,0xff,0xbf,0x40,0x00,
0x7f,0xff,0xbf,0x40,0x00,0x00,0x00,0x00,0x00,0x00,
0x7f,0xff,0xbf,0x40,0x00,0x7f,0xff,0xbf,0x40,0x00,
0x00,0x00,0x00,0x00,0x00,0x00,0x00,0x00,0x00,0x00,
0x7f,0xff,0xbf,0x40,0x00,0x00,0x00,0x00,0x00,0x00,
0x7f,0xff,0xbf,0x40,0x00,0x7f,0xff,0xbf,0x40,0x00,
0x00,0x00,0x00,0x00,0x00,0x00,0x00,0x7f,0xff,0xbf,
0x40,0x00,0x00,0x00,0x00,0x00,0x00,0x00,0x00,0x7f,
0xff,0xbf,0x40,0x00,0x00,0x00,0x00,0x00,0x00,0x7f,
0xff,0xbf,0x40,0x00,0x00,0x00,0x00,0x00,0x00,0x00,
0x00,0x00,0x00,0x00,0x00,0x00,0x00,0x00,0x00,0x00,
0x00,0x00,0x00,0x40,0xbf,0xff,0x7f,0x00,0x7f,0xff,
0xbf,0x40,0x00,0x00,0x00,0x40,0xbf,0xff,0x7f,0x00,
0x00,0x00,0x40,0xbf,0xff,0x7f,0x00,0x00,0x00,0x00,
0x00,0x00,0x7f,0xff,0xbf,0x40,0x00,0x00,0x00,0x40,
0xbf,0xff,0x7f,0x00,0x00,0x00,0x00,0x00,0x00,0x00,
0x00,0x40,0xbf,0xff,0x7f,0x00,0x00,0x00,0x00,0x00,
0x00,0x00,0x00,0x00,0x00,0x00,0x00,0x00,0x00,0x00,
0x00,0x00,0x00,0x00,0x00,0x40,0xbf,0xff,0x7f,0x00,
0x00,0x00,0x00,0x00,0x00,0x00,0x00,0x00,0x00,0x00,
0x00,0x00,0x7f,0xff,0xbf,0x40,0x00,0x00,0x00,0x00,
0x00,0x00,0x00,0x00,0x00,0x00,0x00,0x00,0x00,0x7f,
0xff,0xbf,0x40,0x00,0x00,0x00,0x00,0x00,0x00,0x00,
0x00,0x30,0x8f,0xbf,0x7f,0x40,0x40,0x40,0x40,0x40,
0x40,0x40,0x40,0x40,0x40,0x40,0x30,0x10,0x00,0x00,
0x00,0x7f,0xff,0xbf,0x40,0x00,0x00,0x00,0x00,0x00,
0x00,0x7f,0xff,0xbf,0x40,0x00,0x7f,0xff,0xbf,0x40,
0x00,0x00,0x00,0x00,0x00,0x00,0x7f,0xff,0xbf,0x40,
0x00,0x7f,0xff,0xbf,0x40,0x00,0x00,0x00,0x00,0x00,
0x00,0x00,0x00,0x00,0x00,0x00,0x7f,0xff,0xbf,0x40,
0x00,0x00,0x00,0x00,0x00,0x00,0x7f,0xff,0xbf,0x40,
0x00,0x7f,0xff,0xbf,0x40,0x00,0x00,0x00,0x00,0x00,
0x00,0x00,0x00,0x7f,0xff,0xbf,0x40,0x00,0x00,0x00,
0x00,0x00,0x00,0x00,0x00,0x7f,0xff,0xbf,0x40,0x00,
0x00,0x00,0x00,0x00,0x00,0x7f,0xff,0xbf,0x40,0x00,
0x00,0x00,0x00,0x00,0x00,0x00,0x00,0x00,0x00,0x00,
0x00,0x00,0x3f,0x7f,0x5f,0x20,0x00,0x00,0x00,0x40,
0xbf,0xff,0x7f,0x00,0x7f,0xff,0xbf,0x40,0x00,0x00,
0x00,0x40,0xbf,0xff,0x7f,0x00,0x00,0x00,0x40,0xbf,
0xff,0x7f,0x00,0x00,0x00,0x00,0x00,0x00,0x7f,0xff,
0xbf,0x40,0x00,0x00,0x00,0x40,0xbf,0xff,0x7f,0x00,
0x00,0x00,0x00,0x00,0x00,0x3f,0x7f,0x7f,0x7f,0x7f,
0x3f,0x00,0x00,0x00,0x00,0x00,0x00,0x00,0x00,0x00,
0x00,0x00,0x00,0x00,0x00,0x00,0x00,0x00,0x00,0x00,
0x00,0x20,0x5f,0x7f,0x3f,0x00,0x00,0x00,0x00,0x00,
0x00,0x00,0x00,0x00,0x00,0x00,0x00,0x00,0x3f,0x7f,
0x5f,0x20,0x00,0x00,0x00,0x00,0x00,0x00,0x00,0x00,
0x00,0x00,0x00,0x00,0x00,0x3f,0x7f,0x5f,0x20,0x00,
0x00,0x00,0x00,0x00,0x00,0x00,0x00,0x10,0x30,0x40,
0x7f,0xbf,0xbf,0xbf,0xbf,0xbf,0xbf,0xbf,0xbf,0xbf,
0xbf,0xbf,0x8f,0x30,0x00,0x00,0x00,0x7f,0xff,0xbf,
0x40,0x00,0x00,0x00,0x00,0x00,0x00,0x7f,0xff,0xbf,
0x40,0x00,0x7f,0xff,0xbf,0x40,0x00,0x00,0x00,0x00,
0x00,0x00,0x7f,0xff,0xbf,0x40,0x00,0x7f,0xff,0xbf,
0x40,0x00,0x00,0x00,0x00,0x00,0x00,0x3f,0x7f,0x5f,
0x20,0x00,0x7f,0xff,0xbf,0x40,0x00,0x00,0x00,0x20,
0x5f,0x7f,0x7f,0x7f,0x5f,0x20,0x00,0x7f,0xff,0xbf,
0x40,0x00,0x00,0x00,0x00,0x00,0x00,0x00,0x00,0x7f,
0xff,0xbf,0x40,0x00,0x00,0x00,0x00,0x00,0x00,0x00,
0x00,0x7f,0xff,0xbf,0x40,0x00,0x00,0x00,0x00,0x00,
0x00,0x7f,0xff,0xbf,0x40,0x00,0x00,0x00,0x00,0x00,
0x00,0x00,0x00,0x00,0x00,0x00,0x00,0x00,0x7f,0xff,
0xbf,0x40,0x00,0x00,0x00,0x40,0xbf,0xff,0x7f,0x00,
0x7f,0xff,0xbf,0x40,0x00,0x00,0x00,0x40,0xbf,0xff,
0x7f,0x00,0x00,0x00,0x40,0xbf,0xff,0x7f,0x00,0x00,
0x00,0x00,0x00,0x00,0x7f,0xff,0xbf,0x40,0x00,0x00,
0x00,0x40,0xbf,0xff,0x7f,0x00,0x00,0x00,0x00,0x00,
0x00,0x7f,0xff,0xbf,0x40,0x00,0x00,0x00,0x00,0x00,
0x00,0x00,0x00,0x00,0x00,0x00,0x00,0x00,0x00,0x00,
0x00,0x00,0x00,0x00,0x00,0x00,0x00,0x00,0x00,0x00,
0x00,0x00,0x00,0x00,0x00,0x00,0x00,0x00,0x00,0x00,
0x00,0x00,0x00,0x00,0x00,0x00,0x00,0x00,0x00,0x00,
0x00,0x00,0x00,0x00,0x00,0x00,0x00,0x00,0x00,0x00,
0x00,0x00,0x00,0x00,0x00,0x00,0x00,0x00,0x00,0x00,
0x00,0x00,0x00,0x00,0x00,0x00,0x7f,0xff,0xff,0xff,
0xff,0xff,0xff,0xff,0xff,0xff,0xff,0xff,0xbf,0x40,
0x00,0x00,0x00,0x7f,0xff,0xbf,0x40,0x00,0x00,0x00,
0x00,0x00,0x00,0x7f,0xff,0xbf,0x40,0x00,0x7f,0xff,
0xbf,0x40,0x00,0x00,0x00,0x00,0x00,0x00,0x7f,0xff,
0xbf,0x40,0x00,0x7f,0xff,0xbf,0x40,0x00,0x00,0x00,
0x00,0x00,0x00,0x7f,0xff,0xbf,0x40,0x00,0x7f,0xff,
0xbf,0x40,0x00,0x00,0x00,0x40,0xbf,0xff,0x7f,0x00,
0x00,0x00,0x00,0x7f,0xff,0xbf,0x40,0x00,0x00,0x00,
0x00,0x00,0x00,0x00,0x00,0x7f,0xff,0xbf,0x40,0x00,
0x00,0x00,0x00,0x00,0x00,0x00,0x00,0x7f,0xff,0xbf,
0x40,0x00,0x00,0x00,0x00,0x00,0x00,0x7f,0xff,0xbf,
0x40,0x00,0x00,0x00,0x00,0x00,0x00,0x00,0x00,0x00,
0x00,0x00,0x00,0x00,0x5f,0xbf,0x9f,0x60,0x40,0x40,
0x40,0x60,0x9f,0xbf,0x5f,0x00,0x5f,0xbf,0x9f,0x60,
0x40,0x40,0x40,0x60,0x9f,0xbf,0x5f,0x00,0x00,0x00,
0x40,0xbf,0xff,0x7f,0x00,0x00,0x00,0x00,0x00,0x00,
0x5f,0xbf,0x9f,0x60,0x40,0x40,0x40,0x60,0x9f,0xbf,
0x5f,0x00,0x00,0x00,0x10,0x30,0x40,0x7f,0xbf,0x8f,
0x30,0x00,0x00,0x00,0x00,0x00,0x00,0x00,0x00,0x00,
0x00,0x00,0x00,0x00,0x00,0x00,0x00,0x00,0x00,0x00,
0x00,0x00,0x00,0x00,0x00,0x00,0x00,0x00,0x00,0x00,
0x00,0x00,0x00,0x00,0x00,0x00,0x00,0x00,0x00,0x00,
0x00,0x00,0x00,0x00,0x00,0x00,0x00,0x00,0x00,0x00,
0x00,0x00,0x00,0x00,0x00,0x00,0x00,0x20,0x40,0x30,
0x10,0x00,0x00,0x00,0x00,0x00,0x00,0x00,0x00,0x00,
0x00,0x00,0x3f,0x7f,0x7f,0x7f,0x7f,0x7f,0x7f,0x7f,
0x7f,0x7f,0x7f,0x7f,0x5f,0x20,0x00,0x00,0x00,0x7f,
0xff,0xbf,0x40,0x00,0x00,0x00,0x00,0x00,0x00,0x7f,
0xff,0xbf,0x40,0x00,0x7f,0xff,0xcf,0x6f,0x40,0x40,
0x40,0x40,0x40,0x40,0x7f,0xbf,0x8f,0x30,0x00,0x5f,
0xbf,0x9f,0x60,0x40,0x40,0x40,0x40,0x40,0x40,0x7f,
0xbf,0x8f,0x30,0x00,0x7f,0xff,0xcf,0x6f,0x40,0x40,
0x40,0x60,0x9f,0xbf,0x5f,0x00,0x00,0x00,0x00,0x7f,
0xff,0xcf,0x6f,0x40,0x40,0x40,0x40,0x40,0x40,0x20,
0x00,0x7f,0xff,0xbf,0x40,0x00,0x00,0x00,0x00,0x00,
0x00,0x00,0x00,0x5f,0xbf,0x9f,0x60,0x40,0x40,0x40,
0x40,0x40,0x40,0x7f,0xbf,0x8f,0x30,0x00,0x00,0x00,
0x00,0x00,0x00,0x00,0x00,0x00,0x00,0x00,0x00,0x00,
0x20,0x40,0x60,0x9f,0xbf,0xbf,0xbf,0x9f,0x60,0x40,
0x20,0x00,0x20,0x40,0x60,0x9f,0xbf,0xbf,0xbf,0x9f,
0x60,0x40,0x20,0x00,0x00,0x00,0x40,0xbf,0xff,0x7f,
0x00,0x00,0x00,0x00,0x00,0x00,0x20,0x40,0x60,0x9f,
0xbf,0xbf,0xbf,0x9f,0x60,0x40,0x20,0x00,0x00,0x00,
0x30,0x8f,0xbf,0x7f,0x40,0x30,0x10,0x00,0x00,0x00,
0x00,0x00,0x00,0x00,0x00,0x00,0x00,0x00,0x00,0x00,
0x00,0x00,0x00,0x00,0x00,0x00,0x00,0x00,0x00,0x00,
0x00,0x00,0x00,0x00,0x00,0x00,0x00,0x00,0x00,0x00,
0x00,0x00,0x00,0x00,0x00,0x00,0x00,0x00,0x00,0x00,
0x00,0x00,0x00,0x00,0x00,0x00,0x00,0x00,0x00,0x00,
0x00,0x00,0x00,0x5f,0xbf,0x8f,0x30,0x00,0x00,0x00,
0x00,0x00,0x00,0x00,0x00,0x00,0x00,0x00,0x00,0x00,
0x00,0x00,0x00,0x00,0x00,0x00,0x00,0x00,0x00,0x00,
0x00,0x00,0x00,0x00,0x00,0x7f,0xff,0xbf,0x40,0x00,
0x00,0x00,0x00,0x00,0x00,0x7f,0xff,0xbf,0x40,0x00,
0x7f,0xff,0xef,0xcf,0xbf,0xbf,0xbf,0xbf,0xbf,0xbf,
0x7f,0x40,0x30,0x10,0x00,0x20,0x40,0x60,0x9f,0xbf,
0xbf,0xbf,0xbf,0xbf,0xbf,0x7f,0x40,0x30,0x10,0x00,
0x7f,0xff,0xef,0xcf,0xbf,0xbf,0xbf,0x9f,0x60,0x40,
0x20,0x00,0x00,0x00,0x00,0x7f,0xff,0xef,0xcf,0xbf,
0xbf,0xbf,0xbf,0xbf,0xbf,0x5f,0x00,0x7f,0xff,0xbf,
0x40,0x00,0x00,0x00,0x00,0x00,0x00,0x00,0x00,0x20,
0x40,0x60,0x9f,0xbf,0xbf,0xbf,0xbf,0xbf,0xbf,0x7f,
0x40,0x30,0x10,0x00,0x00,0x00,0x00,0x00,0x00,0x00,
0x00,0x00,0x00,0x00,0x00,0x00,0x00,0x00,0x40,0xbf,
0xff,0xff,0xff,0xbf,0x40,0x00,0x00,0x00,0x00,0x00,
0x40,0xbf,0xff,0xff,0xff,0xbf,0x40,0x00,0x00,0x00,
0x00,0x00,0x40,0xbf,0xff,0x7f,0x00,0x00,0x00,0x00,
0x00,0x00,0x00,0x00,0x40,0xbf,0xff,0xff,0xff,0xbf,
0x40,0x00,0x00,0x00,0x00,0x00,0x40,0xbf,0xff,0x7f,
0x00,0x00,0x00,0x00,0x00,0x00,0x00,0x00,0x00,0x00,
0x00,0x00,0x00,0x00,0x00,0x00,0x00,0x00,0x00,0x00,
0x00,0x00,0x00,0x00,0x00,0x00,0x00,0x00,0x00,0x00,
0x00,0x00,0x00,0x00,0x00,0x00,0x00,0x00,0x00,0x00,
0x00,0x00,0x00,0x00,0x00,0x00,0x00,0x00,0x00,0x00,
0x00,0x00,0x00,0x00,0x00,0x00,0x00,0x00,0x00,0x7f,
0xff,0xbf,0x40,0x00,0x00,0x00,0x00,0x00,0x00,0x00,
0x00,0x00,0x00,0x00,0x00,0x00,0x00,0x00,0x00,0x00,
0x00,0x00,0x00,0x00,0x00,0x00,0x00,0x00,0x00,0x00,
0x00,0x7f,0xff,0xbf,0x40,0x00,0x00,0x00,0x00,0x00,
0x00,0x7f,0xff,0xbf,0x40,0x00,0x7f,0xff,0xff,0xff,
0xff,0xff,0xff,0xff,0xff,0xff,0x7f,0x00,0x00,0x00,
0x00,0x00,0x00,0x40,0xbf,0xff,0xff,0xff,0xff,0xff,
0xff,0x7f,0x00,0x00,0x00,0x00,0x7f,0xff,0xff,0xff,
0xff,0xff,0xff,0xbf,0x40,0x00,0x00,0x00,0x00,0x00,
0x00,0x7f,0xff,0xff,0xff,0xff,0xff,0xff,0xff,0xff,
0xff,0x7f,0x00,0x7f,0xff,0xbf,0x40,0x00,0x00,0x00,
0x00,0x00,0x00,0x00,0x00,0x00,0x00,0x40,0xbf,0xff,
0xff,0xff,0xff,0xff,0xff,0x7f,0x00,0x00,0x00,0x00,
0x00,0x00,0x00,0x00,0x00,0x00,0x00,0x00,0x00,0x00,
0x00,0x00,0x00,0x00,0x20,0x5f,0x7f,0x7f,0x7f,0x5f,
0x20,0x00,0x00,0x00,0x00,0x00,0x20,0x5f,0x7f,0x7f,
0x7f,0x5f,0x20,0x00,0x00,0x00,0x00,0x00,0x20,0x5f,
0x7f,0x3f,0x00,0x00,0x00,0x00,0x00,0x00,0x00,0x00,
0x20,0x5f,0x7f,0x7f,0x7f,0x5f,0x20,0x00,0x00,0x00,
0x00,0x00,0x20,0x5f,0x7f,0x3f,0x00,0x00,0x00,0x00,
0x00,0x00,0x00,0x00,0x00,0x00,0x00,0x00,0x00,0x00,
0x00,0x00,0x00,0x00,0x00,0x00,0x00,0x00,0x00,0x00,
0x00,0x00,0x00,0x00,0x00,0x00,0x00,0x00,0x00,0x00,
0x00,0x00,0x00,0x00,0x00,0x00,0x00,0x00,0x00,0x00,
0x00,0x00,0x00,0x00,0x00,0x00,0x00,0x00,0x00,0x00,
0x00,0x00,0x00,0x00,0x00,0x3f,0x7f,0x5f,0x20,0x00,
0x00,0x00,0x00,0x00,0x00,0x00,0x00,0x00,0x00,0x00,
0x00,0x00,0x00,0x00,0x00,0x00,0x00,0x00,0x00,0x00,
0x00,0x00,0x00,0x00,0x00,0x00,0x00,0x3f,0x7f,0x5f,
0x20,0x00,0x00,0x00,0x00,0x00,0x00,0x3f,0x7f,0x5f,
0x20,0x00,0x3f,0x7f,0x7f,0x7f,0x7f,0x7f,0x7f,0x7f,
0x7f,0x7f,0x3f,0x00,0x00,0x00,0x00,0x00,0x00,0x20,
0x5f,0x7f,0x7f,0x7f,0x7f,0x7f,0x7f,0x3f,0x00,0x00,
0x00,0x00,0x3f,0x7f,0x7f,0x7f,0x7f,0x7f,0x7f,0x5f,
0x20,0x00,0x00,0x00,0x00,0x00,0x00,0x3f,0x7f,0x7f,
0x7f,0x7f,0x7f,0x7f,0x7f,0x7f,0x7f,0x3f,0x00,0x3f,
0x7f,0x5f,0x20,0x00,0x00,0x00,0x00,0x00,0x00,0x00,
0x00,0x00,0x00,0x20,0x5f,0x7f,0x7f,0x7f,0x7f,0x7f,
0x7f,0x3f,0x00,0x00,0x00,0x00,0x00,0x00,0x00,0x00,
0x00,0x00,0x00,0x00,0x00,0x00,0x00,0x00,0x00,0x00,
0x00,0x00,0x00,0x00,0x00,0x00,0x00,0x00,0x00,0x00,
0x00,0x00,0x00,0x00,0x00,0x00,0x00,0x00,0x00,0x00,
0x00,0x00,0x00,0x00,0x00,0x00,0x00,0x00,0x00,0x00,
0x00,0x00,0x00,0x00,0x00,0x00,0x00,0x00,0x00,0x00,
0x00,0x00,0x00,0x00,0x00,0x00,0x00,0x00,0x00,0x00,
0x00,0x00,0x00,0x00,0x00,0x00,0x00,0x00,0x00,0x00,
0x00,0x00,0x00,0x00,0x00,0x00,0x00,0x00,0x00,0x00,
0x00,0x00,0x00,0x00,0x00,0x00,0x00,0x00,0x00,0x00,
0x00,0x00,0x00,0x00,0x00,0x00,0x00,0x00,0x00,0x00,
0x00,0x00,0x00,0x00,0x00,0x00,0x00,0x00,0x00,0x00,
0x00,0x00,0x00,0x00,0x00,0x00,0x00,0x00,0x00,0x00,
0x00,0x00,0x00,0x00,0x00,0x00,0x00,0x00,0x00,0x00,
0x00,0x00,0x00,0x00,0x00,0x00,0x00,0x00,0x00,0x00,
0x00,0x00,0x00,0x00,0x00,0x00,0x00,0x00,0x00,0x00,
0x00,0x00,0x00,0x00,0x00,0x00,0x00,0x00,0x00,0x00,
0x00,0x00,0x00,0x00,0x00,0x00,0x00,0x00,0x00,0x00,
0x00,0x00,0x00,0x00,0x00,0x00,0x00,0x00,0x00,0x00,
0x00,0x00,0x00,0x00,0x00,0x00,0x00,0x00,0x00,0x00,
0x00,0x00,0x00,0x00,0x00,0x00,0x00,0x00,0x00,0x00,
0x00,0x00,0x00,0x00,0x00,0x00,0x00,0x00,0x00,0x00,
0x00,0x00,0x00,0x00,0x00,0x00,0x00,0x00,0x00,0x00,
0x00,0x00,0x00,0x00,0x00,0x00,0x00,0x00,0x00,0x00,
0x00,0x00,0x00,0x00,0x00,0x00,0x00,0x00,0x00,0x00,
0x00,0x00,0x00,0x00,0x00,0x00,0x00,0x00,0x00,0x00,
0x00,0x00,0x00,0x00,0x00,0x00,0x00,0x00,0x00,0x00,
0x00,0x00,0x00,0x00,0x20,0x40,0x30,0x10,0x00,0x00,
0x00,0x00,0x00,0x00,0x20,0x40,0x30,0x10,0x00,0x20,
0x40,0x40,0x40,0x40,0x40,0x40,0x30,0x10,0x00,0x00,
0x00,0x00,0x00,0x00,0x20,0x40,0x40,0x40,0x40,0x40,
0x40,0x30,0x10,0x00,0x20,0x40,0x30,0x10,0x00,0x00,
0x00,0x00,0x00,0x00,0x20,0x40,0x30,0x10,0x00,0x20,
0x40,0x30,0x10,0x00,0x00,0x00,0x00,0x00,0x00,0x00,
0x00,0x20,0x40,0x30,0x10,0x00,0x20,0x40,0x30,0x10,
0x00,0x00,0x00,0x10,0x30,0x40,0x20,0x00,0x00,0x00,
0x00,0x20,0x40,0x30,0x10,0x00,0x00,0x00,0x00,0x00,
0x00,0x00,0x00,0x10,0x30,0x40,0x20,0x00,0x00,0x00,
0x10,0x30,0x40,0x40,0x40,0x40,0x40,0x40,0x20,0x00,
0x00,0x00,0x00,0x20,0x40,0x40,0x40,0x40,0x40,0x40,
0x40,0x40,0x40,0x20,0x00,0x00,0x00,0x00,0x00,0x00,
0x10,0x30,0x40,0x40,0x40,0x40,0x40,0x40,0x20,0x00,
0x00,0x00,0x00,0x20,0x40,0x40,0x40,0x40,0x40,0x40,
0x40,0x40,0x40,0x20,0x00,0x00,0x00,0x00,0x00,0x00,
0x10,0x30,0x40,0x40,0x40,0x40,0x40,0x40,0x20,0x00,
0x00,0x00,0x00,0x20,0x40,0x40,0x40,0x40,0x40,0x40,
0x40,0x40,0x40,0x40,0x40,0x30,0x10,0x00,0x20,0x40,
0x30,0x10,0x00,0x00,0x00,0x00,0x00,0x00,0x20,0x40,
0x30,0x10,0x00,0x20,0x40,0x30,0x10,0x00,0x00,0x00,
0x00,0x00,0x00,0x20,0x40,0x30,0x10,0x00,0x20,0x40,
0x30,0x10,0x00,0x00,0x00,0x00,0x00,0x00,0x00,0x00,
0x00,0x00,0x00,0x00,0x00,0x00,0x00,0x00,0x20,0x40,
0x30,0x10,0x00,0x00,0x00,0x00,0x00,0x00,0x00,0x00,
0x5f,0xbf,0x8f,0x30,0x00,0x00,0x00,0x00,0x00,0x00,
0x5f,0xbf,0x8f,0x30,0x00,0x5f,0xbf,0xbf,0xbf,0xbf,
0xbf,0xbf,0x8f,0x30,0x00,0x00,0x00,0x00,0x00,0x00,
0x5f,0xbf,0xbf,0xbf,0xbf,0xbf,0xbf,0x8f,0x30,0x00,
0x5f,0xbf,0x8f,0x30,0x00,0x00,0x00,0x00,0x00,0x00,
0x5f,0xbf,0x8f,0x30,0x00,0x5f,0xbf,0x8f,0x30,0x00,
0x00,0x00,0x00,0x00,0x00,0x00,0x00,0x5f,0xbf,0x8f,
0x30,0x00,0x5f,0xbf,0x8f,0x30,0x00,0x00,0x00,0x30,
0x8f,0xbf,0x5f,0x00,0x00,0x00,0x00,0x5f,0xbf,0x8f,
0x30,0x00,0x00,0x00,0x00,0x00,0x00,0x00,0x00,0x30,
0x8f,0xbf,0x5f,0x00,0x00,0x00,0x30,0x8f,0xbf,0xbf,
0xbf,0xbf,0xbf,0xbf,0x5f,0x00,0x00,0x00,0x00,0x5f,
0xbf,0xbf,0xbf,0xbf,0xbf,0xbf,0xbf,0xbf,0xbf,0x5f,
0x00,0x00,0x00,0x00,0x00,0x00,0x30,0x8f,0xbf,0xbf,
0xbf,0xbf,0xbf,0xbf,0x5f,0x00,0x00,0x00,0x00,0x5f,
0xbf,0xbf,0xbf,0xbf,0xbf,0xbf,0xbf,0xbf,0xbf,0x5f,
0x00,0x00,0x00,0x00,0x00,0x00,0x30,0x8f,0xbf,0xbf,
0xbf,0xbf,0xbf,0xbf,0x5f,0x00,0x00,0x00,0x00,0x5f,
0xbf,0xbf,0xbf,0xbf,0xbf,0xbf,0xbf,0xbf,0xbf,0xbf,
0xbf,0x8f,0x30,0x00,0x5f,0xbf,0x8f,0x30,0x00,0x00,
0x00,0x00,0x00,0x00,0x5f,0xbf,0x8f,0x30,0x00,0x5f,
0xbf,0x8f,0x30,0x00,0x00,0x00,0x00,0x00,0x00,0x5f,
0xbf,0x8f,0x30,0x00,0x5f,0xbf,0x8f,0x30,0x00,0x00,
0x00,0x00,0x00,0x00,0x00,0x00,0x00,0x00,0x00,0x00,
0x00,0x00,0x00,0x00,0x5f,0xbf,0x8f,0x30,0x00,0x00,
0x00,0x00,0x00,0x00,0x00,0x00,0x7f,0xff,0xbf,0x40,
0x00,0x00,0x00,0x00,0x00,0x00,0x7f,0xff,0xbf,0x40,
0x00,0x7f,0xff,0xff,0xff,0xff,0xff,0xff,0xbf,0x40,
0x00,0x00,0x00,0x00,0x00,0x00,0x7f,0xff,0xff,0xff,
0xff,0xff,0xff,0xbf,0x40,0x00,0x7f,0xff,0xbf,0x40,
0x00,0x00,0x00,0x00,0x00,0x00,0x7f,0xff,0xbf,0x40,
0x00,0x7f,0xff,0xbf,0x40,0x00,0x00,0x00,0x00,0x00,
0x00,0x00,0x00,0x7f,0xff,0xbf,0x40,0x00,0x7f,0xff,
0xbf,0x40,0x00,0x00,0x00,0x40,0xbf,0xff,0x7f,0x00,
0x00,0x00,0x00,0x7f,0xff,0xbf,0x40,0x00,0x00,0x00,
0x00,0x00,0x00,0x00,0x00,0x40,0xbf,0xff,0x7f,0x00,
0x00,0x00,0x40,0xbf,0xff,0xff,0xff,0xff,0xff,0xff,
0x7f,0x00,0x00,0x00,0x00,0x7f,0xff,0xff,0xff,0xff,
0xff,0xff,0xff,0xff,0xff,0x7f,0x00,0x00,0x00,0x00,
0x00,0x00,0x40,0xbf,0xff,0xff,0xff,0xff,0xff,0xff,
0x7f,0x00,0x00,0x00,0x00,0x7f,0xff,0xff,0xff,0xff,
0xff,0xff,0xff,0xff,0xff,0x7f,0x00,0x00,0x00,0x00,
0x00,0x00,0x40,0xbf,0xff,0xff,0xff,0xff,0xff,0xff,
0x7f,0x00,0x00,0x00,0x00,0x7f,0xff,0xff,0xff,0xff,
0xff,0xff,0xff,0xff,0xff,0xff,0xff,0xbf,0x40,0x00,
0x7f,0xff,0xbf,0x40,0x00,0x00,0x00,0x00,0x00,0x00,
0x7f,0xff,0xbf,0x40,0x00,0x7f,0xff,0xbf,0x40,0x00,
0x00,0x00,0x00,0x00,0x00,0x7f,0xff,0xbf,0x40,0x00,
0x7f,0xff,0xbf,0x40,0x00,0x00,0x00,0x00,0x00,0x00,
0x00,0x00,0x00,0x00,0x00,0x00,0x00,0x00,0x00,0x00,
0x7f,0xff,0xbf,0x40,0x00,0x00,0x00,0x00,0x00,0x00,
0x00,0x00,0x7f,0xff,0xbf,0x40,0x00,0x00,0x00,0x00,
0x00,0x00,0x7f,0xff,0xbf,0x40,0x00,0x3f,0x7f,0x9f,
0xdf,0xff,0xbf,0x7f,0x5f,0x20,0x00,0x00,0x00,0x00,
0x00,0x00,0x3f,0x7f,0x9f,0xdf,0xff,0xbf,0x7f,0x5f,
0x20,0x00,0x7f,0xff,0xbf,0x40,0x00,0x00,0x00,0x20,
0x5f,0x7f,0x7f,0x7f,0x5f,0x20,0x00,0x7f,0xff,0xbf,
0x40,0x00,0x00,0x00,0x00,0x00,0x00,0x00,0x00,0x7f,
0xff,0xdf,0x9f,0x7f,0x7f,0x7f,0x7f,0x7f,0x7f,0x7f,
0x7f,0x7f,0x7f,0x7f,0x7f,0x7f,0x5f,0x20,0x00,0x7f,
0xff,0xdf,0x9f,0x7f,0x3f,0x00,0x00,0x00,0x00,0x00,
0x00,0x40,0xbf,0xff,0x7f,0x00,0x3f,0x7f,0x7f,0x7f,
0x7f,0x7f,0x7f,0x7f,0x7f,0x7f,0x7f,0x7f,0x5f,0x20,
0x00,0x7f,0xff,0xdf,0x9f,0x7f,0x7f,0x7f,0x7f,0x7f,
0x7f,0x7f,0x7f,0x5f,0x20,0x00,0x3f,0x7f,0x7f,0x7f,
0x7f,0x7f,0x7f,0x7f,0x7f,0x7f,0x7f,0x7f,0x5f,0x20,
0x00,0x7f,0xff,0xdf,0x9f,0x7f,0x7f,0x7f,0x7f,0x7f,
0x7f,0x7f,0x7f,0x5f,0x20,0x00,0x3f,0x7f,0x7f,0x7f,
0x7f,0x7f,0x7f,0x7f,0x7f,0x7f,0x7f,0x7f,0x5f,0x20,
0x00,0x3f,0x7f,0x7f,0x7f,0x7f,0xbf,0xff,0xdf,0x9f,
0x7f,0x7f,0x7f,0x5f,0x20,0x00,0x7f,0xff,0xbf,0x40,
0x00,0x00,0x00,0x00,0x00,0x00,0x7f,0xff,0xbf,0x40,
0x00,0x7f,0xff,0xbf,0x40,0x00,0x00,0x00,0x00,0x00,
0x00,0x7f,0xff,0xbf,0x40,0x00,0x7f,0xff,0xbf,0x40,
0x00,0x00,0x00,0x00,0x00,0x00,0x00,0x00,0x00,0x00,
0x00,0x00,0x00,0x00,0x00,0x00,0x7f,0xff,0xbf,0x40,
0x00,0x00,0x00,0x00,0x00,0x00,0x00,0x00,0x7f,0xff,
0xbf,0x40,0x00,0x00,0x00,0x00,0x00,0x00,0x7f,0xff,
0xbf,0x40,0x00,0x00,0x00,0x40,0xbf,0xff,0x7f,0x00,
0x00,0x00,0x00,0x00,0x00,0x00,0x00,0x00,0x00,0x00,
0x40,0xbf,0xff,0x7f,0x00,0x00,0x00,0x00,0x7f,0xff,
0xbf,0x40,0x00,0x00,0x00,0x40,0xbf,0xff,0x7f,0x00,
0x00,0x00,0x00,0x7f,0xff,0xbf,0x40,0x00,0x00,0x00,
0x00,0x00,0x00,0x00,0x00,0x7f,0xff,0xff,0xff,0xff,
0x7f,0x00,0x40,0xbf,0xff,0xff,0xff,0xbf,0x40,0x00,
0x7f,0xff,0xbf,0x40,0x00,0x7f,0xff,0xff,0xff,0xff,
0x7f,0x00,0x00,0x00,0x00,0x00,0x00,0x40,0xbf,0xff,
0x7f,0x00,0x7f,0xff,0xbf,0x40,0x00,0x00,0x00,0x00,
0x00,0x00,0x7f,0xff,0xbf,0x40,0x00,0x7f,0xff,0xbf,
0x40,0x00,0x00,0x00,0x00,0x00,0x00,0x7f,0xff,0xbf,
0x40,0x00,0x7f,0xff,0xbf,0x40,0x00,0x00,0x00,0x00,
0x00,0x00,0x7f,0xff,0xbf,0x40,0x00,0x7f,0xff,0xbf,
0x40,0x00,0x00,0x00,0x00,0x00,0x00,0x7f,0xff,0xbf,
0x40,0x00,0x7f,0xff,0xbf,0x40,0x00,0x00,0x00,0x00,
0x00,0x00,0x7f,0xff,0xbf,0x40,0x00,0x00,0x00,0x00,
0x00,0x00,0x7f,0xff,0xbf,0x40,0x00,0x00,0x00,0x00,
0x00,0x00,0x7f,0xff,0xbf,0x40,0x00,0x00,0x00,0x00,
0x00,0x00,0x7f,0xff,0xbf,0x40,0x00,0x7f,0xff,0xbf,
0x40,0x00,0x00,0x00,0x00,0x00,0x00,0x7f,0xff,0xbf,
0x40,0x00,0x7f,0xff,0xbf,0x40,0x00,0x00,0x00,0x00,
0x00,0x00,0x00,0x00,0x00,0x00,0x00,0x00,0x00,0x00,
0x00,0x00,0x7f,0xff,0xbf,0x40,0x00,0x00,0x00,0x00,
0x00,0x00,0x00,0x00,0x7f,0xff,0xbf,0x40,0x00,0x00,
0x00,0x00,0x00,0x00,0x7f,0xff,0xbf,0x40,0x00,0x00,
0x00,0x40,0xbf,0xff,0x7f,0x00,0x00,0x00,0x00,0x00,
0x00,0x00,0x00,0x00,0x00,0x00,0x40,0xbf,0xff,0x7f,
0x00,0x00,0x00,0x00,0x7f,0xff,0xbf,0x40,0x00,0x00,
0x00,0x40,0xbf,0xff,0x7f,0x00,0x00,0x00,0x00,0x7f,
0xff,0xbf,0x40,0x00,0x00,0x00,0x00,0x00,0x00,0x00,
0x00,0x7f,0xff,0xef,0xcf,0xbf,0x5f,0x00,0x40,0xbf,
0xff,0xdf,0xbf,0x8f,0x30,0x00,0x7f,0xff,0xbf,0x40,
0x00,0x7f,0xff,0xff,0xff,0xff,0x7f,0x00,0x00,0x00,
0x00,0x00,0x00,0x40,0xbf,0xff,0x7f,0x00,0x7f,0xff,
0xbf,0x40,0x00,0x00,0x00,0x00,0x00,0x00,0x7f,0xff,
0xbf,0x40,0x00,0x7f,0xff,0xbf,0x40,0x00,0x00,0x00,
0x00,0x00,0x00,0x7f,0xff,0xbf,0x40,0x00,0x7f,0xff,
0xbf,0x40,0x00,0x00,0x00,0x00,0x00,0x00,0x7f,0xff,
0xbf,0x40,0x00,0x7f,0xff,0xbf,0x40,0x00,0x00,0x00,
0x00,0x00,0x00,0x7f,0xff,0xbf,0x40,0x00,0x7f,0xff,
0xbf,0x40,0x00,0x00,0x00,0x00,0x00,0x00,0x5f,0xbf,
0x8f,0x30,0x00,0x00,0x00,0x00,0x00,0x00,0x7f,0xff,
0xbf,0x40,0x00,0x00,0x00,0x00,0x00,0x00,0x7f,0xff,
0xbf,0x40,0x00,0x00,0x00,0x00,0x00,0x00,0x7f,0xff,
0xbf,0x40,0x00,0x7f,0xff,0xbf,0x40,0x00,0x00,0x00,
0x00,0x00,0x00,0x7f,0xff,0xbf,0x40,0x00,0x7f,0xff,
0xbf,0x40,0x00,0x00,0x00,0x00,0x00,0x00,0x20,0x40,
0x30,0x10,0x00,0x00,0x00,0x00,0x00,0x00,0x7f,0xff,
0xbf,0x40,0x00,0x00,0x00,0x00,0x00,0x00,0x00,0x00,
0x7f,0xff,0xbf,0x40,0x00,0x00,0x00,0x00,0x00,0x00,
0x7f,0xff,0xbf,0x40,0x00,0x00,0x00,0x40,0xbf,0xff,
0x7f,0x00,0x00,0x00,0x00,0x00,0x00,0x00,0x00,0x00,
0x00,0x00,0x40,0xbf,0xff,0x7f,0x00,0x00,0x00,0x00,
0x7f,0xff,0xbf,0x40,0x00,0x00,0x00,0x40,0xbf,0xff,
0x7f,0x00,0x00,0x00,0x00,0x7f,0xff,0xbf,0x40,0x00,
0x00,0x00,0x00,0x00,0x00,0x00,0x00,0x7f,0xff,0xcf,
0x6f,0x40,0x20,0x00,0x40,0xbf,0xff,0x9f,0x40,0x30,
0x10,0x00,0x7f,0xff,0xbf,0x40,0x00,0x7f,0xff,0xff,
0xff,0xff,0x7f,0x00,0x00,0x00,0x00,0x00,0x00,0x40,
0xbf,0xff,0x7f,0x00,0x7f,0xff,0xbf,0x40,0x00,0x00,
0x00,0x00,0x00,0x00,0x7f,0xff,0xbf,0x40,0x00,0x7f,
0xff,0xbf,0x40,0x00,0x00,0x00,0x00,0x00,0x00,0x7f,
0xff,0xbf,0x40,0x00,0x7f,0xff,0xbf,0x40,0x00,0x00,
0x00,0x00,0x00,0x00,0x7f,0xff,0xbf,0x40,0x00,0x7f,
0xff,0xbf,0x40,0x00,0x00,0x00,0x00,0x00,0x00,0x7f,
0xff,0xbf,0x40,0x00,0x7f,0xff,0xbf,0x40,0x00,0x00,
0x00,0x00,0x00,0x00,0x20,0x40,0x30,0x10,0x00,0x00,
0x00,0x00,0x00,0x00,0x7f,0xff,0xbf,0x40,0x00,0x00,
0x00,0x00,0x00,0x00,0x7f,0xff,0xbf,0x40,0x00,0x00,
0x00,0x00,0x00,0x00,0x7f,0xff,0xbf,0x40,0x00,0x7f,
0xff,0xbf,0x40,0x00,0x00,0x00,0x00,0x00,0x00,0x7f,
0xff,0xbf,0x40,0x00,0x7f,0xff,0xbf,0x40,0x00,0x00,
0x00,0x00,0x00,0x00,0x5f,0xbf,0x8f,0x30,0x00,0x00,
0x00,0x00,0x00,0x00,0x7f,0xff,0xbf,0x40,0x00,0x00,
0x00,0x00,0x00,0x00,0x00,0x00,0x7f,0xff,0xbf,0x40,
0x00,0x00,0x00,0x00,0x00,0x00,0x7f,0xff,0xbf,0x40,
0x00,0x00,0x00,0x40,0xbf,0xff,0x7f,0x00,0x00,0x00,
0x00,0x00,0x00,0x00,0x00,0x00,0x00,0x00,0x40,0xbf,
0xff,0x7f,0x00,0x00,0x00,0x00,0x7f,0xff,0xbf,0x40,
0x00,0x00,0x00,0x40,0xbf,0xff,0x7f,0x00,0x00,0x00,
0x00,0x7f,0xff,0xbf,0x40,0x00,0x00,0x00,0x00,0x00,
0x00,0x00,0x00,0x7f,0xff,0xbf,0x40,0x00,0x00,0x00,
0x40,0xbf,0xff,0x7f,0x00,0x00,0x00,0x00,0x7f,0xff,
0xbf,0x40,0x00,0x7f,0xff,0xff,0xff,0xff,0x7f,0x00,
0x00,0x00,0x00,0x00,0x00,0x40,0xbf,0xff,0x7f,0x00,
0x7f,0xff,0xbf,0x40,0x00,0x00,0x00,0x00,0x00,0x00,
0x7f,0xff,0xbf,0x40,0x00,0x7f,0xff,0xbf,0x40,0x00,
0x00,0x00,0x00,0x00,0x00,0x7f,0xff,0xbf,0x40,0x00,
0x7f,0xff,0xbf,0x40,0x00,0x00,0x00,0x00,0x00,0x00,
0x7f,0xff,0xbf,0x40,0x00,0x7f,0xff,0xbf,0x40,0x00,
0x00,0x00,0x00,0x00,0x00,0x7f,0xff,0xbf,0x40,0x00,
0x7f,0xff,0xbf,0x40,0x00,0x00,0x00,0x00,0x00,0x00,
0x00,0x00,0x00,0x00,0x00,0x00,0x00,0x00,0x00,0x00,
0x7f,0xff,0xbf,0x40,0x00,0x00,0x00,0x00,0x00,0x00,
0x7f,0xff,0xbf,0x40,0x00,0x00,0x00,0x00,0x00,0x00,
0x7f,0xff,0xbf,0x40,0x00,0x7f,0xff,0xbf,0x40,0x00,
0x00,0x00,0x00,0x00,0x00,0x7f,0xff,0xbf,0x40,0x00,
0x7f,0xff,0xbf,0x40,0x00,0x00,0x00,0x00,0x00,0x00,
0x7f,0xff,0xbf,0x40,0x00,0x00,0x00,0x00,0x00,0x00,
0x7f,0xff,0xbf,0x40,0x00,0x00,0x00,0x00,0x00,0x00,
0x00,0x00,0x7f,0xff,0xbf,0x40,0x00,0x00,0x00,0x00,
0x00,0x00,0x7f,0xff,0xbf,0x40,0x00,0x00,0x00,0x40,
0xbf,0xff,0x7f,0x00,0x00,0x00,0x00,0x00,0x00,0x00,
0x00,0x00,0x00,0x00,0x40,0xbf,0xff,0x7f,0x00,0x00,
0x00,0x00,0x7f,0xff,0xbf,0x40,0x00,0x3f,0x7f,0x7f,
0x7f,0x7f,0x3f,0x00,0x00,0x00,0x00,0x7f,0xff,0xbf,
0x40,0x00,0x00,0x00,0x00,0x00,0x00,0x00,0x00,0x7f,
0xff,0xbf,0x40,0x00,0x00,0x00,0x40,0xbf,0xff,0x7f,
0x00,0x00,0x00,0x00,0x7f,0xff,0xbf,0x40,0x00,0x7f,
0xff,0xdf,0x9f,0x7f,0x7f,0x7f,0x5f,0x20,0x00,0x00,
0x00,0x40,0xbf,0xff,0x7f,0x00,0x7f,0xff,0xbf,0x40,
0x00,0x00,0x00,0x00,0x00,0x00,0x7f,0xff,0xbf,0x40,
0x00,0x7f,0xff,0xbf,0x40,0x00,0x00,0x00,0x00,0x00,
0x00,0x7f,0xff,0xbf,0x40,0x00,0x7f,0xff,0xbf,0x40,
0x00,0x00,0x00,0x00,0x00,0x00,0x7f,0xff,0xbf,0x40,
0x00,0x7f,0xff,0xbf,0x40,0x00,0x00,0x00,0x00,0x00,
0x00,0x7f,0xff,0xbf,0x40,0x00,0x7f,0xff,0xbf,0x40,
0x00,0x00,0x00,0x00,0x00,0x00,0x00,0x00,0x00,0x00,
0x00,0x00,0x00,0x00,0x00,0x00,0x7f,0xff,0xbf,0x40,
0x00,0x00,0x00,0x00,0x00,0x00,0x7f,0xff,0xbf,0x40,
0x00,0x00,0x00,0x00,0x00,0x00,0x7f,0xff,0xbf,0x40,
0x00,0x7f,0xff,0xbf,0x40,0x00,0x00,0x00,0x00,0x00,
0x00,0x7f,0xff,0xbf,0x40,0x00,0x7f,0xff,0xbf,0x40,
0x00,0x00,0x00,0x00,0x00,0x00,0x7f,0xff,0xbf,0x40,
0x00,0x00,0x00,0x00,0x00,0x00,0x7f,0xff,0xbf,0x40,
0x00,0x00,0x00,0x00,0x00,0x00,0x00,0x00,0x7f,0xff,
0xbf,0x40,0x00,0x00,0x00,0x00,0x00,0x00,0x7f,0xff,
0xbf,0x40,0x00,0x00,0x00,0x40,0xbf,0xff,0x7f,0x00,
0x00,0x00,0x00,0x00,0x00,0x00,0x00,0x00,0x00,0x00,
0x40,0xbf,0xff,0x7f,0x00,0x00,0x00,0x00,0x7f,0xff,
0xbf,0x40,0x00,0x7f,0xff,0xbf,0x40,0x00,0x00,0x00,
0x00,0x00,0x00,0x7f,0xff,0xbf,0x40,0x00,0x00,0x00,
0x00,0x00,0x00,0x00,0x00,0x7f,0xff,0xbf,0x40,0x00,
0x00,0x00,0x40,0xbf,0xff,0x7f,0x00,0x00,0x00,0x00,
0x7f,0xff,0xbf,0x40,0x00,0x7f,0xff,0xbf,0x40,0x00,
0x7f,0xff,0xbf,0x40,0x00,0x00,0x00,0x40,0xbf,0xff,
0x7f,0x00,0x7f,0xff,0xbf,0x40,0x00,0x00,0x00,0x00,
0x00,0x00,0x7f,0xff,0xbf,0x40,0x00,0x7f,0xff,0xbf,
0x40,0x00,0x00,0x00,0x00,0x00,0x00,0x7f,0xff,0xbf,
0x40,0x00,0x7f,0xff,0xbf,0x40,0x00,0x00,0x00,0x00,
0x00,0x00,0x7f,0xff,0xbf,0x40,0x00,0x7f,0xff,0xbf,
0x40,0x00,0x00,0x00,0x00,0x00,0x00,0x7f,0xff,0xbf,
0x40,0x00,0x7f,0xff,0xbf,0x40,0x00,0x00,0x00,0x00,
0x00,0x00,0x00,0x00,0x00,0x00,0x00,0x00,0x00,0x00,
0x00,0x00,0x7f,0xff,0xbf,0x40,0x00,0x00,0x00,0x00,
0x00,0x00,0x7f,0xff,0xbf,0x40,0x00,0x00,0x00,0x00,
0x00,0x00,0x7f,0xff,0xbf,0x40,0x00,0x7f,0xff,0xbf,
0x40,0x00,0x00,0x00,0x00,0x00,0x00,0x7f,0xff,0xbf,
0x40,0x00,0x7f,0xff,0xbf,0x40,0x00,0x00,0x00,0x00,
0x00,0x00,0x7f,0xff,0xbf,0x40,0x00,0x00,0x00,0x00,
0x00,0x00,0x7f,0xff,0xbf,0x40,0x00,0x00,0x00,0x00,
0x00,0x00,0x00,0x00,0x7f,0xff,0xcf,0x6f,0x40,0x40,
0x40,0x40,0x40,0x40,0x9f,0xff,0xbf,0x40,0x00,0x00,
0x00,0x40,0xbf,0xff,0x7f,0x00,0x00,0x00,0x00,0x00,
0x00,0x00,0x00,0x00,0x00,0x00,0x40,0xbf,0xff,0x7f,
0x00,0x00,0x00,0x00,0x7f,0xff,0xcf,0x6f,0x40,0x7f,
0xbf,0x8f,0x30,0x00,0x00,0x00,0x00,0x00,0x00,0x7f,
0xff,0xbf,0x40,0x00,0x00,0x00,0x00,0x00,0x00,0x00,
0x00,0x7f,0xff,0xbf,0x40,0x00,0x00,0x00,0x40,0xbf,
0xff,0x7f,0x00,0x00,0x00,0x00,0x7f,0xff,0xbf,0x40,
0x00,0x7f,0xff,0xbf,0x40,0x00,0x5f,0xbf,0x9f,0x60,
0x40,0x20,0x00,0x40,0xbf,0xff,0x7f,0x00,0x7f,0xff,
0xbf,0x40,0x00,0x00,0x00,0x00,0x00,0x00,0x7f,0xff,
0xbf,0x40,0x00,0x7f,0xff,0xcf,0x6f,0x40,0x40,0x40,
0x40,0x40,0x40,0x7f,0xbf,0x8f,0x30,0x00,0x7f,0xff,
0xbf,0x40,0x00,0x00,0x00,0x00,0x00,0x00,0x7f,0xff,
0xbf,0x40,0x00,0x7f,0xff,0xcf,0x6f,0x40,0x40,0x40,
0x40,0x40,0x40,0x7f,0xbf,0x8f,0x30,0x00,0x5f,0xbf,
0x9f,0x60,0x40,0x40,0x40,0x40,0x40,0x40,0x20,0x00,
0x00,0x00,0x00,0x00,0x00,0x00,0x00,0x00,0x7f,0xff,
0xbf,0x40,0x00,0x00,0x00,0x00,0x00,0x00,0x7f,0xff,
0xbf,0x40,0x00,0x00,0x00,0x00,0x00,0x00,0x7f,0xff,
0xbf,0x40,0x00,0x5f,0xbf,0x9f,0x60,0x40,0x20,0x00,
0x10,0x30,0x40,0x7f,0xbf,0x8f,0x30,0x00,0x5f,0xbf,
0x9f,0x60,0x40,0x20,0x00,0x10,0x30,0x40,0x7f,0xbf,
0x9f,0x60,0x40,0x20,0x00,0x10,0x30,0x40,0x7f,0xbf,
0x8f,0x30,0x00,0x00,0x00,0x00,0x00,0x00,0x00,0x00,
0x7f,0xff,0xef,0xcf,0xbf,0xbf,0xbf,0xbf,0xbf,0xbf,
0xdf,0xff,0xbf,0x40,0x00,0x00,0x00,0x40,0xbf,0xff,
0x7f,0x00,0x00,0x00,0x00,0x00,0x00,0x00,0x00,0x00,
0x00,0x00,0x40,0xbf,0xff,0x7f,0x00,0x00,0x00,0x00,
0x7f,0xff,0xef,0xcf,0xbf,0x7f,0x40,0x30,0x10,0x00,
0x00,0x00,0x00,0x00,0x00,0x7f,0xff,0xbf,0x40,0x00,
0x00,0x00,0x00,0x00,0x00,0x00,0x00,0x7f,0xff,0xbf,
0x40,0x00,0x00,0x00,0x40,0xbf,0xff,0x7f,0x00,0x00,
0x00,0x00,0x7f,0xff,0xbf,0x40,0x00,0x7f,0xff,0xbf,
0x40,0x00,0x20,0x40,0x60,0x9f,0xbf,0x5f,0x00,0x40,
0xbf,0xff,0x7f,0x00,0x7f,0xff,0xbf,0x40,0x00,0x00,
0x00,0x00,0x00,0x00,0x7f,0xff,0xbf,0x40,0x00,0x7f,
0xff,0xef,0xcf,0xbf,0xbf,0xbf,0xbf,0xbf,0xbf,0x7f,
0x40,0x30,0x10,0x00,0x7f,0xff,0xbf,0x40,0x00,0x00,
0x00,0x00,0x00,0x00,0x7f,0xff,0xbf,0x40,0x00,0x7f,
0xff,0xef,0xcf,0xbf,0xbf,0xbf,0xbf,0xbf,0xbf,0x7f,
0x40,0x30,0x10,0x00,0x20,0x40,0x60,0x9f,0xbf,0xbf,
0xbf,0xbf,0xbf,0xbf,0x5f,0x00,0x00,0x00,0x00,0x00,
0x00,0x00,0x00,0x00,0x7f,0xff,0xbf,0x40,0x00,0x00,
0x00,0x00,0x00,0x00,0x7f,0xff,0xbf,0x40,0x00,0x00,
0x00,0x00,0x00,0x00,0x7f,0xff,0xbf,0x40,0x00,0x20,
0x40,0x60,0x9f,0xbf,0x5f,0x00,0x30,0x8f,0xbf,0x7f,
0x40,0x30,0x10,0x00,0x20,0x40,0x60,0x9f,0xbf,0x5f,
0x00,0x30,0x8f,0xbf,0x7f,0x40,0x60,0x9f,0xbf,0x5f,
0x00,0x30,0x8f,0xbf,0x7f,0x40,0x30,0x10,0x00,0x00,
0x00,0x00,0x00,0x00,0x00,0x00,0x7f,0xff,0xff,0xff,
0xff,0xff,0xff,0xff,0xff,0xff,0xff,0xff,0xbf,0x40,
0x00,0x00,0x00,0x40,0xbf,0xff,0x7f,0x00,0x00,0x00,
0x00,0x00,0x00,0x00,0x00,0x00,0x00,0x00,0x40,0xbf,
0xff,0x7f,0x00,0x00,0x00,0x00,0x7f,0xff,0xff,0xff,
0xff,0x7f,0x00,0x00,0x00,0x00,0x00,0x00,0x00,0x00,
0x00,0x7f,0xff,0xbf,0x40,0x00,0x00,0x00,0x00,0x00,
0x00,0x00,0x00,0x7f,0xff,0xbf,0x40,0x00,0x00,0x00,
0x40,0xbf,0xff,0x7f,0x00,0x00,0x00,0x00,0x7f,0xff,
0xbf,0x40,0x00,0x7f,0xff,0xbf,0x40,0x00,0x00,0x00,
0x40,0xbf,0xff,0x7f,0x00,0x40,0xbf,0xff,0x7f,0x00,
0x7f,0xff,0xbf,0x40,0x00,0x00,0x00,0x00,0x00,0x00,
0x7f,0xff,0xbf,0x40,0x00,0x7f,0xff,0xff,0xff,0xff,
0xff,0xff,0xff,0xff,0xff,0x7f,0x00,0x00,0x00,0x00,
0x7f,0xff,0xbf,0x40,0x00,0x00,0x00,0x00,0x00,0x00,
0x7f,0xff,0xbf,0x40,0x00,0x7f,0xff,0xff,0xff,0xff,
0xff,0xff,0xff,0xff,0xff,0x7f,0x00,0x00,0x00,0x00,
0x00,0x00,0x40,0xbf,0xff,0xff,0xff,0xff,0xff,0xff,
0x7f,0x00,0x00,0x00,0x00,0x00,0x00,0x00,0x00,0x00,
0x7f,0xff,0xbf,0x40,0x00,0x00,0x00,0x00,0x00,0x00,
0x7f,0xff,0xbf,0x40,0x00,0x00,0x00,0x00,0x00,0x00,
0x7f,0xff,0xbf,0x40,0x00,0x00,0x00,0x40,0xbf,0xff,
0x7f,0x00,0x40,0xbf,0xff,0x7f,0x00,0x00,0x00,0x00,
0x00,0x00,0x40,0xbf,0xff,0x7f,0x00,0x40,0xbf,0xff,
0x7f,0x00,0x40,0xbf,0xff,0x7f,0x00,0x40,0xbf,0xff,
0x7f,0x00,0x00,0x00,0x00,0x00,0x00,0x00,0x00,0x00,
0x00,0x00,0x7f,0xff,0xdf,0x9f,0x7f,0x7f,0x7f,0x7f,
0x7f,0x7f,0xbf,0xff,0xbf,0x40,0x00,0x00,0x00,0x40,
0xbf,0xff,0x7f,0x00,0x00,0x00,0x00,0x00,0x00,0x00,
0x00,0x00,0x00,0x00,0x40,0xbf,0xff,0x7f,0x00,0x00,
0x00,0x00,0x7f,0xff,0xdf,0x9f,0x7f,0x7f,0x7f,0x5f,
0x20,0x00,0x00,0x00,0x00,0x00,0x00,0x7f,0xff,0xbf,
0x40,0x00,0x00,0x00,0x00,0x00,0x00,0x00,0x00,0x7f,
0xff,0xbf,0x40,0x00,0x00,0x00,0x40,0xbf,0xff,0x7f,
0x00,0x00,0x00,0x00,0x7f,0xff,0xbf,0x40,0x00,0x7f,
0xff,0xbf,0x40,0x00,0x00,0x00,0x40,0xbf,0xff,0x7f,
0x00,0x40,0xbf,0xff,0x7f,0x00,0x7f,0xff,0xbf,0x40,
0x00,0x00,0x00,0x00,0x00,0x00,0x7f,0xff,0xbf,0x40,
0x00,0x7f,0xff,0xdf,0x9f,0x7f,0x7f,0x7f,0x7f,0x7f,
0x7f,0x3f,0x00,0x00,0x00,0x00,0x7f,0xff,0xbf,0x40,
0x00,0x00,0x00,0x00,0x00,0x00,0x7f,0xff,0xbf,0x40,
0x00,0x7f,0xff,0xdf,0x9f,0x7f,0xbf,0xff,0xdf,0x9f,
0x7f,0x3f,0x00,0x00,0x00,0x00,0x00,0x00,0x20,0x5f,
0x7f,0x7f,0x7f,0x7f,0x7f,0x7f,0x7f,0x7f,0x5f,0x20,
0x00,0x00,0x00,0x00,0x00,0x00,0x7f,0xff,0xbf,0x40,
0x00,0x00,0x00,0x00,0x00,0x00,0x7f,0xff,0xbf,0x40,
0x00,0x00,0x00,0x00,0x00,0x00,0x7f,0xff,0xbf,0x40,
0x00,0x00,0x00,0x40,0xbf,0xff,0x7f,0x00,0x40,0xbf,
0xff,0x7f,0x00,0x00,0x00,0x00,0x00,0x00,0x40,0xbf,
0xff,0x7f,0x00,0x40,0xbf,0xff,0x7f,0x00,0x40,0xbf,
0xff,0x7f,0x00,0x40,0xbf,0xff,0x7f,0x00,0x00,0x00,
0x00,0x00,0x00,0x00,0x00,0x00,0x00,0x00,0x7f,0xff,
0xbf,0x40,0x00,0x00,0x00,0x00,0x00,0x00,0x7f,0xff,
0xbf,0x40,0x00,0x00,0x00,0x40,0xbf,0xff,0x7f,0x00,
0x00,0x00,0x00,0x00,0x00,0x00,0x00,0x00,0x00,0x00,
0x40,0xbf,0xff,0x7f,0x00,0x00,0x00,0x00,0x7f,0xff,
0xbf,0x40,0x00,0x7f,0xff,0xbf,0x40,0x00,0x00,0x00,
0x00,0x00,0x00,0x7f,0xff,0xbf,0x40,0x00,0x00,0x00,
0x00,0x00,0x00,0x00,0x00,0x7f,0xff,0xbf,0x40,0x00,
0x00,0x00,0x40,0xbf,0xff,0x7f,0x00,0x00,0x00,0x00,
0x7f,0xff,0xbf,0x40,0x00,0x7f,0xff,0xbf,0x40,0x00,
0x00,0x00,0x40,0xbf,0xff,0x7f,0x00,0x40,0xbf,0xff,
0x7f,0x00,0x7f,0xff,0xbf,0x40,0x00,0x00,0x00,0x00,
0x00,0x00,0x7f,0xff,0xbf,0x40,0x00,0x7f,0xff,0xbf,
0x40,0x00,0x00,0x00,0x00,0x00,0x00,0x00,0x00,0x00,
0x00,0x00,0x7f,0xff,0xbf,0x40,0x00,0x00,0x00,0x00,
0x00,0x00,0x7f,0xff,0xbf,0x40,0x00,0x7f,0xff,0xbf,
0x40,0x00,0x7f,0xff,0xbf,0x40,0x00,0x00,0x00,0x00,
0x00,0x00,0x00,0x00,0x00,0x00,0x00,0x00,0x00,0x00,
0x00,0x00,0x7f,0xff,0xbf,0x40,0x00,0x00,0x00,0x00,
0x00,0x00,0x7f,0xff,0xbf,0x40,0x00,0x00,0x00,0x00,
0x00,0x00,0x7f,0xff,0xbf,0x40,0x00,0x00,0x00,0x00,
0x00,0x00,0x7f,0xff,0xbf,0x40,0x00,0x00,0x00,0x40,
0xbf,0xff,0x7f,0x00,0x40,0xbf,0xff,0x7f,0x00,0x00,
0x00,0x00,0x00,0x00,0x40,0xbf,0xff,0x7f,0x00,0x40,
0xbf,0xff,0x7f,0x00,0x40,0xbf,0xff,0x7f,0x00,0x40,
0xbf,0xff,0x7f,0x00,0x00,0x00,0x00,0x00,0x00,0x00,
0x00,0x00,0x00,0x00,0x7f,0xff,0xbf,0x40,0x00,0x00,
0x00,0x00,0x00,0x00,0x7f,0xff,0xbf,0x40,0x00,0x00,
0x00,0x40,0xbf,0xff,0x7f,0x00,0x00,0x00,0x00,0x00,
0x00,0x00,0x00,0x00,0x00,0x00,0x40,0xbf,0xff,0x7f,
0x00,0x00,0x00,0x00,0x7f,0xff,0xbf,0x40,0x00,0x5f,
0xbf,0x9f,0x60,0x40,0x20,0x00,0x00,0x00,0x00,0x7f,
0xff,0xbf,0x40,0x00,0x00,0x00,0x00,0x00,0x00,0x00,
0x00,0x7f,0xff,0xbf,0x40,0x00,0x00,0x00,0x40,0xbf,
0xff,0x7f,0x00,0x00,0x00,0x00,0x7f,0xff,0xbf,0x40,
0x00,0x7f,0xff,0xbf,0x40,0x00,0x00,0x00,0x30,0x8f,
0xbf,0x7f,0x40,0x6f,0xcf,0xff,0x7f,0x00,0x7f,0xff,
0xbf,0x40,0x00,0x00,0x00,0x00,0x00,0x00,0x7f,0xff,
0xbf,0x40,0x00,0x7f,0xff,0xbf,0x40,0x00,0x00,0x00,
0x00,0x00,0x00,0x00,0x00,0x00,0x00,0x00,0x7f,0xff,
0xbf,0x40,0x00,0x20,0x40,0x30,0x10,0x00,0x7f,0xff,
0xbf,0x40,0x00,0x7f,0xff,0xbf,0x40,0x00,0x5f,0xbf,
0x9f,0x60,0x40,0x20,0x00,0x00,0x00,0x00,0x00,0x00,
0x00,0x00,0x00,0x00,0x00,0x00,0x00,0x00,0x7f,0xff,
0xbf,0x40,0x00,0x00,0x00,0x00,0x00,0x00,0x7f,0xff,
0xbf,0x40,0x00,0x00,0x00,0x00,0x00,0x00,0x7f,0xff,
0xbf,0x40,0x00,0x00,0x00,0x00,0x00,0x00,0x7f,0xff,
0xbf,0x40,0x00,0x00,0x00,0x40,0xbf,0xff,0x7f,0x00,
0x40,0xbf,0xff,0x7f,0x00,0x00,0x00,0x00,0x00,0x00,
0x40,0xbf,0xff,0x7f,0x00,0x40,0xbf,0xff,0x7f,0x00,
0x40,0xbf,0xff,0x7f,0x00,0x40,0xbf,0xff,0x7f,0x00,
0x00,0x00,0x00,0x00,0x00,0x00,0x00,0x00,0x00,0x00,
0x7f,0xff,0xbf,0x40,0x00,0x00,0x00,0x00,0x00,0x00,
0x7f,0xff,0xbf,0x40,0x00,0x00,0x00,0x40,0xbf,0xff,
0x7f,0x00,0x00,0x00,0x00,0x00,0x00,0x00,0x00,0x00,
0x00,0x00,0x40,0xbf,0xff,0x7f,0x00,0x00,0x00,0x00,
0x7f,0xff,0xbf,0x40,0x00,0x20,0x40,0x60,0x9f,0xbf,
0x5f,0x00,0x00,0x00,0x00,0x7f,0xff,0xbf,0x40,0x00,
0x00,0x00,0x00,0x00,0x00,0x00,0x00,0x7f,0xff,0xbf,
0x40,0x00,0x00,0x00,0x40,0xbf,0xff,0x7f,0x00,0x00,
0x00,0x00,0x7f,0xff,0xbf,0x40,0x00,0x7f,0xff,0xbf,
0x40,0x00,0x00,0x00,0x10,0x30,0x40,0x7f,0xbf,0xcf,
0xef,0xff,0x7f,0x00,0x7f,0xff,0xbf,0x40,0x00,0x00,
0x00,0x00,0x00,0x00,0x7f,0xff,0xbf,0x40,0x00,0x7f,
0xff,0xbf,0x40,0x00,0x00,0x00,0x00,0x00,0x00,0x00,
0x00,0x00,0x00,0x00,0x7f,0xff,0xbf,0x40,0x00,0x5f,
0xbf,0x8f,0x30,0x00,0x7f,0xff,0xbf,0x40,0x00,0x7f,
0xff,0xbf,0x40,0x00,0x20,0x40,0x60,0x9f,0xbf,0x5f,
0x00,0x00,0x00,0x00,0x00,0x00,0x00,0x00,0x00,0x00,
0x00,0x00,0x00,0x00,0x7f,0xff,0xbf,0x40,0x00,0x00,
0x00,0x00,0x00,0x00,0x7f,0xff,0xbf,0x40,0x00,0x00,
0x00,0x00,0x00,0x00,0x7f,0xff,0xbf,0x40,0x00,0x00,
0x00,0x00,0x00,0x00,0x7f,0xff,0xbf,0x40,0x00,0x00,
0x00,0x40,0xbf,0xff,0x7f,0x00,0x40,0xbf,0xff,0x7f,
0x00,0x00,0x00,0x00,0x00,0x00,0x40,0xbf,0xff,0x7f,
0x00,0x40,0xbf,0xff,0x7f,0x00,0x40,0xbf,0xff,0x7f,
0x00,0x40,0xbf,0xff,0x7f,0x00,0x00,0x00,0x00,0x00,
0x00,0x00,0x00,0x00,0x00,0x00,0x7f,0xff,0xbf,0x40,
0x00,0x00,0x00,0x00,0x00,0x00,0x7f,0xff,0xbf,0x40,
0x00,0x00,0x00,0x40,0xbf,0xff,0x7f,0x00,0x00,0x00,
0x00,0x00,0x00,0x00,0x00,0x00,0x00,0x00,0x40,0xbf,
0xff,0x7f,0x00,0x00,0x00,0x00,0x7f,0xff,0xbf,0x40,
0x00,0x00,0x00,0x40,0xbf,0xff,0x7f,0x00,0x00,0x00,
0x00,0x7f,0xff,0xbf,0x40,0x00,0x00,0x00,0x00,0x00,
0x00,0x00,0x00,0x7f,0xff,0xbf,0x40,0x00,0x00,0x00,
0x40,0xbf,0xff,0x7f,0x00,0x00,0x00,0x00,0x7f,0xff,
0xbf,0x40,0x00,0x7f,0xff,0xbf,0x40,0x00,0x00,0x00,
0x00,0x00,0x00,0x7f,0xff,0xff,0xff,0xff,0x7f,0x00,
0x7f,0xff,0xbf,0x40,0x00,0x00,0x00,0x00,0x00,0x00,
0x7f,0xff,0xbf,0x40,0x00,0x7f,0xff,0xbf,0x40,0x00,
0x00,0x00,0x00,0x00,0x00,0x00,0x00,0x00,0x00,0x00,
0x7f,0xff,0xbf,0x40,0x00,0x7f,0xff,0xbf,0x40,0x00,
0x7f,0xff,0xbf,0x40,0x00,0x7f,0xff,0xbf,0x40,0x00,
0x00,0x00,0x40,0xbf,0xff,0x7f,0x00,0x00,0x00,0x00,
0x00,0x00,0x00,0x00,0x00,0x00,0x00,0x00,0x00,0x00,
0x7f,0xff,0xbf,0x40,0x00,0x00,0x00,0x00,0x00,0x00,
0x7f,0xff,0xbf,0x40,0x00,0x00,0x00,0x00,0x00,0x00,
0x7f,0xff,0xbf,0x40,0x00,0x00,0x00,0x00,0x00,0x00,
0x7f,0xff,0xbf,0x40,0x00,0x00,0x00,0x40,0xbf,0xff,
0x7f,0x00,0x40,0xbf,0xff,0x7f,0x00,0x00,0x00,0x00,
0x00,0x00,0x40,0xbf,0xff,0x7f,0x00,0x40,0xbf,0xff,
0x7f,0x00,0x40,0xbf,0xff,0x7f,0x00,0x40,0xbf,0xff,
0x7f,0x00,0x00,0x00,0x00,0x00,0x00,0x00,0x00,0x00,
0x00,0x00,0x7f,0xff,0xbf,0x40,0x00,0x00,0x00,0x00,
0x00,0x00,0x7f,0xff,0xbf,0x40,0x00,0x00,0x00,0x40,
0xbf,0xff,0x7f,0x00,0x00,0x00,0x00,0x3f,0x7f,0x5f,
0x20,0x00,0x00,0x00,0x40,0xbf,0xff,0x7f,0x00,0x00,
0x00,0x00,0x7f,0xff,0xbf,0x40,0x00,0x00,0x00,0x40,
0xbf,0xff,0x7f,0x00,0x00,0x00,0x00,0x7f,0xff,0xbf,
0x40,0x00,0x00,0x00,0x00,0x00,0x00,0x00,0x00,0x7f,
0xff,0xbf,0x40,0x00,0x00,0x00,0x40,0xbf,0xff,0x7f,
0x00,0x00,0x00,0x00,0x7f,0xff,0xbf,0x40,0x00,0x7f,
0xff,0xbf,0x40,0x00,0x00,0x00,0x00,0x00,0x00,0x7f,
0xff,0xff,0xff,0xff,0x7f,0x00,0x7f,0xff,0xbf,0x40,
0x00,0x00,0x00,0x00,0x00,0x00,0x7f,0xff,0xbf,0x40,
0x00,0x7f,0xff,0xbf,0x40,0x00,0x00,0x00,0x00,0x00,
0x00,0x00,0x00,0x00,0x00,0x00,0x7f,0xff,0xbf,0x40,
0x00,0x3f,0x7f,0x7f,0x7f,0x7f,0x7f,0x7f,0x5f,0x20,
0x00,0x7f,0xff,0xbf,0x40,0x00,0x00,0x00,0x20,0x5f,
0x7f,0x7f,0x7f,0x5f,0x20,0x00,0x3f,0x7f,0x5f,0x20,
0x00,0x00,0x00,0x00,0x00,0x00,0x7f,0xff,0xbf,0x40,
0x00,0x00,0x00,0x00,0x00,0x00,0x7f,0xff,0xbf,0x40,
0x00,0x00,0x00,0x00,0x00,0x00,0x7f,0xff,0xbf,0x40,
0x00,0x00,0x00,0x00,0x00,0x00,0x7f,0xff,0xbf,0x40,
0x00,0x00,0x00,0x20,0x5f,0x7f,0x7f,0x7f,0x7f,0x7f,
0x7f,0x3f,0x00,0x00,0x00,0x00,0x00,0x00,0x20,0x5f,
0x7f,0x7f,0x7f,0x7f,0x7f,0x7f,0x3f,0x00,0x20,0x5f,
0x7f,0x7f,0x7f,0x7f,0x7f,0x7f,0x3f,0x00,0x00,0x00,
0x00,0x00,0x00,0x00,0x00,0x00,0x00,0x00,0x7f,0xff,
0xbf,0x40,0x00,0x00,0x00,0x00,0x00,0x00,0x7f,0xff,
0xbf,0x40,0x00,0x00,0x00,0x40,0xbf,0xff,0x7f,0x00,
0x00,0x00,0x00,0x7f,0xff,0xbf,0x40,0x00,0x00,0x00,
0x40,0xbf,0xff,0x7f,0x00,0x00,0x00,0x00,0x7f,0xff,
0xbf,0x40,0x00,0x00,0x00,0x40,0xbf,0xff,0x7f,0x00,
0x00,0x00,0x00,0x7f,0xff,0xbf,0x40,0x00,0x00,0x00,
0x00,0x00,0x00,0x00,0x00,0x7f,0xff,0xbf,0x40,0x00,
0x00,0x00,0x40,0xbf,0xff,0x7f,0x00,0x00,0x00,0x00,
0x7f,0xff,0xbf,0x40,0x00,0x7f,0xff,0xbf,0x40,0x00,
0x00,0x00,0x00,0x00,0x00,0x7f,0xff,0xff,0xff,0xff,
0x7f,0x00,0x7f,0xff,0xbf,0x40,0x00,0x00,0x00,0x00,
0x00,0x00,0x7f,0xff,0xbf,0x40,0x00,0x7f,0xff,0xbf,
0x40,0x00,0x00,0x00,0x00,0x00,0x00,0x00,0x00,0x00,
0x00,0x00,0x7f,0xff,0xbf,0x40,0x00,0x00,0x00,0x40,
0xbf,0xff,0x7f,0x00,0x00,0x00,0x00,0x7f,0xff,0xbf,
0x40,0x00,0x00,0x00,0x00,0x00,0x00,0x7f,0xff,0xbf,
0x40,0x00,0x7f,0xff,0xbf,0x40,0x00,0x00,0x00,0x00,
0x00,0x00,0x7f,0xff,0xbf,0x40,0x00,0x00,0x00,0x00,
0x00,0x00,0x7f,0xff,0xbf,0x40,0x00,0x00,0x00,0x00,
0x00,0x00,0x7f,0xff,0xbf,0x40,0x00,0x00,0x00,0x00,
0x00,0x00,0x7f,0xff,0xbf,0x40,0x00,0x00,0x00,0x00,
0x00,0x00,0x7f,0xff,0xbf,0x40,0x00,0x00,0x00,0x00,
0x00,0x00,0x00,0x00,0x00,0x00,0x00,0x7f,0xff,0xbf,
0x40,0x00,0x00,0x00,0x00,0x00,0x00,0x7f,0xff,0xbf,
0x40,0x00,0x00,0x00,0x00,0x00,0x00,0x00,0x00,0x00,
0x00,0x00,0x00,0x00,0x7f,0xff,0xbf,0x40,0x00,0x00,
0x00,0x00,0x00,0x00,0x7f,0xff,0xbf,0x40,0x00,0x20,
0x40,0x6f,0xcf,0xff,0x9f,0x40,0x30,0x10,0x00,0x5f,
0xbf,0x9f,0x60,0x40,0x40,0x40,0x60,0x9f,0xbf,0x5f,
0x00,0x00,0x00,0x00,0x7f,0xff,0xbf,0x40,0x00,0x00,
0x00,0x30,0x8f,0xbf,0x7f,0x40,0x30,0x10,0x00,0x7f,
0xff,0xcf,0x6f,0x40,0x40,0x40,0x40,0x40,0x40,0x20,
0x00,0x7f,0xff,0xbf,0x40,0x00,0x00,0x00,0x40,0xbf,
0xff,0x7f,0x00,0x00,0x00,0x00,0x7f,0xff,0xbf,0x40,
0x00,0x7f,0xff,0xbf,0x40,0x00,0x00,0x00,0x00,0x00,
0x00,0x5f,0xbf,0xcf,0xef,0xff,0x7f,0x00,0x5f,0xbf,
0x9f,0x60,0x40,0x40,0x40,0x40,0x40,0x40,0x7f,0xbf,
0x8f,0x30,0x00,0x7f,0xff,0xbf,0x40,0x00,0x00,0x00,
0x00,0x00,0x00,0x00,0x00,0x00,0x00,0x00,0x5f,0xbf,
0x9f,0x60,0x40,0x40,0x40,0x60,0x9f,0xbf,0x7f,0x40,
0x30,0x10,0x00,0x7f,0xff,0xbf,0x40,0x00,0x00,0x00,
0x00,0x00,0x00,0x7f,0xff,0xbf,0x40,0x00,0x5f,0xbf,
0x9f,0x60,0x40,0x40,0x40,0x40,0x40,0x40,0x7f,0xbf,
0x8f,0x30,0x00,0x00,0x00,0x00,0x00,0x00,0x7f,0xff,
0xbf,0x40,0x00,0x00,0x00,0x00,0x00,0x00,0x5f,0xbf,
0x9f,0x60,0x40,0x40,0x40,0x40,0x40,0x40,0x7f,0xbf,
0x8f,0x30,0x00,0x00,0x00,0x00,0x00,0x00,0x7f,0xff,
0xbf,0x40,0x00,0x00,0x00,0x00,0x00,0x00,0x00,0x00,
0x00,0x00,0x00,0x7f,0xff,0xbf,0x40,0x00,0x00,0x00,
0x00,0x00,0x00,0x7f,0xff,0xbf,0x40,0x00,0x00,0x00,
0x00,0x00,0x00,0x00,0x00,0x00,0x00,0x00,0x00,0x00,
0x7f,0xff,0xbf,0x40,0x00,0x00,0x00,0x00,0x00,0x00,
0x7f,0xff,0xbf,0x40,0x00,0x5f,0xbf,0xcf,0xef,0xff,
0xdf,0xbf,0x8f,0x30,0x00,0x20,0x40,0x60,0x9f,0xbf,
0xbf,0xbf,0x9f,0x60,0x40,0x20,0x00,0x00,0x00,0x00,
0x7f,0xff,0xbf,0x40,0x00,0x00,0x00,0x10,0x30,0x40,
0x7f,0xbf,0x8f,0x30,0x00,0x7f,0xff,0xef,0xcf,0xbf,
0xbf,0xbf,0xbf,0xbf,0xbf,0x5f,0x00,0x7f,0xff,0xbf,
0x40,0x00,0x00,0x00,0x40,0xbf,0xff,0x7f,0x00,0x00,
0x00,0x00,0x7f,0xff,0xbf,0x40,0x00,0x7f,0xff,0xbf,
0x40,0x00,0x00,0x00,0x00,0x00,0x00,0x20,0x40,0x6f,
0xcf,0xff,0x7f,0x00,0x20,0x40,0x60,0x9f,0xbf,0xbf,
0xbf,0xbf,0xbf,0xbf,0x7f,0x40,0x30,0x10,0x00,0x7f,
0xff,0xbf,0x40,0x00,0x00,0x00,0x00,0x00,0x00,0x00,
0x00,0x00,0x00,0x00,0x20,0x40,0x60,0x9f,0xbf,0xbf,
0xbf,0x9f,0x60,0x40,0x7f,0xbf,0x8f,0x30,0x00,0x7f,
0xff,0xbf,0x40,0x00,0x00,0x00,0x00,0x00,0x00,0x7f,
0xff,0xbf,0x40,0x00,0x20,0x40,0x60,0x9f,0xbf,0xbf,
0xbf,0xbf,0xbf,0xbf,0x7f,0x40,0x30,0x10,0x00,0x00,
0x00,0x00,0x00,0x00,0x7f,0xff,0xbf,0x40,0x00,0x00,
0x00,0x00,0x00,0x00,0x20,0x40,0x60,0x9f,0xbf,0xbf,
0xbf,0xbf,0xbf,0xbf,0x7f,0x40,0x30,0x10,0x00,0x00,
0x00,0x00,0x00,0x00,0x7f,0xff,0xbf,0x40,0x00,0x00,
0x00,0x00,0x00,0x00,0x00,0x00,0x00,0x00,0x00,0x7f,
0xff,0xbf,0x40,0x00,0x00,0x00,0x00,0x00,0x00,0x7f,
0xff,0xbf,0x40,0x00,0x00,0x00,0x00,0x00,0x00,0x00,
0x00,0x00,0x00,0x00,0x00,0x00,0x7f,0xff,0xbf,0x40,
0x00,0x00,0x00,0x00,0x00,0x00,0x7f,0xff,0xbf,0x40,
0x00,0x7f,0xff,0xff,0xff,0xff,0xff,0xff,0xbf,0x40,
0x00,0x00,0x00,0x40,0xbf,0xff,0xff,0xff,0xbf,0x40,
0x00,0x00,0x00,0x00,0x00,0x00,0x7f,0xff,0xbf,0x40,
0x00,0x00,0x00,0x00,0x00,0x00,0x7f,0xff,0xbf,0x40,
0x00,0x7f,0xff,0xff,0xff,0xff,0xff,0xff,0xff,0xff,
0xff,0x7f,0x00,0x7f,0xff,0xbf,0x40,0x00,0x00,0x00,
0x40,0xbf,0xff,0x7f,0x00,0x00,0x00,0x00,0x7f,0xff,
0xbf,0x40,0x00,0x7f,0xff,0xbf,0x40,0x00,0x00,0x00,
0x00,0x00,0x00,0x00,0x00,0x40,0xbf,0xff,0x7f,0x00,
0x00,0x00,0x40,0xbf,0xff,0xff,0xff,0xff,0xff,0xff,
0x7f,0x00,0x00,0x00,0x00,0x7f,0xff,0xbf,0x40,0x00,
0x00,0x00,0x00,0x00,0x00,0x00,0x00,0x00,0x00,0x00,
0x00,0x00,0x40,0xbf,0xff,0xff,0xff,0xbf,0x40,0x00,
0x7f,0xff,0xbf,0x40,0x00,0x7f,0xff,0xbf,0x40,0x00,
0x00,0x00,0x00,0x00,0x00,0x7f,0xff,0xbf,0x40,0x00,
0x00,0x00,0x40,0xbf,0xff,0xff,0xff,0xff,0xff,0xff,
0x7f,0x00,0x00,0x00,0x00,0x00,0x00,0x00,0x00,0x00,
0x7f,0xff,0xbf,0x40,0x00,0x00,0x00,0x00,0x00,0x00,
0x00,0x00,0x40,0xbf,0xff,0xff,0xff,0xff,0xff,0xff,
0x7f,0x00,0x00,0x00,0x00,0x00,0x00,0x00,0x00,0x00,
0x7f,0xff,0xbf,0x40,0x00,0x00,0x00,0x00,0x00,0x00,
0x00,0x00,0x00,0x00,0x00,0x7f,0xff,0xbf,0x40,0x00,
0x00,0x00,0x00,0x00,0x00,0x7f,0xff,0xbf,0x40,0x00,
0x00,0x00,0x00,0x00,0x00,0x00,0x00,0x00,0x00,0x00,
0x00,0x00,0x3f,0x7f,0x5f,0x20,0x00,0x00,0x00,0x00,
0x00,0x00,0x3f,0x7f,0x5f,0x20,0x00,0x3f,0x7f,0x7f,
0x7f,0x7f,0x7f,0x7f,0x5f,0x20,0x00,0x00,0x00,0x20,
0x5f,0x7f,0x7f,0x7f,0x5f,0x20,0x00,0x00,0x00,0x00,
0x00,0x00,0x3f,0x7f,0x5f,0x20,0x00,0x00,0x00,0x00,
0x00,0x00,0x3f,0x7f,0x5f,0x20,0x00,0x3f,0x7f,0x7f,
0x7f,0x7f,0x7f,0x7f,0x7f,0x7f,0x7f,0x3f,0x00,0x3f,
0x7f,0x5f,0x20,0x00,0x00,0x00,0x20,0x5f,0x7f,0x3f,
0x00,0x00,0x00,0x00,0x3f,0x7f,0x5f,0x20,0x00,0x3f,
0x7f,0x5f,0x20,0x00,0x00,0x00,0x00,0x00,0x00,0x00,
0x00,0x20,0x5f,0x7f,0x3f,0x00,0x00,0x00,0x20,0x5f,
0x7f,0x7f,0x7f,0x7f,0x7f,0x7f,0x3f,0x00,0x00,0x00,
0x00,0x3f,0x7f,0x5f,0x20,0x00,0x00,0x00,0x00,0x00,
0x00,0x00,0x00,0x00,0x00,0x00,0x00,0x00,0x20,0x5f,
0x7f,0x7f,0x7f,0x5f,0x20,0x00,0x3f,0x7f,0x5f,0x20,
0x00,0x3f,0x7f,0x5f,0x20,0x00,0x00,0x00,0x00,0x00,
0x00,0x3f,0x7f,0x5f,0x20,0x00,0x00,0x00,0x20,0x5f,
0x7f,0x7f,0x7f,0x7f,0x7f,0x7f,0x3f,0x00,0x00,0x00,
0x00,0x00,0x00,0x00,0x00,0x00,0x3f,0x7f,0x5f,0x20,
0x00,0x00,0x00,0x00,0x00,0x00,0x00,0x00,0x20,0x5f,
0x7f,0x7f,0x7f,0x7f,0x7f,0x7f,0x3f,0x00,0x00,0x00,
0x00,0x00,0x00,0x00,0x00,0x00,0x3f,0x7f,0x5f,0x20,
0x00,0x00,0x00,0x00,0x00,0x00,0x00,0x00,0x00,0x00,
0x00,0x3f,0x7f,0x5f,0x20,0x00,0x00,0x00,0x00,0x00,
0x00,0x3f,0x7f,0x5f,0x20,0x00,0x00,0x00,0x00,0x00,
0x00,0x00,0x00,0x00,0x00,0x00,0x00,0x00,0x00,0x00,
0x00,0x00,0x00,0x00,0x00,0x00,0x00,0x00,0x00,0x00,
0x00,0x00,0x00,0x00,0x00,0x00,0x00,0x00,0x00,0x00,
0x00,0x00,0x00,0x00,0x00,0x00,0x00,0x00,0x00,0x00,
0x00,0x00,0x00,0x00,0x00,0x00,0x00,0x00,0x00,0x00,
0x00,0x00,0x00,0x00,0x00,0x00,0x00,0x00,0x00,0x00,
0x00,0x00,0x00,0x00,0x00,0x00,0x00,0x00,0x00,0x00,
0x00,0x00,0x00,0x00,0x00,0x00,0x00,0x00,0x00,0x00,
0x00,0x00,0x00,0x00,0x00,0x00,0x00,0x00,0x00,0x00,
0x00,0x00,0x00,0x00,0x00,0x00,0x00,0x00,0x00,0x00,
0x00,0x00,0x00,0x00,0x00,0x00,0x00,0x00,0x00,0x00,
0x00,0x00,0x00,0x00,0x00,0x00,0x00,0x00,0x00,0x00,
0x00,0x00,0x00,0x00,0x00,0x00,0x00,0x00,0x00,0x00,
0x00,0x00,0x00,0x00,0x00,0x00,0x00,0x00,0x00,0x00,
0x00,0x00,0x00,0x00,0x00,0x00,0x00,0x00,0x00,0x00,
0x00,0x00,0x00,0x00,0x00,0x00,0x00,0x00,0x00,0x00,
0x00,0x00,0x00,0x00,0x00,0x00,0x00,0x00,0x00,0x00,
0x00,0x00,0x00,0x00,0x00,0x00,0x00,0x00,0x00,0x00,
0x00,0x00,0x00,0x00,0x00,0x00,0x00,0x00,0x00,0x00,
0x00,0x00,0x00,0x00,0x00,0x00,0x00,0x00,0x00,0x00,
0x00,0x00,0x00,0x00,0x00,0x00,0x00,0x00,0x00,0x00,
0x00,0x00,0x00,0x00,0x00,0x00,0x00,0x00,0x00,0x00,
0x00,0x00,0x00,0x00,0x00,0x00,0x00,0x00,0x00,0x00,
0x00,0x00,0x00,0x00,0x00,0x00,0x00,0x00,0x00,0x00,
0x00,0x00,0x00,0x00,0x00,0x00,0x00,0x00,0x00,0x00,
0x00,0x00,0x00,0x00,0x00,0x00,0x00,0x00,0x00,0x00,
0x00,0x00,0x00,0x00,0x20,0x40,0x30,0x10,0x00,0x00,
0x00,0x00,0x00,0x00,0x20,0x40,0x30,0x10,0x00,0x20,
0x40,0x30,0x10,0x00,0x00,0x00,0x00,0x00,0x00,0x20,
0x40,0x30,0x10,0x00,0x20,0x40,0x40,0x40,0x40,0x40,
0x40,0x40,0x40,0x40,0x40,0x40,0x30,0x10,0x00,0x20,
0x40,0x40,0x40,0x40,0x40,0x40,0x30,0x10,0x00,0x20,
0x40,0x30,0x10,0x00,0x00,0x00,0x00,0x00,0x00,0x00,
0x00,0x00,0x00,0x00,0x20,0x40,0x40,0x40,0x40,0x40,
0x40,0x30,0x10,0x00,0x00,0x00,0x00,0x00,0x00,0x3f,
0x7f,0x5f,0x20,0x00,0x00,0x00,0x00,0x00,0x00,0x20,
0x40,0x40,0x40,0x40,0x40,0x40,0x40,0x40,0x40,0x40,
0x40,0x30,0x10,0x00,0x20,0x40,0x30,0x10,0x00,0x00,
0x00,0x00,0x00,0x20,0x5f,0x7f,0x7f,0x7f,0x5f,0x20,
0x00,0x00,0x00,0x20,0x40,0x30,0x10,0x00,0x00,0x00,
0x00,0x00,0x00,0x00,0x00,0x00,0x00,0x20,0x5f,0x7f,
0x7f,0x7f,0x5f,0x20,0x00,0x00,0x00,0x00,0x00,0x00,
0x00,0x00,0x00,0x00,0x10,0x30,0x40,0x20,0x00,0x00,
0x00,0x20,0x5f,0x7f,0x7f,0x7f,0x5f,0x20,0x00,0x00,
0x00,0x00,0x00,0x00,0x00,0x00,0x20,0x40,0x30,0x10,
0x00,0x00,0x00,0x20,0x5f,0x7f,0x7f,0x7f,0x7f,0x7f,
0x7f,0x3f,0x00,0x20,0x40,0x30,0x10,0x00,0x00,0x00,
0x00,0x00,0x00,0x00,0x00,0x3f,0x7f,0x5f,0x20,0x00,
0x00,0x00,0x00,0x00,0x00,0x00,0x00,0x20,0x5f,0x7f,
0x3f,0x00,0x20,0x40,0x30,0x10,0x00,0x00,0x00,0x00,
0x00,0x00,0x00,0x00,0x20,0x40,0x40,0x40,0x40,0x20,
0x00,0x00,0x00,0x00,0x00,0x00,0x00,0x00,0x00,0x00,
0x5f,0xbf,0x8f,0x30,0x00,0x00,0x00,0x00,0x00,0x00,
0x5f,0xbf,0x8f,0x30,0x00,0x5f,0xbf,0x8f,0x30,0x00,
0x00,0x00,0x00,0x00,0x00,0x5f,0xbf,0x8f,0x30,0x00,
0x5f,0xbf,0xbf,0xbf,0xbf,0xbf,0xbf,0xbf,0xbf,0xbf,
0xbf,0xbf,0x8f,0x30,0x00,0x5f,0xbf,0xbf,0xbf,0xbf,
0xbf,0xbf,0x8f,0x30,0x00,0x5f,0xbf,0x8f,0x30,0x00,
0x00,0x00,0x00,0x00,0x00,0x00,0x00,0x00,0x00,0x00,
0x5f,0xbf,0xbf,0xbf,0xbf,0xbf,0xbf,0x8f,0x30,0x00,
0x00,0x00,0x00,0x00,0x00,0x7f,0xff,0xbf,0x40,0x00,
0x00,0x00,0x00,0x00,0x00,0x5f,0xbf,0xbf,0xbf,0xbf,
0xbf,0xbf,0xbf,0xbf,0xbf,0xbf,0xbf,0x8f,0x30,0x00,
0x5f,0xbf,0x8f,0x30,0x00,0x00,0x00,0x00,0x00,0x40,
0xbf,0xff,0xff,0xff,0xbf,0x40,0x00,0x00,0x00,0x5f,
0xbf,0x8f,0x30,0x00,0x00,0x00,0x00,0x00,0x00,0x00,
0x00,0x00,0x00,0x40,0xbf,0xff,0xff,0xff,0xbf,0x40,
0x00,0x00,0x00,0x00,0x00,0x00,0x00,0x00,0x00,0x00,
0x30,0x8f,0xbf,0x5f,0x00,0x00,0x00,0x40,0xbf,0xff,
0xff,0xff,0xbf,0x40,0x00,0x00,0x00,0x00,0x00,0x00,
0x00,0x00,0x5f,0xbf,0x8f,0x30,0x00,0x00,0x00,0x40,
0xbf,0xff,0xff,0xff,0xff,0xff,0xff,0x7f,0x00,0x5f,
0xbf,0x8f,0x30,0x00,0x00,0x00,0x00,0x00,0x00,0x00,
0x00,0x7f,0xff,0xbf,0x40,0x00,0x00,0x00,0x00,0x00,
0x00,0x00,0x00,0x40,0xbf,0xff,0x7f,0x00,0x5f,0xbf,
0x8f,0x30,0x00,0x00,0x00,0x00,0x00,0x00,0x00,0x00,
0x5f,0xbf,0xbf,0xbf,0xbf,0x5f,0x00,0x00,0x00,0x00,
0x00,0x00,0x00,0x00,0x00,0x00,0x7f,0xff,0xbf,0x40,
0x00,0x00,0x00,0x00,0x00,0x00,0x7f,0xff,0xbf,0x40,
0x00,0x7f,0xff,0xbf,0x40,0x00,0x00,0x00,0x00,0x00,
0x00,0x7f,0xff,0xbf,0x40,0x00,0x7f,0xff,0xff,0xff,
0xff,0xff,0xff,0xff,0xff,0xff,0xff,0xff,0xbf,0x40,
0x00,0x7f,0xff,0xff,0xff,0xff,0xff,0xff,0xbf,0x40,
0x00,0x7f,0xff,0xbf,0x40,0x00,0x00,0x00,0x00,0x00,
0x00,0x00,0x00,0x00,0x00,0x00,0x7f,0xff,0xff,0xff,
0xff,0xff,0xff,0xbf,0x40,0x00,0x00,0x00,0x10,0x30,
0x40,0x7f,0xbf,0x9f,0x60,0x40,0x20,0x00,0x00,0x00,
0x00,0x7f,0xff,0xff,0xff,0xff,0xff,0xff,0xff,0xff,
0xff,0xff,0xff,0xbf,0x40,0x00,0x7f,0xff,0xbf,0x40,
0x00,0x00,0x00,0x00,0x00,0x30,0x8f,0xbf,0xbf,0xbf,
0x9f,0x60,0x40,0x20,0x00,0x7f,0xff,0xbf,0x40,0x00,
0x00,0x00,0x00,0x00,0x00,0x00,0x00,0x20,0x40,0x60,
0x9f,0xbf,0xbf,0xbf,0x9f,0x60,0x40,0x20,0x00,0x00,
0x00,0x00,0x00,0x00,0x00,0x00,0x40,0xbf,0xff,0x7f,
0x00,0x20,0x40,0x60,0x9f,0xbf,0xbf,0xbf,0x9f,0x60,
0x40,0x20,0x00,0x00,0x00,0x00,0x00,0x00,0x7f,0xff,
0xbf,0x40,0x00,0x20,0x40,0x60,0x9f,0xbf,0xbf,0xbf,
0xcf,0xef,0xff,0x7f,0x00,0x7f,0xff,0xbf,0x40,0x00,
0x00,0x00,0x00,0x00,0x00,0x00,0x00,0x5f,0xbf,0x8f,
0x30,0x00,0x00,0x00,0x00,0x00,0x00,0x00,0x00,0x30,
0x8f,0xbf,0x5f,0x00,0x7f,0xff,0xbf,0x40,0x00,0x00,
0x00,0x00,0x00,0x00,0x00,0x00,0x7f,0xff,0xff,0xff,
0xff,0x7f,0x00,0x00,0x00,0x00,0x00,0x00,0x00,0x00,
0x00,0x00,0x7f,0xff,0xbf,0x40,0x00,0x00,0x00,0x00,
0x00,0x00,0x7f,0xff,0xbf,0x40,0x00,0x7f,0xff,0xbf,
0x40,0x00,0x00,0x00,0x00,0x00,0x00,0x7f,0xff,0xbf,
0x40,0x00,0x3f,0x7f,0x7f,0x7f,0x7f,0x7f,0x7f,0x7f,
0x7f,0x7f,0xbf,0xff,0xbf,0x40,0x00,0x7f,0xff,0xdf,
0x9f,0x7f,0x7f,0x7f,0x5f,0x20,0x00,0x3f,0x7f,0x7f,
0x7f,0x7f,0x3f,0x00,0x00,0x00,0x00,0x00,0x00,0x00,
0x00,0x00,0x3f,0x7f,0x7f,0x7f,0x7f,0xbf,0xff,0xbf,
0x40,0x00,0x00,0x00,0x30,0x8f,0xbf,0x7f,0x40,0x60,
0x9f,0xbf,0x5f,0x00,0x00,0x00,0x00,0x3f,0x7f,0x7f,
0x7f,0x7f,0x7f,0x7f,0x7f,0x7f,0x7f,0x7f,0x7f,0x5f,
0x20,0x00,0x3f,0x7f,0x7f,0x7f,0x7f,0x3f,0x00,0x00,
0x00,0x10,0x30,0x40,0x40,0x40,0x60,0x9f,0xbf,0x5f,
0x00,0x7f,0xff,0xbf,0x40,0x00,0x00,0x00,0x00,0x00,
0x00,0x00,0x00,0x5f,0xbf,0x9f,0x60,0x40,0x40,0x40,
0x60,0x9f,0xbf,0x5f,0x00,0x00,0x00,0x00,0x00,0x00,
0x00,0x00,0x40,0xbf,0xff,0x7f,0x00,0x5f,0xbf,0x9f,
0x60,0x40,0x40,0x40,0x60,0x9f,0xbf,0x5f,0x00,0x00,
0x00,0x20,0x5f,0x7f,0x7f,0x7f,0x5f,0x20,0x00,0x5f,
0xbf,0x9f,0x60,0x40,0x40,0x40,0x6f,0xcf,0xff,0x7f,
0x00,0x7f,0xff,0xbf,0x40,0x00,0x00,0x00,0x00,0x00,
0x00,0x00,0x00,0x20,0x40,0x30,0x10,0x00,0x00,0x00,
0x00,0x00,0x00,0x00,0x00,0x10,0x30,0x40,0x20,0x00,
0x7f,0xff,0xbf,0x40,0x00,0x00,0x00,0x00,0x00,0x00,
0x00,0x00,0x3f,0x7f,0x9f,0xdf,0xff,0x7f,0x00,0x00,
0x00,0x00,0x00,0x00,0x00,0x00,0x00,0x00,0x7f,0xff,
0xbf,0x40,0x00,0x00,0x00,0x00,0x00,0x00,0x7f,0xff,
0xbf,0x40,0x00,0x7f,0xff,0xbf,0x40,0x00,0x00,0x00,
0x00,0x00,0x00,0x7f,0xff,0xbf,0x40,0x00,0x00,0x00,
0x00,0x00,0x00,0x00,0x00,0x00,0x00,0x00,0x7f,0xff,
0xbf,0x40,0x00,0x7f,0xff,0xbf,0x40,0x00,0x00,0x00,
0x00,0x00,0x00,0x00,0x00,0x40,0xbf,0xff,0x7f,0x00,
0x00,0x00,0x00,0x00,0x00,0x00,0x00,0x00,0x00,0x00,
0x00,0x00,0x00,0x7f,0xff,0xbf,0x40,0x00,0x00,0x00,
0x40,0xbf,0xff,0x7f,0x00,0x40,0xbf,0xff,0x7f,0x00,
0x00,0x00,0x00,0x00,0x00,0x00,0x00,0x00,0x00,0x00,
0x00,0x00,0x00,0x00,0x00,0x00,0x00,0x00,0x00,0x00,
0x40,0xbf,0xff,0x7f,0x00,0x00,0x00,0x00,0x00,0x00,
0x00,0x00,0x40,0xbf,0xff,0x7f,0x00,0x7f,0xff,0xbf,
0x40,0x00,0x00,0x00,0x00,0x00,0x00,0x00,0x00,0x7f,
0xff,0xbf,0x40,0x00,0x00,0x00,0x40,0xbf,0xff,0x7f,
0x00,0x00,0x00,0x00,0x00,0x00,0x00,0x00,0x40,0xbf,
0xff,0x7f,0x00,0x7f,0xff,0xbf,0x40,0x00,0x00,0x00,
0x40,0xbf,0xff,0x7f,0x00,0x00,0x00,0x40,0xbf,0xff,
0x7f,0x00,0x00,0x00,0x00,0x7f,0xff,0xbf,0x40,0x00,
0x00,0x00,0x40,0xbf,0xff,0x7f,0x00,0x7f,0xff,0xbf,
0x40,0x00,0x00,0x00,0x00,0x00,0x00,0x00,0x00,0x00,
0x00,0x00,0x00,0x00,0x00,0x00,0x00,0x00,0x00,0x00,
0x00,0x00,0x00,0x00,0x00,0x00,0x7f,0xff,0xbf,0x40,
0x00,0x00,0x00,0x00,0x00,0x00,0x00,0x00,0x00,0x00,
0x40,0xbf,0xff,0x7f,0x00,0x00,0x00,0x00,0x00,0x00,
0x00,0x00,0x00,0x00,0x5f,0xbf,0x9f,0x60,0x40,0x20,
0x00,0x10,0x30,0x40,0x7f,0xbf,0x8f,0x30,0x00,0x5f,
0xbf,0x9f,0x60,0x40,0x20,0x00,0x10,0x30,0x40,0x7f,
0xbf,0x8f,0x30,0x00,0x00,0x00,0x00,0x00,0x00,0x00,
0x00,0x10,0x30,0x40,0x7f,0xbf,0x8f,0x30,0x00,0x7f,
0xff,0xbf,0x40,0x00,0x00,0x00,0x00,0x00,0x00,0x00,
0x00,0x40,0xbf,0xff,0x7f,0x00,0x00,0x00,0x00,0x00,
0x00,0x00,0x00,0x00,0x00,0x00,0x00,0x00,0x00,0x7f,
0xff,0xbf,0x40,0x00,0x3f,0x7f,0x7f,0x7f,0x7f,0x3f,
0x00,0x20,0x5f,0x7f,0x7f,0x7f,0x5f,0x20,0x00,0x00,
0x00,0x00,0x00,0x00,0x00,0x00,0x00,0x00,0x00,0x00,
0x00,0x00,0x00,0x00,0x00,0x00,0x30,0x8f,0xbf,0x5f,
0x00,0x00,0x00,0x20,0x5f,0x7f,0x7f,0x7f,0x9f,0xdf,
0xff,0x7f,0x00,0x7f,0xff,0xbf,0x40,0x00,0x00,0x00,
0x00,0x00,0x00,0x00,0x00,0x7f,0xff,0xbf,0x40,0x00,
0x00,0x00,0x20,0x5f,0x7f,0x3f,0x00,0x00,0x00,0x00,
0x00,0x00,0x00,0x00,0x40,0xbf,0xff,0x7f,0x00,0x7f,
0xff,0xdf,0x9f,0x7f,0x7f,0x7f,0x9f,0xdf,0xff,0x7f,
0x00,0x00,0x00,0x40,0xbf,0xff,0x7f,0x00,0x00,0x00,
0x00,0x7f,0xff,0xbf,0x40,0x00,0x00,0x00,0x40,0xbf,
0xff,0x7f,0x00,0x7f,0xff,0xbf,0x40,0x00,0x00,0x00,
0x00,0x00,0x00,0x00,0x00,0x3f,0x7f,0x5f,0x20,0x00,
0x00,0x00,0x00,0x00,0x00,0x00,0x00,0x20,0x5f,0x7f,
0x3f,0x00,0x7f,0xff,0xbf,0x40,0x00,0x00,0x00,0x00,
0x00,0x00,0x00,0x00,0x00,0x00,0x40,0xbf,0xff,0x7f,
0x00,0x00,0x00,0x00,0x00,0x00,0x00,0x00,0x00,0x00,
0x20,0x40,0x60,0x9f,0xbf,0x5f,0x00,0x30,0x8f,0xbf,
0x7f,0x40,0x30,0x10,0x00,0x20,0x40,0x60,0x9f,0xbf,
0x5f,0x00,0x30,0x8f,0xbf,0x7f,0x40,0x30,0x10,0x00,
0x00,0x00,0x00,0x00,0x00,0x00,0x00,0x30,0x8f,0xbf,
0x7f,0x40,0x30,0x10,0x00,0x7f,0xff,0xbf,0x40,0x00,
0x00,0x00,0x00,0x00,0x00,0x00,0x00,0x40,0xbf,0xff,
0x7f,0x00,0x00,0x00,0x00,0x00,0x00,0x00,0x00,0x00,
0x00,0x00,0x00,0x00,0x00,0x7f,0xff,0xbf,0x40,0x00,
0x7f,0xff,0xbf,0x40,0x00,0x00,0x00,0x00,0x00,0x00,
0x7f,0xff,0xbf,0x40,0x00,0x00,0x00,0x00,0x00,0x00,
0x00,0x00,0x00,0x00,0x00,0x00,0x00,0x00,0x00,0x00,
0x00,0x00,0x10,0x30,0x40,0x20,0x00,0x00,0x00,0x40,
0xbf,0xff,0xff,0xff,0xff,0xff,0xff,0x7f,0x00,0x7f,
0xff,0xbf,0x40,0x00,0x00,0x00,0x00,0x00,0x00,0x00,
0x00,0x7f,0xff,0xbf,0x40,0x00,0x00,0x00,0x00,0x00,
0x00,0x00,0x00,0x00,0x00,0x00,0x00,0x00,0x00,0x00,
0x40,0xbf,0xff,0x7f,0x00,0x7f,0xff,0xff,0xff,0xff,
0xff,0xff,0xff,0xff,0xff,0x7f,0x00,0x00,0x00,0x40,
0xbf,0xff,0x7f,0x00,0x00,0x00,0x00,0x7f,0xff,0xbf,
0x40,0x00,0x00,0x00,0x40,0xbf,0xff,0x7f,0x00,0x7f,
0xff,0xbf,0x40,0x00,0x00,0x00,0x00,0x00,0x00,0x00,
0x00,0x7f,0xff,0xbf,0x40,0x00,0x00,0x00,0x00,0x00,
0x00,0x00,0x00,0x40,0xbf,0xff,0x7f,0x00,0x7f,0xff,
0xbf,0x40,0x00,0x00,0x00,0x00,0x00,0x00,0x00,0x00,
0x00,0x00,0x40,0xbf,0xff,0x7f,0x00,0x00,0x00,0x00,
0x00,0x00,0x00,0x00,0x00,0x00,0x00,0x00,0x40,0xbf,
0xff,0x7f,0x00,0x40,0xbf,0xff,0x7f,0x00,0x00,0x00,
0x00,0x00,0x00,0x40,0xbf,0xff,0x7f,0x00,0x40,0xbf,
0xff,0x7f,0x00,0x00,0x00,0x00,0x00,0x00,0x00,0x00,
0x00,0x00,0x00,0x40,0xbf,0xff,0x7f,0x00,0x00,0x00,
0x00,0x7f,0xff,0xbf,0x40,0x00,0x00,0x00,0x00,0x00,
0x00,0x00,0x00,0x40,0xbf,0xff,0x7f,0x00,0x00,0x00,
0x00,0x00,0x00,0x00,0x00,0x00,0x00,0x00,0x00,0x00,
0x00,0x7f,0xff,0xbf,0x40,0x00,0x5f,0xbf,0x8f,0x30,
0x00,0x00,0x00,0x00,0x00,0x00,0x5f,0xbf,0x8f,0x30,
0x00,0x00,0x00,0x00,0x00,0x00,0x00,0x00,0x00,0x00,
0x00,0x00,0x00,0x00,0x00,0x00,0x00,0x00,0x00,0x00,
0x00,0x00,0x00,0x20,0x40,0x60,0x9f,0xbf,0xbf,0xbf,
0xcf,0xef,0xff,0x7f,0x00,0x7f,0xff,0xbf,0x40,0x00,
0x00,0x00,0x00,0x00,0x00,0x00,0x00,0x7f,0xff,0xbf,
0x40,0x00,0x00,0x00,0x00,0x00,0x00,0x00,0x00,0x00,
0x00,0x00,0x00,0x00,0x00,0x00,0x40,0xbf,0xff,0x7f,
0x00,0x7f,0xff,0xef,0xcf,0xbf,0xbf,0xbf,0xbf,0xbf,
0xbf,0x5f,0x00,0x00,0x00,0x40,0xbf,0xff,0x7f,0x00,
0x00,0x00,0x00,0x7f,0xff,0xbf,0x40,0x00,0x00,0x00,
0x40,0xbf,0xff,0x7f,0x00,0x7f,0xff,0xbf,0x40,0x00,
0x00,0x00,0x00,0x00,0x00,0x00,0x00,0x7f,0xff,0xbf,
0x40,0x00,0x00,0x00,0x00,0x00,0x00,0x00,0x00,0x40,
0xbf,0xff,0x7f,0x00,0x7f,0xff,0xbf,0x40,0x00,0x00,
0x00,0x00,0x00,0x00,0x00,0x00,0x00,0x00,0x40,0xbf,
0xff,0x7f,0x00,0x00,0x00,0x00,0x00,0x00,0x00,0x00,
0x00,0x00,0x00,0x00,0x40,0xbf,0xff,0x7f,0x00,0x40,
0xbf,0xff,0x7f,0x00,0x00,0x00,0x00,0x00,0x00,0x40,
0xbf,0xff,0x7f,0x00,0x40,0xbf,0xff,0x7f,0x00,0x00,
0x00,0x00,0x00,0x00,0x00,0x00,0x00,0x00,0x00,0x40,
0xbf,0xff,0x7f,0x00,0x00,0x00,0x00,0x7f,0xff,0xbf,
0x40,0x00,0x00,0x00,0x00,0x00,0x00,0x00,0x00,0x20,
0x5f,0x7f,0x7f,0x7f,0x5f,0x20,0x00,0x00,0x00,0x00,
0x00,0x00,0x00,0x00,0x00,0x00,0x00,0x7f,0xff,0xbf,
0x40,0x00,0x20,0x40,0x30,0x10,0x00,0x00,0x00,0x00,
0x00,0x00,0x20,0x40,0x30,0x10,0x00,0x00,0x00,0x00,
0x00,0x00,0x00,0x00,0x00,0x00,0x00,0x00,0x00,0x00,
0x00,0x00,0x00,0x00,0x00,0x00,0x00,0x00,0x00,0x5f,
0xbf,0x9f,0x60,0x40,0x40,0x40,0x6f,0xcf,0xff,0x7f,
0x00,0x7f,0xff,0xdf,0x9f,0x7f,0x7f,0x7f,0x5f,0x20,
0x00,0x00,0x00,0x7f,0xff,0xbf,0x40,0x00,0x00,0x00,
0x00,0x00,0x00,0x00,0x00,0x00,0x00,0x20,0x5f,0x7f,
0x7f,0x7f,0x9f,0xdf,0xff,0x7f,0x00,0x7f,0xff,0xcf,
0x6f,0x40,0x40,0x40,0x40,0x40,0x40,0x20,0x00,0x3f,
0x7f,0x9f,0xdf,0xff,0xbf,0x7f,0x5f,0x20,0x00,0x7f,
0xff,0xbf,0x40,0x00,0x00,0x00,0x40,0xbf,0xff,0x7f,
0x00,0x7f,0xff,0xdf,0x9f,0x7f,0x7f,0x7f,0x5f,0x20,
0x00,0x00,0x00,0x7f,0xff,0xbf,0x40,0x00,0x00,0x00,
0x00,0x00,0x00,0x00,0x00,0x40,0xbf,0xff,0x7f,0x00,
0x7f,0xff,0xbf,0x40,0x00,0x00,0x00,0x20,0x5f,0x7f,
0x3f,0x00,0x00,0x00,0x40,0xbf,0xff,0x7f,0x00,0x00,
0x00,0x00,0x00,0x00,0x00,0x00,0x00,0x00,0x00,0x00,
0x40,0xbf,0xff,0x7f,0x00,0x40,0xbf,0xff,0x7f,0x00,
0x00,0x00,0x00,0x00,0x00,0x40,0xbf,0xff,0x7f,0x00,
0x40,0xbf,0xff,0x7f,0x00,0x00,0x00,0x00,0x00,0x00,
0x00,0x00,0x00,0x00,0x00,0x40,0xbf,0xff,0x7f,0x00,
0x00,0x00,0x00,0x7f,0xff,0xbf,0x40,0x00,0x00,0x00,
0x00,0x00,0x00,0x00,0x00,0x00,0x00,0x00,0x7f,0xff,
0xbf,0x40,0x00,0x00,0x00,0x00,0x00,0x00,0x00,0x00,
0x00,0x00,0x00,0x7f,0xff,0xbf,0x40,0x00,0x00,0x00,
0x00,0x00,0x00,0x00,0x00,0x00,0x00,0x00,0x00,0x00,
0x00,0x00,0x00,0x00,0x00,0x00,0x00,0x00,0x00,0x00,
0x00,0x00,0x00,0x00,0x00,0x00,0x00,0x00,0x00,0x00,
0x00,0x00,0x00,0x00,0x00,0x7f,0xff,0xbf,0x40,0x00,
0x00,0x00,0x40,0xbf,0xff,0x7f,0x00,0x7f,0xff,0xff,
0xff,0xff,0xff,0xff,0xbf,0x40,0x00,0x00,0x00,0x7f,
0xff,0xbf,0x40,0x00,0x00,0x00,0x00,0x00,0x00,0x00,
0x00,0x00,0x00,0x40,0xbf,0xff,0xff,0xff,0xff,0xff,
0xff,0x7f,0x00,0x7f,0xff,0xbf,0x40,0x00,0x00,0x00,
0x00,0x00,0x00,0x00,0x00,0x7f,0xff,0xff,0xff,0xff,
0xff,0xff,0xbf,0x40,0x00,0x7f,0xff,0xbf,0x40,0x00,
0x00,0x00,0x40,0xbf,0xff,0x7f,0x00,0x7f,0xff,0xff,
0xff,0xff,0xff,0xff,0xbf,0x40,0x00,0x00,0x00,0x7f,
0xff,0xbf,0x40,0x00,0x00,0x00,0x00,0x00,0x00,0x00,
0x00,0x40,0xbf,0xff,0x7f,0x00,0x7f,0xff,0xbf,0x40,
0x00,0x00,0x00,0x40,0xbf,0xff,0x7f,0x00,0x00,0x00,
0x40,0xbf,0xff,0x7f,0x00,0x00,0x00,0x00,0x00,0x00,
0x00,0x00,0x00,0x00,0x00,0x00,0x30,0x8f,0xbf,0x7f,
0x40,0x60,0x9f,0xbf,0x5f,0x00,0x00,0x00,0x00,0x00,
0x00,0x30,0x8f,0xbf,0x7f,0x40,0x60,0x9f,0xbf,0x5f,
0x00,0x00,0x00,0x00,0x00,0x00,0x00,0x00,0x00,0x20,
0x40,0x60,0x9f,0xbf,0x5f,0x00,0x00,0x00,0x00,0x7f,
0xff,0xbf,0x40,0x00,0x00,0x00,0x00,0x00,0x00,0x00,
0x00,0x00,0x00,0x00,0x7f,0xff,0xbf,0x40,0x00,0x00,
0x00,0x00,0x00,0x00,0x00,0x00,0x00,0x00,0x00,0x7f,
0xff,0xbf,0x40,0x00,0x00,0x00,0x00,0x00,0x00,0x00,
0x00,0x00,0x00,0x00,0x00,0x00,0x00,0x00,0x00,0x00,
0x00,0x00,0x00,0x00,0x00,0x00,0x00,0x00,0x00,0x00,
0x00,0x00,0x00,0x00,0x00,0x00,0x00,0x00,0x00,0x00,
0x00,0x7f,0xff,0xbf,0x40,0x00,0x00,0x00,0x40,0xbf,
0xff,0x7f,0x00,0x7f,0xff,0xef,0xcf,0xbf,0xbf,0xbf,
0x9f,0x60,0x40,0x20,0x00,0x7f,0xff,0xbf,0x40,0x00,
0x00,0x00,0x20,0x5f,0x7f,0x3f,0x00,0x20,0x40,0x60,
0x9f,0xbf,0xbf,0xbf,0xcf,0xef,0xff,0x7f,0x00,0x7f,
0xff,0xbf,0x40,0x00,0x00,0x00,0x00,0x00,0x00,0x00,
0x00,0x5f,0xbf,0xcf,0xef,0xff,0xdf,0xbf,0x8f,0x30,
0x00,0x3f,0x7f,0x7f,0x7f,0x7f,0x7f,0x7f,0x9f,0xdf,
0xff,0x7f,0x00,0x7f,0xff,0xef,0xcf,0xbf,0xbf,0xbf,
0x9f,0x60,0x40,0x20,0x00,0x7f,0xff,0xbf,0x40,0x00,
0x00,0x00,0x00,0x00,0x00,0x00,0x00,0x40,0xbf,0xff,
0x7f,0x00,0x7f,0xff,0xbf,0x40,0x00,0x20,0x40,0x60,
0x9f,0xbf,0x5f,0x00,0x00,0x00,0x40,0xbf,0xff,0x7f,
0x00,0x00,0x00,0x00,0x00,0x00,0x00,0x00,0x00,0x00,
0x00,0x00,0x10,0x30,0x40,0x7f,0xbf,0x9f,0x60,0x40,
0x20,0x00,0x00,0x00,0x00,0x00,0x00,0x10,0x30,0x40,
0x7f,0xbf,0x9f,0x60,0x40,0x20,0x00,0x00,0x00,0x00,
0x00,0x00,0x00,0x00,0x00,0x5f,0xbf,0x9f,0x60,0x40,
0x20,0x00,0x00,0x00,0x00,0x7f,0xff,0xbf,0x40,0x00,
0x00,0x00,0x00,0x00,0x00,0x00,0x00,0x00,0x00,0x00,
0x7f,0xff,0xbf,0x40,0x00,0x00,0x00,0x00,0x00,0x00,
0x00,0x00,0x00,0x00,0x00,0x7f,0xff,0xbf,0x40,0x00,
0x00,0x00,0x00,0x00,0x00,0x00,0x00,0x00,0x00,0x00,
0x00,0x00,0x00,0x00,0x00,0x00,0x00,0x00,0x00,0x00,
0x00,0x00,0x00,0x00,0x00,0x00,0x00,0x00,0x00,0x00,
0x00,0x00,0x00,0x00,0x00,0x00,0x00,0x7f,0xff,0xbf,
0x40,0x00,0x00,0x00,0x40,0xbf,0xff,0x7f,0x00,0x7f,
0xff,0xcf,0x6f,0x40,0x40,0x40,0x60,0x9f,0xbf,0x5f,
0x00,0x7f,0xff,0xbf,0x40,0x00,0x00,0x00,0x40,0xbf,
0xff,0x7f,0x00,0x5f,0xbf,0x9f,0x60,0x40,0x40,0x40,
0x6f,0xcf,0xff,0x7f,0x00,0x7f,0xff,0xbf,0x40,0x00,
0x00,0x00,0x00,0x00,0x00,0x00,0x00,0x20,0x40,0x6f,
0xcf,0xff,0x9f,0x40,0x30,0x10,0x00,0x00,0x00,0x40,
0xbf,0xff,0xff,0xff,0xff,0xff,0xff,0x7f,0x00,0x7f,
0xff,0xcf,0x6f,0x40,0x40,0x40,0x60,0x9f,0xbf,0x5f,
0x00,0x7f,0xff,0xbf,0x40,0x00,0x00,0x00,0x00,0x00,
0x00,0x00,0x00,0x40,0xbf,0xff,0x7f,0x00,0x7f,0xff,
0xbf,0x40,0x00,0x5f,0xbf,0x9f,0x60,0x40,0x20,0x00,
0x00,0x00,0x40,0xbf,0xff,0x7f,0x00,0x00,0x00,0x00,
0x00,0x00,0x00,0x00,0x00,0x00,0x00,0x00,0x00,0x00,
0x00,0x7f,0xff,0xbf,0x40,0x00,0x00,0x00,0x00,0x00,
0x00,0x00,0x00,0x00,0x00,0x00,0x7f,0xff,0xbf,0x40,
0x00,0x00,0x00,0x00,0x00,0x00,0x00,0x00,0x00,0x00,
0x00,0x7f,0xff,0xbf,0x40,0x00,0x00,0x00,0x00,0x00,
0x00,0x7f,0xff,0xbf,0x40,0x00,0x00,0x00,0x00,0x00,
0x00,0x00,0x00,0x00,0x00,0x00,0x7f,0xff,0xbf,0x40,
0x00,0x00,0x00,0x00,0x00,0x00,0x00,0x00,0x00,0x00,
0x00,0x7f,0xff,0xbf,0x40,0x00,0x00,0x00,0x00,0x00,
0x00,0x00,0x00,0x00,0x00,0x00,0x00,0x00,0x00,0x00,
0x00,0x00,0x00,0x00,0x00,0x00,0x00,0x00,0x00,0x00,
0x00,0x00,0x00,0x00,0x00,0x00,0x00,0x00,0x00,0x00,
0x00,0x00,0x00,0x5f,0xbf,0x9f,0x60,0x40,0x40,0x40,
0x6f,0xcf,0xff,0x7f,0x00,0x7f,0xff,0xbf,0x40,0x00,
0x00,0x00,0x40,0xbf,0xff,0x7f,0x00,0x5f,0xbf,0x9f,
0x60,0x40,0x40,0x40,0x60,0x9f,0xbf,0x5f,0x00,0x7f,
0xff,0xbf,0x40,0x00,0x00,0x00,0x40,0xbf,0xff,0x7f,
0x00,0x5f,0xbf,0x9f,0x60,0x40,0x40,0x40,0x40,0x40,
0x40,0x20,0x00,0x00,0x00,0x40,0xbf,0xff,0x7f,0x00,
0x00,0x00,0x00,0x00,0x00,0x30,0x8f,0xbf,0xbf,0xbf,
0xcf,0xef,0xff,0x7f,0x00,0x7f,0xff,0xbf,0x40,0x00,
0x00,0x00,0x40,0xbf,0xff,0x7f,0x00,0x7f,0xff,0xbf,
0x40,0x00,0x00,0x00,0x00,0x00,0x00,0x00,0x00,0x40,
0xbf,0xff,0x7f,0x00,0x7f,0xff,0xbf,0x40,0x00,0x7f,
0xff,0xbf,0x40,0x00,0x00,0x00,0x00,0x00,0x40,0xbf,
0xff,0x7f,0x00,0x00,0x00,0x00,0x00,0x00,0x00,0x00,
0x00,0x00,0x00,0x00,0x20,0x5f,0x7f,0x7f,0x7f,0x7f,
0x7f,0x7f,0x3f,0x00,0x00,0x00,0x00,0x00,0x00,0x00,
0x00,0x00,0x7f,0xff,0xbf,0x40,0x00,0x00,0x00,0x00,
0x00,0x00,0x00,0x00,0x20,0x5f,0x7f,0x7f,0x7f,0x5f,
0x20,0x00,0x00,0x00,0x00,0x00,0x00,0x7f,0xff,0xbf,
0x40,0x00,0x00,0x00,0x00,0x00,0x00,0x00,0x00,0x00,
0x00,0x00,0x3f,0x7f,0x7f,0x7f,0x7f,0x3f,0x00,0x00,
0x00,0x00,0x00,0x00,0x00,0x00,0x00,0x7f,0xff,0xbf,
0x40,0x00,0x00,0x00,0x00,0x00,0x00,0x00,0x00,0x00,
0x00,0x00,0x00,0x00,0x00,0x00,0x00,0x00,0x00,0x00,
0x00,0x00,0x00,0x00,0x00,0x00,0x00,0x00,0x00,0x00,
0x00,0x00,0x00,0x00,0x00,0x00,0x00,0x00,0x00,0x20,
0x40,0x60,0x9f,0xbf,0xbf,0xbf,0xcf,0xef,0xff,0x7f,
0x00,0x7f,0xff,0xbf,0x40,0x00,0x00,0x00,0x40,0xbf,
0xff,0x7f,0x00,0x20,0x40,0x60,0x9f,0xbf,0xbf,0xbf,
0x9f,0x60,0x40,0x20,0x00,0x7f,0xff,0xbf,0x40,0x00,
0x00,0x00,0x40,0xbf,0xff,0x7f,0x00,0x20,0x40,0x60,
0x9f,0xbf,0xbf,0xbf,0xbf,0xbf,0xbf,0x5f,0x00,0x00,
0x00,0x40,0xbf,0xff,0x7f,0x00,0x00,0x00,0x00,0x00,
0x00,0x10,0x30,0x40,0x40,0x40,0x6f,0xcf,0xff,0x7f,
0x00,0x7f,0xff,0xbf,0x40,0x00,0x00,0x00,0x40,0xbf,
0xff,0x7f,0x00,0x7f,0xff,0xbf,0x40,0x00,0x00,0x00,
0x00,0x00,0x00,0x00,0x00,0x40,0xbf,0xff,0x7f,0x00,
0x7f,0xff,0xdf,0x9f,0x7f,0x7f,0x7f,0x5f,0x20,0x00,
0x00,0x00,0x00,0x00,0x40,0xbf,0xff,0x7f,0x00,0x00,
0x00,0x00,0x00,0x00,0x00,0x00,0x00,0x00,0x00,0x00,
0x40,0xbf,0xff,0x7f,0x00,0x40,0xbf,0xff,0x7f,0x00,
0x00,0x00,0x00,0x00,0x00,0x00,0x00,0x00,0x7f,0xff,
0xbf,0x40,0x00,0x00,0x00,0x00,0x00,0x00,0x00,0x00,
0x40,0xbf,0xff,0x7f,0x00,0x00,0x00,0x00,0x00,0x00,
0x00,0x00,0x00,0x7f,0xff,0xbf,0x40,0x00,0x00,0x00,
0x00,0x00,0x00,0x00,0x00,0x00,0x00,0x00,0x00,0x00,
0x40,0xbf,0xff,0x7f,0x00,0x00,0x00,0x00,0x00,0x00,
0x00,0x00,0x00,0x7f,0xff,0xbf,0x40,0x00,0x00,0x00,
0x00,0x00,0x00,0x00,0x00,0x00,0x00,0x00,0x00,0x00,
0x00,0x00,0x00,0x00,0x00,0x00,0x00,0x00,0x00,0x00,
0x00,0x00,0x00,0x00,0x00,0x00,0x00,0x00,0x00,0x00,
0x00,0x00,0x00,0x00,0x00,0x00,0x00,0x40,0xbf,0xff,
0xff,0xff,0xff,0xff,0xff,0x7f,0x00,0x7f,0xff,0xbf,
0x40,0x00,0x00,0x00,0x40,0xbf,0xff,0x7f,0x00,0x00,
0x00,0x40,0xbf,0xff,0xff,0xff,0xbf,0x40,0x00,0x00,
0x00,0x7f,0xff,0xbf,0x40,0x00,0x00,0x00,0x40,0xbf,
0xff,0x7f,0x00,0x00,0x00,0x40,0xbf,0xff,0xff,0xff,
0xff,0xff,0xff,0x7f,0x00,0x00,0x00,0x40,0xbf,0xff,
0x7f,0x00,0x00,0x00,0x00,0x00,0x00,0x00,0x00,0x00,
0x00,0x00,0x40,0xbf,0xff,0x7f,0x00,0x7f,0xff,0xbf,
0x40,0x00,0x00,0x00,0x40,0xbf,0xff,0x7f,0x00,0x7f,
0xff,0xbf,0x40,0x00,0x00,0x00,0x00,0x00,0x00,0x00,
0x00,0x40,0xbf,0xff,0x7f,0x00,0x7f,0xff,0xff,0xff,
0xff,0x7f,0x00,0x00,0x00,0x00,0x00,0x00,0x00,0x00,
0x40,0xbf,0xff,0x7f,0x00,0x00,0x00,0x00,0x00,0x00,
0x00,0x00,0x00,0x00,0x00,0x00,0x40,0xbf,0xff,0x7f,
0x00,0x40,0xbf,0xff,0x7f,0x00,0x00,0x00,0x00,0x00,
0x00,0x00,0x00,0x00,0x7f,0xff,0xbf,0x40,0x00,0x00,
0x00,0x00,0x00,0x00,0x00,0x00,0x40,0xbf,0xff,0x7f,
0x00,0x00,0x00,0x00,0x00,0x00,0x00,0x00,0x00,0x7f,
0xff,0xbf,0x40,0x00,0x00,0x00,0x00,0x00,0x00,0x00,
0x00,0x00,0x00,0x00,0x00,0x00,0x40,0xbf,0xff,0x7f,
0x00,0x00,0x00,0x00,0x00,0x00,0x00,0x00,0x00,0x7f,
0xff,0xbf,0x40,0x00,0x00,0x00,0x00,0x00,0x00,0x00,
0x00,0x00,0x00,0x00,0x00,0x00,0x00,0x00,0x00,0x00,
0x00,0x00,0x00,0x00,0x00,0x00,0x00,0x00,0x00,0x00,
0x00,0x00,0x00,0x00,0x00,0x00,0x00,0x00,0x00,0x00,
0x00,0x00,0x00,0x20,0x5f,0x7f,0x7f,0x7f,0x7f,0x7f,
0x7f,0x3f,0x00,0x7f,0xff,0xbf,0x40,0x00,0x00,0x00,
0x40,0xbf,0xff,0x7f,0x00,0x00,0x00,0x20,0x5f,0x7f,
0x7f,0x7f,0x5f,0x20,0x00,0x00,0x00,0x7f,0xff,0xbf,
0x40,0x00,0x00,0x00,0x40,0xbf,0xff,0x7f,0x00,0x00,
0x00,0x20,0x5f,0x7f,0x7f,0x7f,0x7f,0x7f,0x7f,0x3f,
0x00,0x00,0x00,0x40,0xbf,0xff,0x7f,0x00,0x00,0x00,
0x00,0x3f,0x7f,0x7f,0x7f,0x7f,0x7f,0x7f,0x7f,0x7f,
0x7f,0x3f,0x00,0x7f,0xff,0xbf,0x40,0x00,0x00,0x00,
0x40,0xbf,0xff,0x7f,0x00,0x7f,0xff,0xbf,0x40,0x00,
0x00,0x00,0x00,0x00,0x00,0x00,0x00,0x40,0xbf,0xff,
0x7f,0x00,0x7f,0xff,0xff,0xff,0xff,0x7f,0x00,0x00,
0x00,0x00,0x00,0x00,0x00,0x00,0x40,0xbf,0xff,0x7f,
0x00,0x00,0x00,0x00,0x00,0x00,0x00,0x00,0x00,0x00,
0x00,0x00,0x40,0xbf,0xff,0x7f,0x00,0x40,0xbf,0xff,
0x7f,0x00,0x00,0x00,0x00,0x00,0x00,0x00,0x00,0x00,
0x7f,0xff,0xbf,0x40,0x00,0x00,0x00,0x00,0x00,0x00,
0x00,0x00,0x40,0xbf,0xff,0x7f,0x00,0x00,0x00,0x00,
0x00,0x00,0x00,0x00,0x00,0x7f,0xff,0xbf,0x40,0x00,
0x00,0x00,0x00,0x00,0x00,0x00,0x00,0x00,0x00,0x00,
0x00,0x00,0x40,0xbf,0xff,0x7f,0x00,0x00,0x00,0x00,
0x00,0x00,0x00,0x00,0x00,0x7f,0xff,0xbf,0x40,0x00,
0x00,0x00,0x00,0x00,0x00,0x00,0x00,0x00,0x00,0x00,
0x00,0x00,0x00,0x00,0x00,0x00,0x00,0x00,0x00,0x00,
0x00,0x00,0x00,0x00,0x00,0x00,0x00,0x00,0x00,0x00,
0x00,0x00,0x00,0x00,0x00,0x00,0x00,0x00,0x00,0x00,
0x00,0x00,0x00,0x00,0x00,0x00,0x00,0x00,0x00,0x7f,
0xff,0xbf,0x40,0x00,0x00,0x00,0x40,0xbf,0xff,0x7f,
0x00,0x00,0x00,0x00,0x00,0x00,0x00,0x00,0x00,0x00,
0x00,0x00,0x00,0x7f,0xff,0xbf,0x40,0x00,0x00,0x00,
0x40,0xbf,0xff,0x7f,0x00,0x00,0x00,0x00,0x00,0x00,
0x00,0x00,0x00,0x00,0x00,0x00,0x00,0x00,0x00,0x40,
0xbf,0xff,0x7f,0x00,0x00,0x00,0x00,0x7f,0xff,0xff,
0xff,0xff,0xff,0xff,0xbf,0x40,0x00,0x00,0x00,0x7f,
0xff,0xbf,0x40,0x00,0x00,0x00,0x40,0xbf,0xff,0x7f,
0x00,0x7f,0xff,0xbf,0x40,0x00,0x00,0x00,0x00,0x00,
0x00,0x00,0x00,0x40,0xbf,0xff,0x7f,0x00,0x7f,0xff,
0xff,0xff,0xff,0x7f,0x00,0x00,0x00,0x00,0x00,0x00,
0x00,0x00,0x40,0xbf,0xff,0x7f,0x00,0x00,0x00,0x00,
0x00,0x00,0x00,0x00,0x00,0x00,0x00,0x00,0x40,0xbf,
0xff,0x7f,0x00,0x40,0xbf,0xff,0x7f,0x00,0x00,0x00,
0x00,0x00,0x00,0x00,0x00,0x00,0x7f,0xff,0xbf,0x40,
0x00,0x00,0x00,0x00,0x00,0x00,0x00,0x00,0x40,0xbf,
0xff,0x7f,0x00,0x00,0x00,0x00,0x00,0x00,0x00,0x00,
0x00,0x7f,0xff,0xbf,0x40,0x00,0x00,0x00,0x00,0x00,
0x00,0x00,0x00,0x00,0x00,0x00,0x00,0x00,0x40,0xbf,
0xff,0x7f,0x00,0x00,0x00,0x00,0x00,0x00,0x00,0x00,
0x00,0x7f,0xff,0xbf,0x40,0x00,0x00,0x00,0x00,0x00,
0x00,0x00,0x00,0x00,0x00,0x00,0x00,0x00,0x00,0x00,
0x00,0x00,0x00,0x00,0x00,0x00,0x00,0x00,0x00,0x00,
0x00,0x00,0x00,0x00,0x00,0x00,0x00,0x00,0x00,0x00,
0x00,0x00,0x00,0x00,0x00,0x00,0x00,0x00,0x00,0x00,
0x00,0x00,0x00,0x00,0x00,0x7f,0xff,0xbf,0x40,0x00,
0x00,0x00,0x40,0xbf,0xff,0x7f,0x00,0x00,0x00,0x00,
0x00,0x00,0x00,0x00,0x00,0x00,0x00,0x00,0x00,0x7f,
0xff,0xbf,0x40,0x00,0x00,0x00,0x40,0xbf,0xff,0x7f,
0x00,0x00,0x00,0x00,0x00,0x00,0x00,0x00,0x00,0x00,
0x00,0x00,0x00,0x00,0x00,0x40,0xbf,0xff,0x7f,0x00,
0x00,0x00,0x00,0x5f,0xbf,0xbf,0xbf,0xbf,0xbf,0xbf,
0x8f,0x30,0x00,0x00,0x00,0x7f,0xff,0xbf,0x40,0x00,
0x00,0x00,0x40,0xbf,0xff,0x7f,0x00,0x7f,0xff,0xbf,
0x40,0x00,0x20,0x40,0x30,0x10,0x00,0x00,0x00,0x40,
0xbf,0xff,0x7f,0x00,0x7f,0xff,0xff,0xff,0xff,0x7f,
0x00,0x00,0x00,0x00,0x00,0x00,0x00,0x00,0x40,0xbf,
0xff,0x7f,0x00,0x00,0x00,0x00,0x00,0x00,0x00,0x00,
0x00,0x00,0x3f,0x7f,0x7f,0x7f,0x7f,0x3f,0x00,0x20,
0x5f,0x7f,0x7f,0x7f,0x5f,0x20,0x00,0x00,0x00,0x00,
0x00,0x00,0x7f,0xff,0xbf,0x40,0x00,0x00,0x00,0x00,
0x00,0x00,0x3f,0x7f,0x7f,0x7f,0x7f,0x3f,0x00,0x00,
0x00,0x00,0x00,0x00,0x00,0x00,0x00,0x7f,0xff,0xbf,
0x40,0x00,0x00,0x00,0x00,0x00,0x00,0x00,0x00,0x00,
0x00,0x00,0x00,0x00,0x20,0x5f,0x7f,0x7f,0x7f,0x5f,
0x20,0x00,0x00,0x00,0x00,0x00,0x00,0x7f,0xff,0xbf,
0x40,0x00,0x00,0x00,0x00,0x00,0x00,0x00,0x00,0x00,
0x00,0x00,0x00,0x00,0x00,0x00,0x00,0x00,0x00,0x00,
0x00,0x00,0x00,0x00,0x00,0x00,0x00,0x00,0x00,0x00,
0x00,0x00,0x00,0x00,0x00,0x00,0x00,0x00,0x00,0x00,
0x00,0x00,0x00,0x00,0x00,0x00,0x00,0x00,0x00,0x00,
0x00,0x7f,0xff,0xbf,0x40,0x00,0x00,0x00,0x40,0xbf,
0xff,0x7f,0x00,0x00,0x00,0x00,0x00,0x00,0x00,0x00,
0x00,0x00,0x00,0x00,0x00,0x7f,0xff,0xbf,0x40,0x00,
0x00,0x00,0x40,0xbf,0xff,0x7f,0x00,0x00,0x00,0x00,
0x00,0x00,0x00,0x00,0x00,0x00,0x00,0x00,0x00,0x00,
0x00,0x40,0xbf,0xff,0x7f,0x00,0x00,0x00,0x00,0x20,
0x40,0x40,0x40,0x40,0x40,0x40,0x30,0x10,0x00,0x00,
0x00,0x7f,0xff,0xbf,0x40,0x00,0x00,0x00,0x40,0xbf,
0xff,0x7f,0x00,0x7f,0xff,0xbf,0x40,0x00,0x5f,0xbf,
0x8f,0x30,0x00,0x00,0x00,0x40,0xbf,0xff,0x7f,0x00,
0x7f,0xff,0xdf,0x9f,0x7f,0x7f,0x7f,0x5f,0x20,0x00,
0x00,0x00,0x00,0x00,0x40,0xbf,0xff,0x7f,0x00,0x00,
0x00,0x00,0x00,0x00,0x00,0x00,0x00,0x00,0x7f,0xff,
0xbf,0x40,0x00,0x00,0x00,0x00,0x00,0x00,0x7f,0xff,
0xbf,0x40,0x00,0x00,0x00,0x00,0x00,0x00,0x7f,0xff,
0xbf,0x40,0x00,0x00,0x00,0x00,0x00,0x00,0x7f,0xff,
0xbf,0x40,0x00,0x00,0x00,0x00,0x00,0x00,0x00,0x00,
0x00,0x00,0x00,0x7f,0xff,0xbf,0x40,0x00,0x00,0x00,
0x00,0x00,0x00,0x00,0x00,0x00,0x00,0x00,0x00,0x00,
0x00,0x00,0x00,0x7f,0xff,0xbf,0x40,0x00,0x00,0x00,
0x00,0x00,0x00,0x7f,0xff,0xbf,0x40,0x00,0x00,0x00,
0x00,0x00,0x00,0x00,0x00,0x00,0x00,0x00,0x00,0x00,
0x00,0x00,0x00,0x00,0x00,0x00,0x00,0x00,0x00,0x00,
0x00,0x00,0x00,0x00,0x00,0x00,0x00,0x00,0x00,0x00,
0x00,0x00,0x00,0x00,0x00,0x00,0x00,0x00,0x00,0x00,
0x00,0x00,0x00,0x00,0x00,0x00,0x00,0x7f,0xff,0xbf,
0x40,0x00,0x00,0x00,0x40,0xbf,0xff,0x7f,0x00,0x00,
0x00,0x00,0x00,0x00,0x00,0x00,0x00,0x00,0x00,0x00,
0x00,0x7f,0xff,0xbf,0x40,0x00,0x00,0x00,0x40,0xbf,
0xff,0x7f,0x00,0x00,0x00,0x00,0x00,0x00,0x00,0x00,
0x00,0x00,0x00,0x00,0x00,0x00,0x00,0x40,0xbf,0xff,
0x7f,0x00,0x00,0x00,0x00,0x00,0x00,0x00,0x00,0x00,
0x00,0x00,0x00,0x00,0x00,0x00,0x00,0x7f,0xff,0xbf,
0x40,0x00,0x00,0x00,0x40,0xbf,0xff,0x7f,0x00,0x7f,
0xff,0xbf,0x40,0x00,0x7f,0xff,0xbf,0x40,0x00,0x00,
0x00,0x40,0xbf,0xff,0x7f,0x00,0x7f,0xff,0xbf,0x40,
0x00,0x7f,0xff,0xbf,0x40,0x00,0x00,0x00,0x00,0x00,
0x40,0xbf,0xff,0x7f,0x00,0x00,0x00,0x00,0x00,0x00,
0x00,0x00,0x00,0x00,0x7f,0xff,0xbf,0x40,0x00,0x00,
0x00,0x00,0x00,0x00,0x7f,0xff,0xbf,0x40,0x00,0x00,
0x00,0x00,0x00,0x00,0x7f,0xff,0xbf,0x40,0x00,0x00,
0x00,0x00,0x00,0x00,0x7f,0xff,0xcf,0x6f,0x40,0x40,
0x40,0x40,0x40,0x40,0x40,0x40,0x30,0x10,0x00,0x7f,
0xff,0xcf,0x6f,0x40,0x40,0x40,0x30,0x10,0x00,0x00,
0x00,0x00,0x00,0x00,0x00,0x00,0x00,0x00,0x00,0x7f,
0xff,0xbf,0x40,0x00,0x20,0x40,0x40,0x40,0x40,0x9f,
0xff,0xbf,0x40,0x00,0x00,0x00,0x00,0x00,0x00,0x00,
0x00,0x00,0x00,0x00,0x00,0x00,0x00,0x00,0x00,0x00,
0x00,0x00,0x00,0x00,0x00,0x00,0x00,0x00,0x00,0x00,
0x00,0x00,0x00,0x00,0x00,0x00,0x00,0x00,0x00,0x00,
0x00,0x00,0x00,0x00,0x00,0x00,0x00,0x00,0x00,0x00,
0x00,0x00,0x00,0x7f,0xff,0xcf,0x6f,0x40,0x40,0x40,
0x60,0x9f,0xbf,0x5f,0x00,0x00,0x00,0x00,0x00,0x00,
0x00,0x00,0x00,0x00,0x00,0x00,0x00,0x5f,0xbf,0x9f,
0x60,0x40,0x40,0x40,0x6f,0xcf,0xff,0x7f,0x00,0x00,
0x00,0x00,0x00,0x00,0x00,0x00,0x00,0x00,0x00,0x00,
0x00,0x00,0x00,0x40,0xbf,0xff,0x7f,0x00,0x00,0x00,
0x00,0x00,0x00,0x00,0x00,0x00,0x00,0x00,0x00,0x00,
0x00,0x00,0x00,0x7f,0xff,0xbf,0x40,0x00,0x00,0x00,
0x40,0xbf,0xff,0x7f,0x00,0x3f,0x7f,0x5f,0x20,0x00,
0x3f,0x7f,0x7f,0x7f,0x7f,0x7f,0x7f,0x7f,0x7f,0x7f,
0x3f,0x00,0x7f,0xff,0xbf,0x40,0x00,0x5f,0xbf,0x9f,
0x60,0x40,0x20,0x00,0x00,0x00,0x40,0xbf,0xff,0x7f,
0x00,0x00,0x00,0x00,0x00,0x00,0x00,0x00,0x00,0x00,
0x7f,0xff,0xbf,0x40,0x00,0x00,0x00,0x00,0x00,0x00,
0x7f,0xff,0xbf,0x40,0x00,0x00,0x00,0x00,0x00,0x00,
0x7f,0xff,0xbf,0x40,0x00,0x00,0x00,0x00,0x00,0x00,
0x7f,0xff,0xef,0xcf,0xbf,0xbf,0xbf,0xbf,0xbf,0xbf,
0xbf,0xbf,0x8f,0x30,0x00,0x7f,0xff,0xef,0xcf,0xbf,
0xbf,0xbf,0x8f,0x30,0x00,0x00,0x00,0x00,0x00,0x00,
0x00,0x00,0x00,0x00,0x00,0x7f,0xff,0xbf,0x40,0x00,
0x5f,0xbf,0xbf,0xbf,0xbf,0xdf,0xff,0xbf,0x40,0x00,
0x00,0x00,0x00,0x00,0x00,0x00,0x00,0x00,0x00,0x00,
0x00,0x00,0x00,0x00,0x00,0x00,0x00,0x00,0x00,0x00,
0x00,0x00,0x00,0x00,0x00,0x00,0x00,0x00,0x00,0x00,
0x00,0x00,0x00,0x00,0x00,0x00,0x00,0x00,0x00,0x00,
0x00,0x00,0x00,0x00,0x00,0x00,0x00,0x00,0x00,0x7f,
0xff,0xef,0xcf,0xbf,0xbf,0xbf,0x9f,0x60,0x40,0x20,
0x00,0x00,0x00,0x00,0x00,0x00,0x00,0x00,0x00,0x00,
0x00,0x00,0x00,0x20,0x40,0x60,0x9f,0xbf,0xbf,0xbf,
0xcf,0xef,0xff,0x7f,0x00,0x00,0x00,0x00,0x00,0x00,
0x00,0x00,0x00,0x00,0x00,0x00,0x00,0x00,0x00,0x40,
0xbf,0xff,0x7f,0x00,0x00,0x00,0x00,0x00,0x00,0x00,
0x00,0x00,0x00,0x00,0x00,0x00,0x00,0x00,0x00,0x7f,
0xff,0xbf,0x40,0x00,0x00,0x00,0x40,0xbf,0xff,0x7f,
0x00,0x00,0x00,0x00,0x00,0x00,0x00,0x00,0x40,0xbf,
0xff,0xff,0xff,0xbf,0x40,0x00,0x00,0x00,0x7f,0xff,
0xbf,0x40,0x00,0x20,0x40,0x60,0x9f,0xbf,0x5f,0x00,
0x00,0x00,0x40,0xbf,0xff,0x7f,0x00,0x00,0x00,0x00,
0x00,0x00,0x00,0x00,0x00,0x00,0x7f,0xff,0xbf,0x40,
0x00,0x00,0x00,0x00,0x00,0x00,0x7f,0xff,0xbf,0x40,
0x00,0x00,0x00,0x00,0x00,0x00,0x7f,0xff,0xbf,0x40,
0x00,0x00,0x00,0x00,0x00,0x00,0x7f,0xff,0xff,0xff,
0xff,0xff,0xff,0xff,0xff,0xff,0xff,0xff,0xbf,0x40,
0x00,0x7f,0xff,0xff,0xff,0xff,0xff,0xff,0xbf,0x40,
0x00,0x00,0x00,0x00,0x00,0x00,0x00,0x00,0x00,0x00,
0x00,0x7f,0xff,0xbf,0x40,0x00,0x7f,0xff,0xff,0xff,
0xff,0xff,0xff,0xbf,0x40,0x00,0x00,0x00,0x00,0x00,
0x00,0x00,0x00,0x00,0x00,0x00,0x00,0x00,0x00,0x00,
0x00,0x00,0x00,0x00,0x00,0x00,0x00,0x00,0x00,0x00,
0x00,0x00,0x00,0x00,0x00,0x00,0x00,0x00,0x00,0x00,
0x00,0x00,0x00,0x00,0x00,0x00,0x00,0x00,0x00,0x00,
0x00,0x00,0x00,0x00,0x00,0x7f,0xff,0xff,0xff,0xff,
0xff,0xff,0xbf,0x40,0x00,0x00,0x00,0x00,0x00,0x00,
0x00,0x00,0x00,0x00,0x00,0x00,0x00,0x00,0x00,0x00,
0x00,0x40,0xbf,0xff,0xff,0xff,0xff,0xff,0xff,0x7f,
0x00,0x00,0x00,0x00,0x00,0x00,0x00,0x00,0x00,0x00,
0x00,0x00,0x00,0x00,0x00,0x40,0xbf,0xff,0x7f,0x00,
0x00,0x00,0x00,0x00,0x00,0x00,0x00,0x00,0x00,0x00,
0x00,0x00,0x00,0x00,0x00,0x7f,0xff,0xbf,0x40,0x00,
0x00,0x00,0x40,0xbf,0xff,0x7f,0x00,0x00,0x00,0x00,
0x00,0x00,0x00,0x00,0x30,0x8f,0xbf,0xbf,0xbf,0x8f,
0x30,0x00,0x00,0x00,0x7f,0xff,0xbf,0x40,0x00,0x00,
0x00,0x40,0xbf,0xff,0x7f,0x00,0x00,0x00,0x40,0xbf,
0xff,0x7f,0x00,0x00,0x00,0x00,0x00,0x00,0x00,0x00,
0x00,0x00,0x3f,0x7f,0x5f,0x20,0x00,0x00,0x00,0x00,
0x00,0x00,0x3f,0x7f,0x5f,0x20,0x00,0x00,0x00,0x00,
0x00,0x00,0x3f,0x7f,0x5f,0x20,0x00,0x00,0x00,0x00,
0x00,0x00,0x3f,0x7f,0x7f,0x7f,0x7f,0x7f,0x7f,0x7f,
0x7f,0x7f,0x7f,0x7f,0x5f,0x20,0x00,0x3f,0x7f,0x7f,
0x7f,0x7f,0x7f,0x7f,0x5f,0x20,0x00,0x00,0x00,0x00,
0x00,0x00,0x00,0x00,0x00,0x00,0x00,0x3f,0x7f,0x5f,
0x20,0x00,0x3f,0x7f,0x7f,0x7f,0x7f,0x7f,0x7f,0x5f,
0x20,0x00,0x00,0x00,0x00,0x00,0x00,0x00,0x00,0x00,
0x00,0x00,0x00,0x00,0x00,0x00,0x00,0x00,0x00,0x00,
0x00,0x00,0x00,0x00,0x00,0x00,0x00,0x00,0x00,0x00,
0x00,0x00,0x00,0x00,0x00,0x00,0x00,0x00,0x00,0x00,
0x00,0x00,0x00,0x00,0x00,0x00,0x00,0x00,0x00,0x00,
0x00,0x3f,0x7f,0x7f,0x7f,0x7f,0x7f,0x7f,0x5f,0x20,
0x00,0x00,0x00,0x00,0x00,0x00,0x00,0x00,0x00,0x00,
0x00,0x00,0x00,0x00,0x00,0x00,0x00,0x20,0x5f,0x7f,
0x7f,0x7f,0x7f,0x7f,0x7f,0x3f,0x00,0x00,0x00,0x00,
0x00,0x00,0x00,0x00,0x00,0x00,0x00,0x00,0x00,0x00,
0x00,0x20,0x5f,0x7f,0x3f,0x00,0x00,0x00,0x00,0x00,
0x00,0x00,0x00,0x00,0x00,0x00,0x00,0x00,0x00,0x00,
0x00,0x3f,0x7f,0x5f,0x20,0x00,0x00,0x00,0x20,0x5f,
0x7f,0x3f,0x00,0x00,0x00,0x00,0x00,0x00,0x00,0x00,
0x10,0x30,0x40,0x40,0x40,0x30,0x10,0x00,0x00,0x00,
0x3f,0x7f,0x5f,0x20,0x00,0x00,0x00,0x20,0x5f,0x7f,
0x3f,0x00,0x00,0x00,0x20,0x5f,0x7f,0x3f,0x00,0x00,
0x00,0x00,0x00,0x00,0x00,0x00,0x00,0x00,0x00,0x00,
0x00,0x00,0x00,0x00,0x00,0x00,0x00,0x00,0x00,0x00,
0x00,0x00,0x00,0x00,0x00,0x00,0x00,0x00,0x00,0x00,
0x00,0x00,0x00,0x00,0x00,0x00,0x00,0x00,0x00,0x00,
0x00,0x00,0x00,0x00,0x00,0x00,0x00,0x00,0x00,0x00,
0x00,0x00,0x00,0x00,0x00,0x00,0x00,0x00,0x00,0x00,
0x00,0x00,0x00,0x00,0x00,0x00,0x00,0x00,0x00,0x00,
0x00,0x00,0x00,0x00,0x00,0x00,0x00,0x00,0x00,0x00,
0x00,0x00,0x00,0x00,0x00,0x00,0x00,0x00,0x00,0x00,
0x00,0x00,0x00,0x00,0x00,0x00,0x00,0x00,0x00,0x00,
0x00,0x00,0x00,0x00,0x00,0x00,0x00,0x00,0x00,0x00,
0x00,0x00,0x00,0x00,0x00,0x00,0x00,0x00,0x00,0x00,
0x00,0x00,0x00,0x00,0x00,0x00,0x00,0x00,0x00,0x00,
0x00,0x00,0x00,0x00,0x00,0x00,0x00,0x00,0x00,0x00,
0x00,0x00,0x00,0x00,0x00,0x00,0x00,0x00,0x00,0x00,
0x00,0x00,0x00,0x00,0x00,0x00,0x00,0x00,0x00,0x00,
0x00,0x00,0x00,0x00,0x00,0x00,0x00,0x00,0x00,0x00,
0x00,0x00,0x00,0x00,0x00,0x00,0x00,0x00,0x00,0x00,
0x00,0x00,0x00,0x00,0x00,0x00,0x00,0x00,0x00,0x00,
0x00,0x00,0x00,0x00,0x00,0x00,0x00,0x00,0x00,0x00,
0x00,0x00,0x00,0x00,0x00,0x00,0x00,0x00,0x00,0x00,
0x00,0x00,0x00,0x00,0x00,0x00,0x00,0x00,0x00,0x00,
0x00,0x00,0x00,0x00,0x00,0x00,0x00,0x00,0x00,0x00,
0x00,0x00,0x00,0x00,0x00,0x00,0x00,0x00,0x00,0x00,
0x00,0x00,0x00,0x00,0x00,0x00,0x00,0x00,0x00,0x00,
0x00,0x00,0x00,0x00,0x00,0x00,0x00,0x00,0x00,0x00,
0x00,0x00,0x00,0x00,0x3f,0x7f,0x5f,0x20,0x00,0x3f,
0x7f,0x5f,0x20,0x00,0x00,0x00,0x20,0x5f,0x7f,0x3f,
0x00,0x00,0x00,0x00,0x3f,0x7f,0x5f,0x20,0x00,0x3f,
0x7f,0x5f,0x20,0x00,0x00,0x00,0x00,0x00,0x20,0x5f,
0x7f,0x7f,0x7f,0x5f,0x20,0x00,0x00,0x00,0x3f,0x7f,
0x7f,0x7f,0x7f,0x7f,0x7f,0x5f,0x20,0x00,0x00,0x00,
0x00,0x00,0x20,0x5f,0x7f,0x7f,0x7f,0x7f,0x7f,0x7f,
0x3f,0x00,0x3f,0x7f,0x5f,0x20,0x00,0x3f,0x7f,0x7f,
0x7f,0x7f,0x3f,0x00,0x00,0x00,0x20,0x5f,0x7f,0x7f,
0x7f,0x5f,0x20,0x00,0x00,0x00,0x00,0x00,0x20,0x5f,
0x7f,0x3f,0x00,0x00,0x00,0x00,0x3f,0x7f,0x5f,0x20,
0x00,0x00,0x00,0x20,0x5f,0x7f,0x3f,0x00,0x3f,0x7f,
0x5f,0x20,0x00,0x00,0x00,0x00,0x00,0x00,0x3f,0x7f,
0x5f,0x20,0x00,0x3f,0x7f,0x5f,0x20,0x00,0x00,0x00,
0x00,0x00,0x00,0x00,0x00,0x00,0x00,0x00,0x3f,0x7f,
0x5f,0x20,0x00,0x3f,0x7f,0x5f,0x20,0x00,0x00,0x00,
0x20,0x5f,0x7f,0x3f,0x00,0x3f,0x7f,0x5f,0x20,0x00,
0x00,0x00,0x20,0x5f,0x7f,0x3f,0x00,0x3f,0x7f,0x7f,
0x7f,0x7f,0x7f,0x7f,0x7f,0x7f,0x7f,0x3f,0x00,0x00,
0x00,0x00,0x00,0x00,0x20,0x40,0x40,0x40,0x40,0x20,
0x00,0x20,0x40,0x30,0x10,0x00,0x20,0x40,0x30,0x10,
0x00,0x00,0x00,0x00,0x00,0x00,0x00,0x00,0x20,0x5f,
0x7f,0x3f,0x00,0x00,0x00,0x00,0x00,0x00,0x00,0x00,
0x00,0x20,0x40,0x40,0x40,0x40,0x40,0x40,0x40,0x40,
0x40,0x40,0x40,0x40,0x40,0x40,0x40,0x40,0x40,0x40,
0x40,0x40,0x40,0x30,0x10,0x00,0x00,0x00,0x00,0x00,
0x7f,0xff,0xbf,0x40,0x00,0x7f,0xff,0xbf,0x40,0x00,
0x00,0x00,0x40,0xbf,0xff,0x7f,0x00,0x00,0x00,0x00,
0x7f,0xff,0xbf,0x40,0x00,0x7f,0xff,0xbf,0x40,0x00,
0x00,0x00,0x00,0x00,0x40,0xbf,0xff,0xff,0xff,0xbf,
0x40,0x00,0x00,0x00,0x7f,0xff,0xff,0xff,0xff,0xff,
0xff,0xbf,0x40,0x00,0x00,0x00,0x00,0x00,0x40,0xbf,
0xff,0xff,0xff,0xff,0xff,0xff,0x7f,0x00,0x7f,0xff,
0xbf,0x40,0x00,0x7f,0xff,0xff,0xff,0xff,0x7f,0x00,
0x00,0x00,0x40,0xbf,0xff,0xff,0xff,0xbf,0x40,0x00,
0x00,0x00,0x00,0x00,0x40,0xbf,0xff,0x7f,0x00,0x00,
0x00,0x00,0x7f,0xff,0xbf,0x40,0x00,0x00,0x00,0x40,
0xbf,0xff,0x7f,0x00,0x7f,0xff,0xbf,0x40,0x00,0x00,
0x00,0x00,0x00,0x00,0x7f,0xff,0xbf,0x40,0x00,0x7f,
0xff,0xbf,0x40,0x00,0x00,0x00,0x00,0x00,0x00,0x00,
0x00,0x00,0x00,0x00,0x7f,0xff,0xbf,0x40,0x00,0x7f,
0xff,0xbf,0x40,0x00,0x00,0x00,0x40,0xbf,0xff,0x7f,
0x00,0x7f,0xff,0xbf,0x40,0x00,0x00,0x00,0x40,0xbf,
0xff,0x7f,0x00,0x7f,0xff,0xff,0xff,0xff,0xff,0xff,
0xff,0xff,0xff,0x7f,0x00,0x00,0x00,0x00,0x00,0x00,
0x5f,0xbf,0xbf,0xbf,0xbf,0x5f,0x00,0x5f,0xbf,0x8f,
0x30,0x00,0x5f,0xbf,0x8f,0x30,0x00,0x00,0x00,0x00,
0x00,0x00,0x00,0x00,0x40,0xbf,0xff,0x7f,0x00,0x00,
0x00,0x00,0x00,0x00,0x00,0x00,0x00,0x5f,0xbf,0xbf,
0xbf,0xbf,0xbf,0xbf,0xbf,0xbf,0xbf,0xbf,0xbf,0xbf,
0xbf,0xbf,0xbf,0xbf,0xbf,0xbf,0xbf,0xbf,0xbf,0x8f,
0x30,0x00,0x00,0x00,0x00,0x00,0x7f,0xff,0xcf,0x6f,
0x40,0x7f,0xbf,0x9f,0x60,0x40,0x40,0x40,0x60,0x9f,
0xbf,0x7f,0x40,0x30,0x10,0x00,0x7f,0xff,0xcf,0x6f,
0x40,0x7f,0xbf,0x9f,0x60,0x40,0x20,0x00,0x20,0x40,
0x60,0x9f,0xbf,0xbf,0xbf,0x9f,0x60,0x40,0x20,0x00,
0x7f,0xff,0xef,0xcf,0xbf,0xbf,0xbf,0x9f,0x60,0x40,
0x20,0x00,0x20,0x40,0x60,0x9f,0xbf,0xbf,0xbf,0xcf,
0xef,0xff,0x7f,0x00,0x7f,0xff,0xcf,0x6f,0x40,0x7f,
0xbf,0xbf,0xbf,0xbf,0x5f,0x00,0x20,0x40,0x60,0x9f,
0xbf,0xbf,0xbf,0x9f,0x60,0x40,0x20,0x00,0x00,0x00,
0x40,0xbf,0xff,0x7f,0x00,0x00,0x00,0x00,0x7f,0xff,
0xbf,0x40,0x00,0x00,0x00,0x40,0xbf,0xff,0x7f,0x00,
0x7f,0xff,0xbf,0x40,0x00,0x00,0x00,0x00,0x00,0x00,
0x7f,0xff,0xbf,0x40,0x00,0x7f,0xff,0xbf,0x40,0x00,
0x00,0x00,0x10,0x30,0x40,0x20,0x00,0x00,0x00,0x00,
0x7f,0xff,0xbf,0x40,0x00,0x7f,0xff,0xbf,0x40,0x00,
0x00,0x00,0x40,0xbf,0xff,0x7f,0x00,0x7f,0xff,0xbf,
0x40,0x00,0x00,0x00,0x40,0xbf,0xff,0x7f,0x00,0x5f,
0xbf,0xbf,0xbf,0xbf,0xbf,0xbf,0xcf,0xef,0xff,0x7f,
0x00,0x00,0x00,0x00,0x00,0x00,0x7f,0xff,0xff,0xff,
0xff,0x7f,0x00,0x7f,0xff,0xbf,0x40,0x00,0x7f,0xff,
0xbf,0x40,0x00,0x00,0x00,0x00,0x00,0x00,0x20,0x40,
0x60,0x9f,0xbf,0x7f,0x40,0x30,0x10,0x00,0x20,0x40,
0x30,0x10,0x00,0x7f,0xff,0xff,0xff,0xff,0xff,0xff,
0xff,0xff,0xff,0xff,0xff,0xff,0xff,0xff,0xff,0xff,
0xff,0xff,0xff,0xff,0xff,0xbf,0x40,0x00,0x00,0x00,
0x00,0x00,0x7f,0xff,0xef,0xcf,0xbf,0x7f,0x40,0x60,
0x9f,0xbf,0xbf,0xbf,0x9f,0x60,0x40,0x7f,0xbf,0x8f,
0x30,0x00,0x7f,0xff,0xef,0xcf,0xbf,0x7f,0x40,0x60,
0x9f,0xbf,0x5f,0x00,0x5f,0xbf,0x9f,0x60,0x40,0x40,
0x40,0x60,0x9f,0xbf,0x5f,0x00,0x7f,0xff,0xcf,0x6f,
0x40,0x40,0x40,0x60,0x9f,0xbf,0x5f,0x00,0x5f,0xbf,
0x9f,0x60,0x40,0x40,0x40,0x6f,0xcf,0xff,0x7f,0x00,
0x7f,0xff,0xef,0xcf,0xbf,0x7f,0x40,0x40,0x40,0x40,
0x20,0x00,0x5f,0xbf,0x9f,0x60,0x40,0x40,0x40,0x60,
0x9f,0xbf,0x5f,0x00,0x00,0x00,0x40,0xbf,0xff,0x7f,
0x00,0x00,0x00,0x00,0x7f,0xff,0xbf,0x40,0x00,0x00,
0x00,0x40,0xbf,0xff,0x7f,0x00,0x7f,0xff,0xbf,0x40,
0x00,0x00,0x00,0x00,0x00,0x00,0x7f,0xff,0xbf,0x40,
0x00,0x7f,0xff,0xbf,0x40,0x00,0x00,0x00,0x30,0x8f,
0xbf,0x5f,0x00,0x00,0x00,0x00,0x7f,0xff,0xbf,0x40,
0x00,0x7f,0xff,0xbf,0x40,0x00,0x00,0x00,0x40,0xbf,
0xff,0x7f,0x00,0x7f,0xff,0xbf,0x40,0x00,0x00,0x00,
0x40,0xbf,0xff,0x7f,0x00,0x20,0x40,0x40,0x40,0x40,
0x40,0x40,0x6f,0xcf,0xff,0x7f,0x00,0x00,0x00,0x20,
0x5f,0x7f,0x7f,0x7f,0x7f,0x7f,0x7f,0x3f,0x00,0x7f,
0xff,0xbf,0x40,0x00,0x3f,0x7f,0x7f,0x7f,0x7f,0x3f,
0x00,0x00,0x00,0x00,0x5f,0xbf,0x9f,0x60,0x40,0x7f,
0xbf,0x8f,0x30,0x00,0x5f,0xbf,0x8f,0x30,0x00,0x7f,
0xff,0xff,0xff,0xff,0xff,0xff,0xff,0xff,0xff,0xfd,
0xed,0xde,0xde,0xe1,0xf1,0xff,0xff,0xff,0xff,0xff,
0xff,0xbf,0x40,0x00,0x00,0x00,0x00,0x00,0x7f,0xff,
0xff,0xff,0xff,0x7f,0x00,0x40,0xbf,0xff,0xff,0xff,
0xbf,0x40,0x00,0x7f,0xff,0xbf,0x40,0x00,0x7f,0xff,
0xff,0xff,0xff,0x7f,0x00,0x40,0xbf,0xff,0x7f,0x00,
0x7f,0xff,0xbf,0x40,0x00,0x00,0x00,0x40,0xbf,0xff,
0x7f,0x00,0x7f,0xff,0xbf,0x40,0x00,0x00,0x00,0x40,
0xbf,0xff,0x7f,0x00,0x7f,0xff,0xbf,0x40,0x00,0x00,
0x00,0x40,0xbf,0xff,0x7f,0x00,0x7f,0xff,0xff,0xff,
0xff,0x7f,0x00,0x00,0x00,0x00,0x00,0x00,0x7f,0xff,
0xbf,0x40,0x00,0x00,0x00,0x40,0xbf,0xff,0x7f,0x00,
0x00,0x00,0x40,0xbf,0xff,0x7f,0x00,0x00,0x00,0x00,
0x7f,0xff,0xbf,0x40,0x00,0x00,0x00,0x40,0xbf,0xff,
0x7f,0x00,0x7f,0xff,0xbf,0x40,0x00,0x00,0x00,0x00,
0x00,0x00,0x7f,0xff,0xbf,0x40,0x00,0x7f,0xff,0xbf,
0x40,0x00,0x00,0x00,0x40,0xbf,0xff,0x7f,0x00,0x00,
0x00,0x00,0x7f,0xff,0xbf,0x40,0x00,0x7f,0xff,0xbf,
0x40,0x00,0x00,0x00,0x40,0xbf,0xff,0x7f,0x00,0x7f,
0xff,0xbf,0x40,0x00,0x00,0x00,0x40,0xbf,0xff,0x7f,
0x00,0x00,0x00,0x00,0x00,0x00,0x00,0x00,0x40,0xbf,
0xff,0x7f,0x00,0x00,0x00,0x40,0xbf,0xff,0x7f,0x00,
0x00,0x00,0x00,0x00,0x00,0x7f,0xff,0xbf,0x40,0x00,
0x00,0x00,0x40,0xbf,0xff,0x7f,0x00,0x00,0x00,0x00,
0x7f,0xff,0xbf,0x40,0x00,0x7f,0xff,0xbf,0x40,0x00,
0x7f,0xff,0xbf,0x40,0x00,0x7f,0xff,0xff,0xff,0xff,
0xff,0xff,0xff,0xf8,0xd5,0x9e,0x72,0x5f,0x5e,0x6e,
0xbe,0xff,0xff,0xff,0xff,0xff,0xff,0xbf,0x40,0x00,
0x00,0x00,0x00,0x00,0x7f,0xff,0xdf,0x9f,0x7f,0x3f,
0x00,0x40,0xbf,0xff,0xbf,0x7f,0x5f,0x20,0x00,0x7f,
0xff,0xbf,0x40,0x00,0x7f,0xff,0xdf,0x9f,0x7f,0x3f,
0x00,0x40,0xbf,0xff,0x7f,0x00,0x7f,0xff,0xbf,0x40,
0x00,0x00,0x00,0x40,0xbf,0xff,0x7f,0x00,0x7f,0xff,
0xbf,0x40,0x00,0x00,0x00,0x40,0xbf,0xff,0x7f,0x00,
0x7f,0xff,0xbf,0x40,0x00,0x00,0x00,0x40,0xbf,0xff,
0x7f,0x00,0x7f,0xff,0xdf,0x9f,0x7f,0x3f,0x00,0x00,
0x00,0x00,0x00,0x00,0x3f,0x7f,0x7f,0x7f,0x7f,0x3f,
0x00,0x20,0x5f,0x7f,0x3f,0x00,0x3f,0x7f,0x9f,0xdf,
0xff,0xbf,0x7f,0x5f,0x20,0x00,0x7f,0xff,0xbf,0x40,
0x00,0x00,0x00,0x40,0xbf,0xff,0x7f,0x00,0x3f,0x7f,
0x7f,0x7f,0x7f,0x3f,0x00,0x20,0x5f,0x7f,0x7f,0x7f,
0x5f,0x20,0x00,0x7f,0xff,0xbf,0x40,0x00,0x00,0x00,
0x40,0xbf,0xff,0x7f,0x00,0x00,0x00,0x00,0x7f,0xff,
0xbf,0x40,0x00,0x3f,0x7f,0x7f,0x7f,0x7f,0x7f,0x7f,
0x7f,0x7f,0x7f,0x3f,0x00,0x7f,0xff,0xbf,0x40,0x00,
0x00,0x00,0x40,0xbf,0xff,0x7f,0x00,0x00,0x00,0x00,
0x00,0x00,0x3f,0x7f,0x7f,0x7f,0x7f,0x3f,0x00,0x00,
0x00,0x40,0xbf,0xff,0x7f,0x00,0x00,0x00,0x00,0x00,
0x00,0x7f,0xff,0xbf,0x40,0x00,0x00,0x00,0x40,0xbf,
0xff,0x7f,0x00,0x00,0x00,0x00,0x3f,0x7f,0x5f,0x20,
0x00,0x3f,0x7f,0x7f,0x7f,0x7f,0x7f,0x7f,0x5f,0x20,
0x00,0x7f,0xff,0xff,0xff,0xff,0xff,0xff,0xff,0xd2,
0x6f,0x21,0x04,0x00,0x00,0x19,0x98,0xff,0xff,0xff,
0xff,0xff,0xff,0xbf,0x40,0x00,0x00,0x00,0x00,0x00,
0x7f,0xff,0xbf,0x40,0x00,0x00,0x00,0x40,0xbf,0xff,
0x7f,0x00,0x00,0x00,0x00,0x7f,0xff,0xbf,0x40,0x00,
0x7f,0xff,0xbf,0x40,0x00,0x00,0x00,0x40,0xbf,0xff,
0x7f,0x00,0x7f,0xff,0xbf,0x40,0x00,0x00,0x00,0x40,
0xbf,0xff,0x7f,0x00,0x7f,0xff,0xbf,0x40,0x00,0x00,
0x00,0x40,0xbf,0xff,0x7f,0x00,0x7f,0xff,0xbf,0x40,
0x00,0x00,0x00,0x40,0xbf,0xff,0x7f,0x00,0x7f,0xff,
0xbf,0x40,0x00,0x00,0x00,0x00,0x00,0x00,0x00,0x00,
0x00,0x00,0x40,0xbf,0xff,0x7f,0x00,0x00,0x00,0x00,
0x00,0x00,0x7f,0xff,0xff,0xff,0xff,0xff,0xff,0xbf,
0x40,0x00,0x7f,0xff,0xbf,0x40,0x00,0x00,0x00,0x40,
0xbf,0xff,0x7f,0x00,0x00,0x00,0x40,0xbf,0xff,0x7f,
0x00,0x40,0xbf,0xff,0x7f,0x00,0x00,0x00,0x00,0x7f,
0xff,0xbf,0x40,0x00,0x00,0x00,0x40,0xbf,0xff,0x7f,
0x00,0x00,0x00,0x00,0x7f,0xff,0xbf,0x40,0x00,0x00,
0x00,0x40,0xbf,0xff,0xff,0xff,0xbf,0x40,0x00,0x00,
0x00,0x7f,0xff,0xbf,0x40,0x00,0x00,0x00,0x40,0xbf,
0xff,0x7f,0x00,0x00,0x00,0x00,0x00,0x00,0x7f,0xff,
0xbf,0x40,0x00,0x00,0x00,0x00,0x00,0x40,0xbf,0xff,
0x7f,0x00,0x00,0x00,0x00,0x00,0x00,0x7f,0xff,0xbf,
0x40,0x00,0x00,0x00,0x40,0xbf,0xff,0x7f,0x00,0x00,
0x00,0x00,0x00,0x00,0x00,0x00,0x00,0x00,0x00,0x40,
0xbf,0xff,0x7f,0x00,0x00,0x00,0x00,0x7f,0xff,0xff,
0xff,0xff,0xff,0xff,0xfb,0x98,0x1c,0x00,0x00,0x00,
0x00,0x19,0x98,0xff,0xff,0xff,0xff,0xff,0xff,0xbf,
0x40,0x00,0x00,0x00,0x00,0x00,0x7f,0xff,0xbf,0x40,
0x00,0x00,0x00,0x40,0xbf,0xff,0x7f,0x00,0x00,0x00,
0x00,0x7f,0xff,0xbf,0x40,0x00,0x7f,0xff,0xbf,0x40,
0x00,0x00,0x00,0x40,0xbf,0xff,0x7f,0x00,0x7f,0xff,
0xbf,0x40,0x00,0x00,0x00,0x40,0xbf,0xff,0x7f,0x00,
0x7f,0xff,0xbf,0x40,0x00,0x00,0x00,0x40,0xbf,0xff,
0x7f,0x00,0x7f,0xff,0xbf,0x40,0x00,0x00,0x00,0x40,
0xbf,0xff,0x7f,0x00,0x7f,0xff,0xbf,0x40,0x00,0x00,
0x00,0x00,0x00,0x00,0x00,0x00,0x00,0x00,0x30,0x8f,
0xbf,0x7f,0x40,0x30,0x10,0x00,0x00,0x00,0x5f,0xbf,
0xcf,0xef,0xff,0xdf,0xbf,0x8f,0x30,0x00,0x7f,0xff,
0xbf,0x40,0x00,0x00,0x00,0x40,0xbf,0xff,0x7f,0x00,
0x00,0x00,0x40,0xbf,0xff,0x7f,0x00,0x40,0xbf,0xff,
0x7f,0x00,0x00,0x00,0x00,0x7f,0xff,0xbf,0x40,0x00,
0x20,0x40,0x60,0x9f,0xbf,0x7f,0x40,0x30,0x10,0x00,
0x7f,0xff,0xbf,0x40,0x00,0x00,0x00,0x40,0xbf,0xff,
0xff,0xff,0xbf,0x40,0x00,0x00,0x00,0x7f,0xff,0xbf,
0x40,0x00,0x00,0x00,0x40,0xbf,0xff,0x7f,0x00,0x00,
0x00,0x10,0x30,0x40,0x7f,0xbf,0x8f,0x30,0x00,0x00,
0x00,0x00,0x00,0x40,0xbf,0xff,0x7f,0x00,0x00,0x00,
0x00,0x00,0x00,0x7f,0xff,0xbf,0x40,0x00,0x00,0x00,
0x40,0xbf,0xff,0x7f,0x00,0x00,0x00,0x00,0x00,0x00,
0x00,0x00,0x00,0x00,0x00,0x30,0x8f,0xbf,0x5f,0x00,
0x00,0x00,0x00,0x7f,0xff,0xff,0xff,0xff,0xff,0xff,
0xf3,0x9c,0x4d,0x4a,0x50,0x57,0x59,0x69,0xbc,0xff,
0xff,0xff,0xff,0xff,0xff,0xbf,0x40,0x00,0x00,0x00,
0x00,0x00,0x7f,0xff,0xbf,0x40,0x00,0x00,0x00,0x40,
0xbf,0xff,0x7f,0x00,0x00,0x00,0x00,0x7f,0xff,0xbf,
0x40,0x00,0x7f,0xff,0xbf,0x40,0x00,0x00,0x00,0x40,
0xbf,0xff,0x7f,0x00,0x7f,0xff,0xbf,0x40,0x00,0x00,
0x00,0x40,0xbf,0xff,0x7f,0x00,0x7f,0xff,0xbf,0x40,
0x00,0x00,0x00,0x40,0xbf,0xff,0x7f,0x00,0x7f,0xff,
0xbf,0x40,0x00,0x00,0x00,0x40,0xbf,0xff,0x7f,0x00,
0x7f,0xff,0xbf,0x40,0x00,0x00,0x00,0x00,0x00,0x00,
0x00,0x00,0x00,0x00,0x10,0x30,0x40,0x7f,0xbf,0x8f,
0x30,0x00,0x00,0x00,0x20,0x40,0x6f,0xcf,0xff,0x9f,
0x40,0x30,0x10,0x00,0x7f,0xff,0xbf,0x40,0x00,0x00,
0x00,0x40,0xbf,0xff,0x7f,0x00,0x00,0x00,0x40,0xbf,
0xff,0x7f,0x00,0x40,0xbf,0xff,0x7f,0x00,0x00,0x00,
0x00,0x7f,0xff,0xbf,0x40,0x00,0x5f,0xbf,0x9f,0x60,
0x40,0x7f,0xbf,0x8f,0x30,0x00,0x7f,0xff,0xbf,0x40,
0x00,0x00,0x00,0x40,0xbf,0xff,0xff,0xff,0xbf,0x40,
0x00,0x00,0x00,0x7f,0xff,0xbf,0x40,0x00,0x00,0x00,
0x40,0xbf,0xff,0x7f,0x00,0x00,0x00,0x30,0x8f,0xbf,
0x7f,0x40,0x30,0x10,0x00,0x00,0x00,0x00,0x00,0x40,
0xbf,0xff,0x7f,0x00,0x00,0x00,0x00,0x00,0x00,0x7f,
0xff,0xbf,0x40,0x00,0x00,0x00,0x40,0xbf,0xff,0x7f,
0x00,0x00,0x00,0x00,0x00,0x00,0x00,0x00,0x00,0x00,
0x00,0x10,0x30,0x40,0x20,0x00,0x00,0x00,0x00,0x7f,
0xff,0xff,0xff,0xff,0xff,0xff,0xe1,0x86,0x4a,0x4a,
0x7f,0xc7,0xd9,0xdc,0xef,0xff,0xff,0xff,0xff,0xff,
0xff,0xbf,0x40,0x00,0x00,0x00,0x00,0x00,0x7f,0xff,
0xbf,0x40,0x00,0x00,0x00,0x40,0xbf,0xff,0x7f,0x00,
0x00,0x00,0x00,0x7f,0xff,0xbf,0x40,0x00,0x7f,0xff,
0xbf,0x40,0x00,0x00,0x00,0x40,0xbf,0xff,0x7f,0x00,
0x7f,0xff,0xbf,0x40,0x00,0x00,0x00,0x40,0xbf,0xff,
0x7f,0x00,0x7f,0xff,0xbf,0x40,0x00,0x00,0x00,0x40,
0xbf,0xff,0x7f,0x00,0x7f,0xff,0xbf,0x40,0x00,0x00,
0x00,0x40,0xbf,0xff,0x7f,0x00,0x7f,0xff,0xbf,0x40,
0x00,0x00,0x00,0x00,0x00,0x00,0x00,0x00,0x00,0x00,
0x00,0x00,0x00,0x7f,0xff,0xbf,0x40,0x00,0x00,0x00,
0x00,0x00,0x40,0xbf,0xff,0x7f,0x00,0x00,0x00,0x00,
0x7f,0xff,0xbf,0x40,0x00,0x00,0x00,0x40,0xbf,0xff,
0x7f,0x00,0x00,0x00,0x40,0xbf,0xff,0x7f,0x00,0x40,
0xbf,0xff,0x7f,0x00,0x00,0x00,0x00,0x7f,0xff,0xbf,
0x40,0x00,0x7f,0xff,0xbf,0x40,0x00,0x7f,0xff,0xbf,
0x40,0x00,0x7f,0xff,0xbf,0x40,0x00,0x00,0x00,0x40,
0xbf,0xff,0xff,0xff,0xbf,0x40,0x00,0x00,0x00,0x7f,
0xff,0xbf,0x40,0x00,0x00,0x00,0x40,0xbf,0xff,0x7f,
0x00,0x00,0x00,0x40,0xbf,0xff,0x7f,0x00,0x00,0x00,
0x00,0x00,0x00,0x00,0x00,0x40,0xbf,0xff,0x7f,0x00,
0x00,0x00,0x00,0x00,0x00,0x7f,0xff,0xbf,0x40,0x00,
0x00,0x00,0x40,0xbf,0xff,0x7f,0x00,0x00,0x00,0x00,
0x00,0x00,0x00,0x00,0x00,0x00,0x00,0x00,0x00,0x00,
0x00,0x00,0x00,0x00,0x00,0x7f,0xff,0xff,0xff,0xff,
0xff,0xff,0xd3,0x53,0x00,0x00,0x5f,0xdf,0xff,0xff,
0xff,0xff,0xff,0xff,0xff,0xff,0xff,0xbf,0x40,0x00,
0x00,0x00,0x00,0x00,0x7f,0xff,0xbf,0x40,0x00,0x00,
0x00,0x40,0xbf,0xff,0x7f,0x00,0x00,0x00,0x00,0x7f,
0xff,0xbf,0x40,0x00,0x7f,0xff,0xbf,0x40,0x00,0x00,
0x00,0x40,0xbf,0xff,0x7f,0x00,0x7f,0xff,0xbf,0x40,
0x00,0x00,0x00,0x40,0xbf,0xff,0x7f,0x00,0x7f,0xff,
0xdf,0x9f,0x7f,0x7f,0x7f,0x7f,0x7f,0x7f,0x3f,0x00,
0x3f,0x7f,0x7f,0x7f,0x7f,0x7f,0x7f,0x9f,0xdf,0xff,
0x7f,0x00,0x7f,0xff,0xbf,0x40,0x00,0x00,0x00,0x00,
0x00,0x00,0x00,0x00,0x3f,0x7f,0x5f,0x20,0x00,0x3f,
0x7f,0x7f,0x7f,0x7f,0x3f,0x00,0x00,0x00,0x40,0xbf,
0xff,0x7f,0x00,0x00,0x00,0x00,0x7f,0xff,0xbf,0x40,
0x00,0x00,0x00,0x40,0xbf,0xff,0x7f,0x00,0x00,0x00,
0x20,0x5f,0x7f,0x7f,0x7f,0x7f,0x7f,0x7f,0x3f,0x00,
0x00,0x00,0x00,0x3f,0x7f,0x7f,0x7f,0x7f,0x7f,0x7f,
0x5f,0x20,0x00,0x3f,0x7f,0x7f,0x7f,0x7f,0x7f,0x7f,
0x5f,0x20,0x00,0x3f,0x7f,0x7f,0x7f,0x7f,0x7f,0x7f,
0x7f,0x7f,0x7f,0x3f,0x00,0x3f,0x7f,0x7f,0x7f,0x7f,
0x7f,0x7f,0x9f,0xdf,0xff,0x7f,0x00,0x3f,0x7f,0x7f,
0x7f,0x7f,0x3f,0x00,0x00,0x00,0x00,0x00,0x00,0x20,
0x40,0x60,0x9f,0xbf,0x5f,0x00,0x00,0x00,0x00,0x00,
0x00,0x7f,0xff,0xbf,0x40,0x00,0x00,0x00,0x30,0x8f,
0xbf,0x7f,0x40,0x30,0x10,0x00,0x00,0x00,0x00,0x00,
0x00,0x00,0x00,0x00,0x00,0x00,0x00,0x00,0x00,0x00,
0x00,0x7f,0xff,0xff,0xff,0xff,0xff,0xff,0xd3,0x53,
0x00,0x00,0x5f,0xdf,0xff,0xff,0xff,0xff,0xff,0xff,
0xff,0xff,0xff,0xbf,0x40,0x00,0x00,0x00,0x00,0x00,
0x7f,0xff,0xbf,0x40,0x00,0x00,0x00,0x40,0xbf,0xff,
0x7f,0x00,0x00,0x00,0x00,0x7f,0xff,0xbf,0x40,0x00,
0x7f,0xff,0xbf,0x40,0x00,0x00,0x00,0x40,0xbf,0xff,
0x7f,0x00,0x7f,0xff,0xbf,0x40,0x00,0x00,0x00,0x40,
0xbf,0xff,0x7f,0x00,0x7f,0xff,0xff,0xff,0xff,0xff,
0xff,0xbf,0x40,0x00,0x00,0x00,0x00,0x00,0x40,0xbf,
0xff,0xff,0xff,0xff,0xff,0xff,0x7f,0x00,0x7f,0xff,
0xbf,0x40,0x00,0x00,0x00,0x00,0x00,0x00,0x00,0x00,
0x7f,0xff,0xbf,0x40,0x00,0x00,0x00,0x40,0xbf,0xff,
0x7f,0x00,0x00,0x00,0x40,0xbf,0xff,0x7f,0x00,0x00,
0x00,0x00,0x7f,0xff,0xbf,0x40,0x00,0x00,0x00,0x40,
0xbf,0xff,0x7f,0x00,0x00,0x00,0x00,0x00,0x00,0x7f,
0xff,0xbf,0x40,0x00,0x00,0x00,0x00,0x00,0x00,0x00,
0x00,0x40,0xbf,0xff,0x7f,0x00,0x00,0x00,0x00,0x00,
0x00,0x40,0xbf,0xff,0x7f,0x00,0x00,0x00,0x00,0x7f,
0xff,0xbf,0x40,0x00,0x00,0x00,0x40,0xbf,0xff,0x7f,
0x00,0x00,0x00,0x40,0xbf,0xff,0xff,0xff,0xff,0xff,
0xff,0x7f,0x00,0x7f,0xff,0xbf,0x40,0x00,0x00,0x00,
0x00,0x00,0x00,0x00,0x00,0x5f,0xbf,0x9f,0x60,0x40,
0x20,0x00,0x00,0x00,0x00,0x00,0x00,0x7f,0xff,0xbf,
0x40,0x00,0x00,0x00,0x10,0x30,0x40,0x7f,0xbf,0x8f,
0x30,0x00,0x00,0x00,0x00,0x00,0x00,0x00,0x00,0x00,
0x00,0x00,0x00,0x00,0x00,0x00,0x00,0x7f,0xff,0xff,
0xff,0xff,0xff,0xff,0xde,0x80,0x42,0x42,0x89,0xe7,
0xff,0xff,0xff,0xff,0xff,0xff,0xff,0xff,0xff,0xbf,
0x40,0x00,0x00,0x00,0x00,0x00,0x7f,0xff,0xbf,0x40,
0x00,0x00,0x00,0x40,0xbf,0xff,0x7f,0x00,0x00,0x00,
0x00,0x7f,0xff,0xbf,0x40,0x00,0x7f,0xff,0xbf,0x40,
0x00,0x00,0x00,0x40,0xbf,0xff,0x7f,0x00,0x5f,0xbf,
0x9f,0x60,0x40,0x40,0x40,0x60,0x9f,0xbf,0x5f,0x00,
0x7f,0xff,0xef,0xcf,0xbf,0xbf,0xbf,0x8f,0x30,0x00,
0x00,0x00,0x00,0x00,0x30,0x8f,0xbf,0xbf,0xbf,0xcf,
0xef,0xff,0x7f,0x00,0x7f,0xff,0xbf,0x40,0x00,0x00,
0x00,0x00,0x00,0x00,0x00,0x00,0x5f,0xbf,0x9f,0x60,
0x40,0x40,0x40,0x60,0x9f,0xbf,0x5f,0x00,0x00,0x00,
0x40,0xbf,0xff,0x7f,0x00,0x00,0x00,0x00,0x5f,0xbf,
0x9f,0x60,0x40,0x40,0x40,0x60,0x9f,0xbf,0x5f,0x00,
0x00,0x00,0x00,0x00,0x00,0x7f,0xff,0xbf,0x40,0x00,
0x00,0x00,0x00,0x00,0x00,0x00,0x00,0x40,0xbf,0xff,
0x7f,0x00,0x00,0x00,0x00,0x00,0x00,0x40,0xbf,0xff,
0x7f,0x00,0x00,0x00,0x00,0x7f,0xff,0xbf,0x40,0x00,
0x00,0x00,0x40,0xbf,0xff,0x7f,0x00,0x00,0x00,0x30,
0x8f,0xbf,0xbf,0xbf,0xcf,0xef,0xff,0x7f,0x00,0x7f,
0xff,0xcf,0x6f,0x40,0x40,0x40,0x40,0x40,0x40,0x20,
0x00,0x7f,0xff,0xbf,0x40,0x00,0x00,0x00,0x00,0x00,
0x00,0x00,0x00,0x7f,0xff,0xbf,0x40,0x00,0x00,0x00,
0x00,0x00,0x00,0x7f,0xff,0xbf,0x40,0x00,0x00,0x00,
0x00,0x00,0x00,0x00,0x00,0x00,0x00,0x00,0x00,0x00,
0x00,0x00,0x00,0x7f,0xff,0xff,0xff,0xff,0xff,0xff,
0xe0,0x85,0x4a,0x4a,0x61,0x80,0x87,0x93,0xcf,0xff,
0xff,0xff,0xff,0xff,0xff,0xbf,0x40,0x00,0x00,0x00,
0x00,0x00,0x7f,0xff,0xbf,0x40,0x00,0x00,0x00,0x40,
0xbf,0xff,0x7f,0x00,0x00,0x00,0x00,0x7f,0xff,0xbf,
0x40,0x00,0x7f,0xff,0xbf,0x40,0x00,0x00,0x00,0x40,
0xbf,0xff,0x7f,0x00,0x20,0x40,0x60,0x9f,0xbf,0xbf,
0xbf,0x9f,0x60,0x40,0x20,0x00,0x7f,0xff,0xcf,0x6f,
0x40,0x40,0x40,0x30,0x10,0x00,0x00,0x00,0x00,0x00,
0x10,0x30,0x40,0x40,0x40,0x6f,0xcf,0xff,0x7f,0x00,
0x7f,0xff,0xbf,0x40,0x00,0x00,0x00,0x00,0x00,0x00,
0x00,0x00,0x20,0x40,0x60,0x9f,0xbf,0xbf,0xbf,0x9f,
0x60,0x40,0x20,0x00,0x00,0x00,0x40,0xbf,0xff,0x7f,
0x00,0x00,0x00,0x00,0x20,0x40,0x60,0x9f,0xbf,0xbf,
0xbf,0x9f,0x60,0x40,0x20,0x00,0x00,0x00,0x00,0x00,
0x00,0x7f,0xff,0xbf,0x40,0x00,0x00,0x00,0x00,0x00,
0x00,0x00,0x00,0x40,0xbf,0xff,0x7f,0x00,0x00,0x00,
0x00,0x00,0x00,0x40,0xbf,0xff,0x7f,0x00,0x00,0x00,
0x00,0x7f,0xff,0xbf,0x40,0x00,0x00,0x00,0x40,0xbf,
0xff,0x7f,0x00,0x00,0x00,0x10,0x30,0x40,0x40,0x40,
0x6f,0xcf,0xff,0x7f,0x00,0x7f,0xff,0xef,0xcf,0xbf,
0xbf,0xbf,0xbf,0xbf,0xbf,0x5f,0x00,0x3f,0x7f,0x7f,
0x7f,0x7f,0x3f,0x00,0x00,0x00,0x00,0x00,0x00,0x7f,
0xff,0xbf,0x40,0x00,0x00,0x00,0x20,0x5f,0x7f,0x7f,
0x7f,0x5f,0x20,0x00,0x00,0x00,0x00,0x00,0x00,0x00,
0x00,0x00,0x00,0x00,0x00,0x00,0x00,0x00,0x00,0x7f,
0xff,0xff,0xff,0xff,0xff,0xff,0xd4,0x58,0x08,0x08,
0x08,0x08,0x08,0x20,0x9b,0xff,0xff,0xff,0xff,0xff,
0xff,0xbf,0x40,0x00,0x00,0x00,0x00,0x00,0x7f,0xff,
0xbf,0x40,0x00,0x00,0x00,0x40,0xbf,0xff,0x7f,0x00,
0x00,0x00,0x00,0x7f,0xff,0xbf,0x40,0x00,0x7f,0xff,
0xbf,0x40,0x00,0x00,0x00,0x40,0xbf,0xff,0x7f,0x00,
0x00,0x00,0x40,0xbf,0xff,0xff,0xff,0xbf,0x40,0x00,
0x00,0x00,0x7f,0xff,0xbf,0x40,0x00,0x00,0x00,0x00,
0x00,0x00,0x00,0x00,0x00,0x00,0x00,0x00,0x00,0x00,
0x00,0x40,0xbf,0xff,0x7f,0x00,0x7f,0xff,0xbf,0x40,
0x00,0x00,0x00,0x00,0x00,0x00,0x00,0x00,0x00,0x00,
0x40,0xbf,0xff,0xff,0xff,0xbf,0x40,0x00,0x00,0x00,
0x00,0x00,0x40,0xbf,0xff,0x7f,0x00,0x00,0x00,0x00,
0x00,0x00,0x40,0xbf,0xff,0xff,0xff,0xbf,0x40,0x00,
0x00,0x00,0x00,0x00,0x00,0x00,0x00,0x7f,0xff,0xbf,
0x40,0x00,0x00,0x00,0x00,0x00,0x00,0x00,0x00,0x40,
0xbf,0xff,0x7f,0x00,0x00,0x00,0x00,0x00,0x00,0x40,
0xbf,0xff,0x7f,0x00,0x00,0x00,0x00,0x7f,0xff,0xbf,
0x40,0x00,0x00,0x00,0x40,0xbf,0xff,0x7f,0x00,0x00,
0x00,0x00,0x00,0x00,0x00,0x00,0x40,0xbf,0xff,0x7f,
0x00,0x7f,0xff,0xff,0xff,0xff,0xff,0xff,0xff,0xff,
0xff,0x7f,0x00,0x00,0x00,0x40,0xbf,0xff,0x7f,0x00,
0x00,0x00,0x00,0x00,0x00,0x7f,0xff,0xbf,0x40,0x00,
0x00,0x00,0x40,0xbf,0xff,0x7f,0x00,0x00,0x00,0x00,
0x00,0x00,0x00,0x00,0x00,0x00,0x00,0x00,0x00,0x00,
0x00,0x00,0x00,0x00,0x00,0x7f,0xff,0xff,0xff,0xff,
0xff,0xff,0xd3,0x53,0x00,0x00,0x00,0x00,0x00,0x19,
0x98,0xff,0xff,0xff,0xff,0xff,0xff,0xbf,0x40,0x00,
0x00,0x00,0x00,0x00,0x3f,0x7f,0x5f,0x20,0x00,0x00,
0x00,0x20,0x5f,0x7f,0x3f,0x00,0x00,0x00,0x00,0x3f,
0x7f,0x5f,0x20,0x00,0x3f,0x7f,0x5f,0x20,0x00,0x00,
0x00,0x20,0x5f,0x7f,0x3f,0x00,0x00,0x00,0x20,0x5f,
0x7f,0x7f,0x7f,0x5f,0x20,0x00,0x00,0x00,0x7f,0xff,
0xbf,0x40,0x00,0x00,0x00,0x00,0x00,0x00,0x00,0x00,
0x00,0x00,0x00,0x00,0x00,0x00,0x00,0x40,0xbf,0xff,
0x7f,0x00,0x3f,0x7f,0x5f,0x20,0x00,0x00,0x00,0x00,
0x00,0x00,0x00,0x00,0x00,0x00,0x20,0x5f,0x7f,0x7f,
0x7f,0x5f,0x20,0x00,0x00,0x00,0x00,0x00,0x40,0xbf,
0xff,0x7f,0x00,0x00,0x00,0x00,0x00,0x00,0x20,0x5f,
0x7f,0x7f,0x7f,0x5f,0x20,0x00,0x00,0x00,0x00,0x00,
0x00,0x00,0x00,0x3f,0x7f,0x5f,0x20,0x00,0x00,0x00,
0x00,0x00,0x00,0x00,0x00,0x20,0x5f,0x7f,0x3f,0x00,
0x00,0x00,0x00,0x00,0x00,0x20,0x5f,0x7f,0x3f,0x00,
0x00,0x00,0x00,0x3f,0x7f,0x5f,0x20,0x00,0x00,0x00,
0x20,0x5f,0x7f,0x3f,0x00,0x00,0x00,0x20,0x5f,0x7f,
0x7f,0x7f,0x7f,0x7f,0x7f,0x3f,0x00,0x3f,0x7f,0x7f,
0x7f,0x7f,0x7f,0x7f,0x7f,0x7f,0x7f,0x3f,0x00,0x00,
0x00,0x40,0xbf,0xff,0x7f,0x00,0x00,0x00,0x00,0x00,
0x00,0x7f,0xff,0xbf,0x40,0x00,0x00,0x00,0x40,0xbf,
0xff,0x7f,0x00,0x00,0x00,0x00,0x00,0x00,0x00,0x00,
0x00,0x00,0x00,0x00,0x00,0x00,0x00,0x00,0x00,0x00,
0x00,0x7f,0xff,0xff,0xff,0xff,0xff,0xff,0xda,0x70,
0x2c,0x2c,0x2c,0x2c,0x2c,0x40,0xa9,0xff,0xff,0xff,
0xff,0xff,0xff,0xbf,0x40,0x00,0x00,0x00,0x00,0x00,
0x00,0x00,0x00,0x00,0x00,0x00,0x00,0x00,0x00,0x00,
0x00,0x00,0x00,0x00,0x00,0x00,0x00,0x00,0x00,0x00,
0x00,0x00,0x00,0x00,0x00,0x00,0x00,0x00,0x00,0x00,
0x00,0x00,0x00,0x00,0x00,0x00,0x00,0x00,0x00,0x00,
0x00,0x00,0x00,0x00,0x7f,0xff,0xbf,0x40,0x00,0x00,
0x00,0x00,0x00,0x00,0x00,0x00,0x00,0x00,0x00,0x00,
0x00,0x00,0x00,0x40,0xbf,0xff,0x7f,0x00,0x00,0x00,
0x00,0x00,0x00,0x00,0x00,0x00,0x00,0x00,0x00,0x00,
0x00,0x00,0x00,0x00,0x00,0x00,0x00,0x00,0x00,0x00,
0x00,0x00,0x00,0x00,0x40,0xbf,0xff,0x7f,0x00,0x00,
0x00,0x00,0x00,0x00,0x00,0x00,0x00,0x00,0x00,0x00,
0x00,0x00,0x00,0x00,0x00,0x00,0x00,0x00,0x00,0x00,
0x00,0x00,0x00,0x00,0x00,0x00,0x00,0x00,0x00,0x00,
0x00,0x00,0x00,0x00,0x00,0x00,0x00,0x00,0x00,0x00,
0x00,0x00,0x00,0x00,0x00,0x00,0x00,0x00,0x00,0x00,
0x00,0x00,0x00,0x00,0x00,0x00,0x00,0x00,0x00,0x00,
0x00,0x00,0x00,0x40,0xbf,0xff,0xff,0xff,0xbf,0x40,
0x00,0x00,0x00,0x00,0x00,0x00,0x00,0x00,0x00,0x00,
0x00,0x00,0x00,0x00,0x00,0x00,0x00,0x40,0xbf,0xff,
0x7f,0x00,0x00,0x00,0x00,0x00,0x00,0x7f,0xff,0xbf,
0x40,0x00,0x00,0x00,0x40,0xbf,0xff,0x7f,0x00,0x00,
0x00,0x00,0x00,0x00,0x00,0x00,0x00,0x00,0x00,0x00,
0x00,0x00,0x00,0x00,0x00,0x00,0x00,0x7f,0xff,0xff,
0xff,0xff,0xff,0xff,0xe0,0x85,0x4b,0x4b,0x6f,0x9f,
0xab,0xb3,0xdd,0xff,0xff,0xff,0xff,0xff,0xff,0xbf,
0x40,0x00,0x00,0x00,0x00,0x00,0x00,0x00,0x00,0x00,
0x00,0x00,0x00,0x00,0x00,0x00,0x00,0x00,0x00,0x00,
0x00,0x00,0x00,0x00,0x00,0x00,0x00,0x00,0x00,0x00,
0x00,0x00,0x00,0x00,0x00,0x00,0x00,0x00,0x00,0x00,
0x00,0x00,0x00,0x00,0x00,0x00,0x00,0x00,0x00,0x00,
0x5f,0xbf,0x8f,0x30,0x00,0x00,0x00,0x00,0x00,0x00,
0x00,0x00,0x00,0x00,0x00,0x00,0x00,0x00,0x00,0x30,
0x8f,0xbf,0x5f,0x00,0x00,0x00,0x00,0x00,0x00,0x00,
0x00,0x00,0x00,0x00,0x00,0x00,0x00,0x00,0x00,0x00,
0x00,0x00,0x00,0x00,0x00,0x00,0x00,0x00,0x00,0x00,
0x30,0x8f,0xbf,0x7f,0x40,0x30,0x10,0x00,0x00,0x00,
0x00,0x00,0x00,0x00,0x00,0x00,0x00,0x00,0x00,0x00,
0x00,0x00,0x00,0x00,0x00,0x00,0x00,0x00,0x00,0x00,
0x00,0x00,0x00,0x00,0x00,0x00,0x00,0x00,0x00,0x00,
0x00,0x00,0x00,0x00,0x00,0x00,0x00,0x00,0x00,0x00,
0x00,0x00,0x00,0x00,0x00,0x00,0x00,0x00,0x00,0x00,
0x00,0x00,0x00,0x00,0x00,0x00,0x00,0x00,0x00,0x30,
0x8f,0xbf,0xbf,0xbf,0x8f,0x30,0x00,0x00,0x00,0x00,
0x00,0x00,0x00,0x00,0x00,0x00,0x00,0x00,0x00,0x00,
0x00,0x00,0x00,0x40,0xbf,0xff,0x7f,0x00,0x00,0x00,
0x00,0x00,0x00,0x7f,0xff,0xbf,0x40,0x00,0x00,0x00,
0x40,0xbf,0xff,0x7f,0x00,0x00,0x00,0x00,0x00,0x00,
0x00,0x00,0x00,0x00,0x00,0x00,0x00,0x00,0x00,0x00,
0x00,0x00,0x00,0x7f,0xff,0xff,0xff,0xff,0xff,0xff,
0xd8,0x68,0x1f,0x1f,0x72,0xe3,0xff,0xff,0xff,0xff,
0xff,0xff,0xff,0xff,0xff,0xbf,0x40,0x00,0x00,0x00,
0x00,0x00,0x00,0x00,0x00,0x00,0x00,0x00,0x00,0x00,
0x00,0x00,0x00,0x00,0x00,0x00,0x00,0x00,0x00,0x00,
0x00,0x00,0x00,0x00,0x00,0x00,0x00,0x00,0x00,0x00,
0x00,0x00,0x00,0x00,0x00,0x00,0x00,0x00,0x00,0x00,
0x00,0x00,0x00,0x00,0x00,0x00,0x20,0x40,0x30,0x10,
0x00,0x00,0x00,0x00,0x00,0x00,0x00,0x00,0x00,0x00,
0x00,0x00,0x00,0x00,0x00,0x10,0x30,0x40,0x20,0x00,
0x00,0x00,0x00,0x00,0x00,0x00,0x00,0x00,0x00,0x00,
0x00,0x00,0x00,0x00,0x00,0x00,0x00,0x00,0x00,0x00,
0x00,0x00,0x00,0x00,0x00,0x00,0x10,0x30,0x40,0x7f,
0xbf,0x8f,0x30,0x00,0x00,0x00,0x00,0x00,0x00,0x00,
0x00,0x00,0x00,0x00,0x00,0x00,0x00,0x00,0x00,0x00,
0x00,0x00,0x00,0x00,0x00,0x00,0x00,0x00,0x00,0x00,
0x00,0x00,0x00,0x00,0x00,0x00,0x00,0x00,0x00,0x00,
0x00,0x00,0x00,0x00,0x00,0x00,0x00,0x00,0x00,0x00,
0x00,0x00,0x00,0x00,0x00,0x00,0x00,0x00,0x00,0x00,
0x00,0x00,0x00,0x00,0x00,0x10,0x30,0x40,0x40,0x40,
0x30,0x10,0x00,0x00,0x00,0x00,0x00,0x00,0x00,0x00,
0x00,0x00,0x00,0x00,0x00,0x00,0x00,0x00,0x00,0x40,
0xbf,0xff,0x7f,0x00,0x00,0x00,0x00,0x00,0x00,0x7f,
0xff,0xbf,0x40,0x00,0x00,0x00,0x40,0xbf,0xff,0x7f,
0x00,0x00,0x00,0x00,0x00,0x00,0x00,0x00,0x00,0x00,
0x00,0x00,0x00,0x00,0x00,0x00,0x00,0x00,0x00,0x7f,
0xff,0xff,0xff,0xff,0xff,0xff,0xd3,0x53,0x00,0x00,
0x5f,0xdf,0xff,0xff,0xff,0xff,0xff,0xff,0xff,0xff,
0xff,0xbf,0x40,0x00,0x00,0x00,0x00,0x00,0x00,0x00,
0x00,0x00,0x00,0x00,0x00,0x00,0x00,0x00,0x00,0x00,
0x00,0x00,0x00,0x00,0x00,0x00,0x00,0x00,0x00,0x00,
0x00,0x00,0x00,0x00,0x00,0x00,0x00,0x00,0x00,0x00,
0x00,0x00,0x00,0x00,0x00,0x00,0x00,0x00,0x00,0x00,
0x00,0x00,0x00,0x00,0x00,0x00,0x00,0x00,0x00,0x00,
0x00,0x00,0x00,0x00,0x00,0x00,0x00,0x00,0x00,0x00,
0x00,0x00,0x00,0x00,0x00,0x00,0x00,0x00,0x00,0x00,
0x00,0x00,0x00,0x00,0x00,0x00,0x00,0x00,0x00,0x00,
0x00,0x00,0x00,0x00,0x00,0x00,0x00,0x00,0x00,0x00,
0x00,0x00,0x00,0x00,0x00,0x7f,0xff,0xbf,0x40,0x00,
0x00,0x00,0x00,0x00,0x00,0x00,0x00,0x00,0x00,0x00,
0x00,0x00,0x00,0x00,0x00,0x00,0x00,0x00,0x00,0x00,
0x00,0x00,0x00,0x00,0x00,0x00,0x00,0x00,0x00,0x00,
0x00,0x00,0x00,0x00,0x00,0x00,0x00,0x00,0x00,0x00,
0x00,0x00,0x00,0x00,0x00,0x00,0x00,0x00,0x00,0x00,
0x00,0x00,0x00,0x00,0x00,0x00,0x00,0x00,0x00,0x00,
0x00,0x00,0x00,0x00,0x00,0x00,0x00,0x00,0x00,0x00,
0x00,0x00,0x00,0x00,0x00,0x00,0x00,0x00,0x00,0x00,
0x00,0x00,0x00,0x00,0x00,0x40,0xbf,0xff,0x7f,0x00,
0x00,0x00,0x00,0x00,0x00,0x7f,0xff,0xbf,0x40,0x00,
0x00,0x00,0x40,0xbf,0xff,0x7f,0x00,0x00,0x00,0x00,
0x00,0x00,0x00,0x00,0x00,0x00,0x00,0x00,0x00,0x00,
0x00,0x00,0x00,0x00,0x00,0x7f,0xff,0xff,0xff,0xff,
0xff,0xff,0xd6,0x61,0x15,0x15,0x6c,0xe1,0xff,0xff,
0xff,0xff,0xff,0xff,0xff,0xff,0xff,0xbf,0x40,0x00,
0x00,0x00,0x00,0x00,0x00,0x00,0x00,0x00,0x00,0x00,
0x00,0x00,0x00,0x00,0x00,0x00,0x00,0x00,0x00,0x00,
0x00,0x00,0x00,0x00,0x00,0x00,0x00,0x00,0x00,0x00,
0x00,0x00,0x00,0x00,0x00,0x00,0x00,0x00,0x00,0x00,
0x00,0x00,0x00,0x00,0x00,0x00,0x00,0x00,0x00,0x00,
0x00,0x00,0x00,0x00,0x00,0x00,0x00,0x00,0x00,0x00,
0x00,0x00,0x00,0x00,0x00,0x00,0x00,0x00,0x00,0x00,
0x00,0x00,0x00,0x00,0x00,0x00,0x00,0x00,0x00,0x00,
0x00,0x00,0x00,0x00,0x00,0x00,0x00,0x00,0x00,0x00,
0x00,0x00,0x00,0x00,0x00,0x00,0x00,0x00,0x00,0x00,
0x00,0x3f,0x7f,0x5f,0x20,0x00,0x00,0x00,0x00,0x00,
0x00,0x00,0x00,0x00,0x00,0x00,0x00,0x00,0x00,0x00,
0x00,0x00,0x00,0x00,0x00,0x00,0x00,0x00,0x00,0x00,
0x00,0x00,0x00,0x00,0x00,0x00,0x00,0x00,0x00,0x00,
0x00,0x00,0x00,0x00,0x00,0x00,0x00,0x00,0x00,0x00,
0x00,0x00,0x00,0x00,0x00,0x00,0x00,0x00,0x00,0x00,
0x00,0x00,0x00,0x00,0x00,0x00,0x00,0x00,0x00,0x00,
0x00,0x00,0x00,0x00,0x00,0x00,0x00,0x00,0x00,0x00,
0x00,0x00,0x00,0x00,0x00,0x00,0x00,0x00,0x00,0x00,
0x00,0x30,0x8f,0xbf,0x7f,0x40,0x40,0x40,0x40,0x20,
0x00,0x7f,0xff,0xbf,0x40,0x00,0x20,0x40,0x60,0x9f,
0xbf,0x5f,0x00,0x00,0x00,0x00,0x00,0x00,0x00,0x00,
0x00,0x00,0x00,0x00,0x00,0x00,0x00,0x00,0x00,0x00,
0x00,0x7f,0xff,0xff,0xff,0xff,0xff,0xff,0xec,0xb7,
0x94,0x94,0xbc,0xf1,0xff,0xff,0xff,0xff,0xff,0xff,
0xff,0xff,0xff,0xbf,0x40,0x00,0x00,0x00,0x00,0x00,
0x00,0x00,0x00,0x00,0x00,0x00,0x00,0x00,0x00,0x00,
0x00,0x00,0x00,0x00,0x00,0x00,0x00,0x00,0x00,0x00,
0x00,0x00,0x00,0x00,0x00,0x00,0x00,0x00,0x00,0x00,
0x00,0x00,0x00,0x00,0x00,0x00,0x00,0x00,0x00,0x00,
0x00,0x00,0x00,0x00,0x00,0x00,0x00,0x00,0x00,0x00,
0x00,0x00,0x00,0x00,0x00,0x00,0x00,0x00,0x00,0x00,
0x00,0x00,0x00,0x00,0x00,0x00,0x00,0x00,0x00,0x00,
0x00,0x00,0x00,0x00,0x00,0x00,0x00,0x00,0x00,0x00,
0x00,0x00,0x00,0x00,0x00,0x00,0x00,0x00,0x00,0x00,
0x00,0x00,0x00,0x00,0x00,0x00,0x00,0x00,0x00,0x00,
0x00,0x00,0x00,0x00,0x00,0x00,0x00,0x00,0x00,0x00,
0x00,0x00,0x00,0x00,0x00,0x00,0x00,0x00,0x00,0x00,
0x00,0x00,0x00,0x00,0x00,0x00,0x00,0x00,0x00,0x00,
0x00,0x00,0x00,0x00,0x00,0x00,0x00,0x00,0x00,0x00,
0x00,0x00,0x00,0x00,0x00,0x00,0x00,0x00,0x00,0x00,
0x00,0x00,0x00,0x00,0x00,0x00,0x00,0x00,0x00,0x00,
0x00,0x00,0x00,0x00,0x00,0x00,0x00,0x00,0x00,0x00,
0x00,0x00,0x00,0x00,0x00,0x00,0x00,0x00,0x00,0x00,
0x00,0x00,0x00,0x00,0x00,0x00,0x00,0x10,0x30,0x40,
0x7f,0xbf,0xbf,0xbf,0xbf,0x5f,0x00,0x7f,0xff,0xbf,
0x40,0x00,0x5f,0xbf,0x9f,0x60,0x40,0x20,0x00,0x00,
0x00,0x00,0x00,0x00,0x00,0x00,0x00,0x00,0x00,0x00,
0x00,0x00,0x00,0x00,0x00,0x00,0x00,0x7f,0xff,0xff,
0xff,0xff,0xff,0xff,0xff,0xff,0xff,0xff,0xff,0xff,
0xff,0xff,0xff,0xff,0xff,0xff,0xff,0xff,0xff,0xbf,
0x40,0x00,0x00,0x00,0x00,0x00,0x00,0x00,0x00,0x00,
0x00,0x00,0x00,0x00,0x00,0x00,0x00,0x00,0x00,0x00,
0x00,0x00,0x00,0x00,0x00,0x00,0x00,0x00,0x00,0x00,
0x00,0x00,0x00,0x00,0x00,0x00,0x00,0x00,0x00,0x00,
0x00,0x00,0x00,0x00,0x00,0x00,0x00,0x00,0x00,0x00,
0x00,0x00,0x00,0x00,0x00,0x00,0x00,0x00,0x00,0x00,
0x00,0x00,0x00,0x00,0x00,0x00,0x00,0x00,0x00,0x00,
0x00,0x00,0x00,0x00,0x00,0x00,0x00,0x00,0x00,0x00,
0x00,0x00,0x00,0x00,0x00,0x00,0x00,0x00,0x00,0x00,
0x00,0x00,0x00,0x00,0x00,0x00,0x00,0x00,0x00,0x00,
0x00,0x00,0x00,0x00,0x00,0x00,0x00,0x00,0x00,0x00,
0x00,0x00,0x00,0x00,0x00,0x00,0x00,0x00,0x00,0x00,
0x00,0x00,0x00,0x00,0x00,0x00,0x00,0x00,0x00,0x00,
0x00,0x00,0x00,0x00,0x00,0x00,0x00,0x00,0x00,0x00,
0x00,0x00,0x00,0x00,0x00,0x00,0x00,0x00,0x00,0x00,
0x00,0x00,0x00,0x00,0x00,0x00,0x00,0x00,0x00,0x00,
0x00,0x00,0x00,0x00,0x00,0x00,0x00,0x00,0x00,0x00,
0x00,0x00,0x00,0x00,0x00,0x00,0x00,0x00,0x00,0x00,
0x00,0x00,0x00,0x00,0x00,0x00,0x00,0x00,0x00,0x00,
0x00,0x00,0x00,0x00,0x00,0x00,0x7f,0xff,0xff,0xff,
0xff,0x7f,0x00,0x7f,0xff,0xbf,0x40,0x00,0x7f,0xff,
0xbf,0x40,0x00,0x00,0x00,0x00,0x00,0x00,0x00,0x00,
0x00,0x00,0x00,0x00,0x00,0x00,0x00,0x00,0x00,0x00,
0x00,0x00,0x00,0x7f,0xff,0xff,0xff,0xff,0xff,0xff,
0xff,0xff,0xff,0xff,0xff,0xff,0xff,0xff,0xff,0xff,
0xff,0xff,0xff,0xff,0xff,0xbf,0x40,0x00,0x00,0x00,
0x00,0x00,0x00,0x00,0x00,0x00,0x00,0x00,0x00,0x00,
0x00,0x00,0x00,0x00,0x00,0x00,0x00,0x00,0x00,0x00,
0x00,0x00,0x00,0x00,0x00,0x00,0x00,0x00,0x00,0x00,
0x00,0x00,0x00,0x00,0x00,0x00,0x00,0x00,0x00,0x00,
0x00,0x00,0x00,0x00,0x00,0x00,0x00,0x00,0x00,0x00,
0x00,0x00,0x00,0x00,0x00,0x00,0x00,0x00,0x00,0x00,
0x00,0x00,0x00,0x00,0x00,0x00,0x00,0x00,0x00,0x00,
0x00,0x00,0x00,0x00,0x00,0x00,0x00,0x00,0x00,0x00,
0x00,0x00,0x00,0x00,0x00,0x00,0x00,0x00,0x00,0x00,
0x00,0x00,0x00,0x00,0x00,0x00,0x00,0x00,0x00,0x00,
0x00,0x00,0x00,0x00,0x00,0x00,0x00,0x00,0x00,0x00,
0x00,0x00,0x00,0x00,0x00,0x00,0x00,0x00,0x00,0x00,
0x00,0x00,0x00,0x00,0x00,0x00,0x00,0x00,0x00,0x00,
0x00,0x00,0x00,0x00,0x00,0x00,0x00,0x00,0x00,0x00,
0x00,0x00,0x00,0x00,0x00,0x00,0x00,0x00,0x00,0x00,
0x00,0x00,0x00,0x00,0x00,0x00,0x00,0x00,0x00,0x00,
0x00,0x00,0x00,0x00,0x00,0x00,0x00,0x00,0x00,0x00,
0x00,0x00,0x00,0x00,0x00,0x00,0x00,0x00,0x00,0x00,
0x00,0x00,0x00,0x00,0x00,0x00,0x00,0x00,0x00,0x00,
0x00,0x00,0x3f,0x7f,0x7f,0x7f,0x7f,0x3f,0x00,0x3f,
0x7f,0x5f,0x20,0x00,0x3f,0x7f,0x5f,0x20,0x00,0x00,
0x00,0x00,0x00,0x00,0x00,0x00,0x00,0x00,0x00,0x00,
0x00,0x00,0x00,0x00,0x00,0x00,0x00,0x00,0x00,0x3f,
0x7f,0x7f,0x7f,0x7f,0x7f,0x7f,0x7f,0x7f,0x7f,0x7f,
0x7f,0x7f,0x7f,0x7f,0x7f,0x7f,0x7f,0x7f,0x7f,0x7f,
0x7f,0x5f,0x20,0x00,0x00,0x00,0x00,0x00,0x00,0x00,
0x00,0x00,0x00,0x00,0x00,0x00,0x00,0x00,0x00,0x00,
0x00,0x00,0x00,0x00,0x00,0x00,0x00,0x00,0x00,0x00,
0x00,0x00,0x00,0x00,0x00,0x00,0x00,0x00,0x00,0x00,
0x00,0x00,0x00,0x00,0x00,0x00,0x00,0x00,0x00,0x00,
0x00,0x00,0x00,0x00,0x00,0x00,0x00,0x00,0x00,0x00,
0x00,0x00,0x00,0x00,0x00,0x00,0x00,0x00,0x00,0x00,
0x00,0x00,0x00,0x00,0x00,0x00,0x00,0x00,0x00,0x00,
0x00,0x00,0x00,0x00,0x00,0x00,0x00,0x00,0x00,0x00,
0x00,0x00,0x00,0x00,0x00,0x00,0x00,0x00,0x00,0x00,
0x00,0x00,0x00,0x00,0x00,0x00,0x00,0x00,0x00,0x00,
0x00,0x00,0x00,0x00,0x00,0x00,0x00,0x00,0x00,0x00,
0x00,0x00,0x00,0x00,0x00,0x00,0x00,0x00,0x00,0x00,
0x00,0x00,0x00,0x00,0x00,0x00,0x00,0x00,0x00,0x00,
0x00,0x00,0x00,0x00,0x00,0x00,0x00,0x00,0x00,0x00,
0x00,0x00,0x00,0x00,0x00,0x00,0x00,0x00,0x00,0x00,
0x00,0x00,0x00,0x00,0x00,0x00,0x00,0x00,0x00,0x00,
0x00,0x00,0x00,0x00,0x00,0x00,0x00,0x00,0x00,0x00,
0x00,0x00,0x00,0x00,0x00,0x00,0x00,0x00,0x00,0x00,
0x00,0x00,0x00,0x00,0x00,0x00,0x00,0x00,0x00,0x00,
0x00,0x00,0x00,0x00,0x00,0x00,0x00,0x00,0x00,0x00,
0x00,0x00,0x00,0x00,0x00,0x00,0x00,0x00,0x00,0x00,
0x00,0x00,0x00,0x00,0x00,0x00,0x00,0x00,0x00,0x00,
0x00,0x00,0x00,0x00,0x00,0x00,0x00,0x00,0x00,0x00,
0x00,0x00,0x00,0x00,0x00,0x00,0x00,0x00,0x00,0x00,
0x00,0x00,0x00,0x00,0x00,0x00,0x00,0x00,0x00,0x00,
0x00,0x00,0x00,0x00,0x00,0x00,0x10,0x30,0x40,0x40,
0x40,0x40,0x40,0x40,0x20,0x00,0x00,0x00,0x00,0x20,
0x40,0x40,0x40,0x40,0x40,0x40,0x40,0x40,0x40,0x40,
0x40,0x30,0x10,0x00,0x20,0x40,0x40,0x40,0x40,0x40,
0x40,0x40,0x40,0x40,0x20,0x00,0x00,0x00,0x00,0x20,
0x40,0x40,0x40,0x40,0x40,0x40,0x40,0x40,0x40,0x20,
0x00,0x00,0x00,0x00,0x00,0x00,0x20,0x40,0x40,0x40,
0x40,0x40,0x40,0x40,0x40,0x40,0x40,0x40,0x30,0x10,
0x00,0x00,0x00,0x20,0x40,0x40,0x40,0x40,0x40,0x40,
0x40,0x40,0x40,0x20,0x00,0x20,0x40,0x30,0x10,0x00,
0x20,0x40,0x30,0x10,0x00,0x20,0x40,0x30,0x10,0x00,
0x00,0x00,0x10,0x30,0x40,0x40,0x40,0x40,0x40,0x40,
0x20,0x00,0x00,0x00,0x00,0x20,0x40,0x30,0x10,0x00,
0x00,0x00,0x00,0x00,0x00,0x00,0x00,0x10,0x30,0x40,
0x20,0x00,0x00,0x00,0x20,0x5f,0x7f,0x3f,0x00,0x00,
0x00,0x00,0x3f,0x7f,0x5f,0x20,0x00,0x00,0x00,0x20,
0x40,0x30,0x10,0x00,0x00,0x00,0x00,0x00,0x00,0x20,
0x40,0x30,0x10,0x00,0x00,0x00,0x00,0x00,0x00,0x20,
0x40,0x40,0x40,0x40,0x40,0x40,0x40,0x40,0x40,0x40,
0x40,0x30,0x10,0x00,0x20,0x40,0x30,0x10,0x00,0x20,
0x40,0x30,0x10,0x00,0x00,0x00,0x10,0x30,0x40,0x20,
0x00,0x00,0x00,0x00,0x20,0x40,0x30,0x10,0x00,0x00,
0x00,0x00,0x00,0x00,0x20,0x40,0x30,0x10,0x00,0x00,
0x00,0x10,0x30,0x40,0x40,0x40,0x40,0x40,0x40,0x20,
0x00,0x00,0x00,0x00,0x20,0x40,0x40,0x40,0x40,0x40,
0x40,0x40,0x40,0x40,0x40,0x40,0x30,0x10,0x00,0x00,
0x00,0x00,0x30,0x8f,0xbf,0xbf,0xbf,0xbf,0xbf,0xbf,
0x5f,0x00,0x00,0x00,0x00,0x5f,0xbf,0xbf,0xbf,0xbf,
0xbf,0xbf,0xbf,0xbf,0xbf,0xbf,0xbf,0x8f,0x30,0x00,
0x5f,0xbf,0xbf,0xbf,0xbf,0xbf,0xbf,0xbf,0xbf,0xbf,
0x5f,0x00,0x00,0x00,0x00,0x5f,0xbf,0xbf,0xbf,0xbf,
0xbf,0xbf,0xbf,0xbf,0xbf,0x5f,0x00,0x00,0x00,0x00,
0x00,0x00,0x5f,0xbf,0xbf,0xbf,0xbf,0xbf,0xbf,0xbf,
0xbf,0xbf,0xbf,0xbf,0x8f,0x30,0x00,0x00,0x00,0x5f,
0xbf,0xbf,0xbf,0xbf,0xbf,0xbf,0xbf,0xbf,0xbf,0x5f,
0x00,0x5f,0xbf,0x8f,0x30,0x00,0x5f,0xbf,0x8f,0x30,
0x00,0x5f,0xbf,0x8f,0x30,0x00,0x00,0x00,0x30,0x8f,
0xbf,0xbf,0xbf,0xbf,0xbf,0xbf,0x5f,0x00,0x00,0x00,
0x00,0x5f,0xbf,0x8f,0x30,0x00,0x00,0x00,0x00,0x00,
0x00,0x00,0x00,0x30,0x8f,0xbf,0x5f,0x00,0x00,0x00,
0x40,0xbf,0xff,0x7f,0x00,0x00,0x00,0x00,0x7f,0xff,
0xbf,0x40,0x00,0x00,0x00,0x5f,0xbf,0x8f,0x30,0x00,
0x00,0x00,0x00,0x00,0x00,0x5f,0xbf,0x8f,0x30,0x00,
0x00,0x00,0x00,0x00,0x00,0x5f,0xbf,0xbf,0xbf,0xbf,
0xbf,0xbf,0xbf,0xbf,0xbf,0xbf,0xbf,0x8f,0x30,0x00,
0x5f,0xbf,0x8f,0x30,0x00,0x5f,0xbf,0x8f,0x30,0x00,
0x00,0x00,0x30,0x8f,0xbf,0x5f,0x00,0x00,0x00,0x00,
0x5f,0xbf,0x8f,0x30,0x00,0x00,0x00,0x00,0x00,0x00,
0x5f,0xbf,0x8f,0x30,0x00,0x00,0x00,0x30,0x8f,0xbf,
0xbf,0xbf,0xbf,0xbf,0xbf,0x5f,0x00,0x00,0x00,0x00,
0x5f,0xbf,0xbf,0xbf,0xbf,0xbf,0xbf,0xbf,0xbf,0xbf,
0xbf,0xbf,0x8f,0x30,0x00,0x00,0x00,0x00,0x40,0xbf,
0xff,0xff,0xff,0xff,0xff,0xff,0x7f,0x00,0x00,0x00,
0x00,0x7f,0xff,0xff,0xff,0xff,0xff,0xff,0xff,0xff,
0xff,0xff,0xff,0xbf,0x40,0x00,0x7f,0xff,0xff,0xff,
0xff,0xff,0xff,0xff,0xff,0xff,0x7f,0x00,0x00,0x00,
0x00,0x7f,0xff,0xff,0xff,0xff,0xff,0xff,0xff,0xff,
0xff,0x7f,0x00,0x00,0x00,0x00,0x00,0x00,0x7f,0xff,
0xff,0xff,0xff,0xff,0xff,0xff,0xff,0xff,0xff,0xff,
0xbf,0x40,0x00,0x00,0x00,0x7f,0xff,0xff,0xff,0xff,
0xff,0xff,0xff,0xff,0xff,0x7f,0x00,0x7f,0xff,0xbf,
0x40,0x00,0x7f,0xff,0xbf,0x40,0x00,0x7f,0xff,0xbf,
0x40,0x00,0x00,0x00,0x40,0xbf,0xff,0xff,0xff,0xff,
0xff,0xff,0x7f,0x00,0x00,0x00,0x00,0x7f,0xff,0xbf,
0x40,0x00,0x00,0x00,0x00,0x00,0x00,0x00,0x00,0x40,
0xbf,0xff,0x7f,0x00,0x00,0x00,0x30,0x8f,0xbf,0x7f,
0x40,0x40,0x40,0x40,0x7f,0xbf,0x8f,0x30,0x00,0x00,
0x00,0x7f,0xff,0xbf,0x40,0x00,0x00,0x00,0x00,0x00,
0x00,0x7f,0xff,0xbf,0x40,0x00,0x00,0x00,0x00,0x00,
0x00,0x7f,0xff,0xff,0xff,0xff,0xff,0xff,0xff,0xff,
0xff,0xff,0xff,0xbf,0x40,0x00,0x7f,0xff,0xbf,0x40,
0x00,0x7f,0xff,0xbf,0x40,0x00,0x00,0x00,0x40,0xbf,
0xff,0x7f,0x00,0x00,0x00,0x00,0x7f,0xff,0xbf,0x40,
0x00,0x00,0x00,0x00,0x00,0x00,0x7f,0xff,0xbf,0x40,
0x00,0x00,0x00,0x40,0xbf,0xff,0xff,0xff,0xff,0xff,
0xff,0x7f,0x00,0x00,0x00,0x00,0x7f,0xff,0xff,0xff,
0xff,0xff,0xff,0xff,0xff,0xff,0xff,0xff,0xbf,0x40,
0x00,0x00,0x3f,0x7f,0x7f,0x7f,0x7f,0x7f,0x7f,0x7f,
0x7f,0x7f,0x7f,0x7f,0x5f,0x20,0x00,0x7f,0xff,0xdf,
0x9f,0x7f,0x7f,0x7f,0x7f,0x7f,0x7f,0x7f,0x7f,0x5f,
0x20,0x00,0x7f,0xff,0xdf,0x9f,0x7f,0x7f,0x7f,0x7f,
0x7f,0x7f,0x7f,0x7f,0x5f,0x20,0x00,0x7f,0xff,0xdf,
0x9f,0x7f,0x7f,0x7f,0x7f,0x7f,0x7f,0x3f,0x00,0x00,
0x00,0x00,0x00,0x00,0x7f,0xff,0xdf,0x9f,0x7f,0x7f,
0x7f,0x7f,0x7f,0x7f,0xbf,0xff,0xbf,0x40,0x00,0x00,
0x00,0x7f,0xff,0xdf,0x9f,0x7f,0x7f,0x7f,0x7f,0x7f,
0x7f,0x3f,0x00,0x7f,0xff,0xbf,0x40,0x00,0x7f,0xff,
0xbf,0x40,0x00,0x7f,0xff,0xbf,0x40,0x00,0x3f,0x7f,
0x7f,0x7f,0x7f,0x7f,0x7f,0x7f,0x7f,0x7f,0x7f,0x7f,
0x5f,0x20,0x00,0x7f,0xff,0xbf,0x40,0x00,0x00,0x00,
0x00,0x00,0x00,0x3f,0x7f,0x9f,0xdf,0xff,0x7f,0x00,
0x00,0x00,0x10,0x30,0x40,0x7f,0xbf,0xbf,0xbf,0xbf,
0x7f,0x40,0x30,0x10,0x00,0x00,0x00,0x7f,0xff,0xbf,
0x40,0x00,0x00,0x00,0x20,0x5f,0x7f,0x7f,0x7f,0x5f,
0x20,0x00,0x00,0x00,0x00,0x00,0x00,0x7f,0xff,0xdf,
0x9f,0x7f,0x7f,0x7f,0x7f,0x7f,0x7f,0xbf,0xff,0xbf,
0x40,0x00,0x7f,0xff,0xdf,0x9f,0x7f,0x7f,0x7f,0x7f,
0x7f,0x7f,0x7f,0x7f,0x7f,0x7f,0x7f,0x7f,0x7f,0x5f,
0x20,0x00,0x7f,0xff,0xbf,0x40,0x00,0x00,0x00,0x00,
0x00,0x00,0x7f,0xff,0xbf,0x40,0x00,0x3f,0x7f,0x7f,
0x7f,0x7f,0x7f,0x7f,0x7f,0x7f,0x7f,0x7f,0x7f,0x5f,
0x20,0x00,0x7f,0xff,0xdf,0x9f,0x7f,0x7f,0x7f,0x7f,
0x7f,0x7f,0xbf,0xff,0xbf,0x40,0x00,0x00,0x7f,0xff,
0xbf,0x40,0x00,0x00,0x00,0x00,0x00,0x00,0x7f,0xff,
0xbf,0x40,0x00,0x7f,0xff,0xbf,0x40,0x00,0x00,0x00,
0x00,0x00,0x00,0x00,0x00,0x00,0x00,0x00,0x7f,0xff,
0xbf,0x40,0x00,0x00,0x00,0x00,0x00,0x00,0x7f,0xff,
0xbf,0x40,0x00,0x7f,0xff,0xbf,0x40,0x00,0x00,0x00,
0x00,0x00,0x00,0x00,0x00,0x00,0x00,0x00,0x00,0x00,
0x7f,0xff,0xbf,0x40,0x00,0x00,0x00,0x00,0x00,0x00,
0x7f,0xff,0xbf,0x40,0x00,0x00,0x00,0x7f,0xff,0xbf,
0x40,0x00,0x00,0x00,0x00,0x00,0x00,0x00,0x00,0x7f,
0xff,0xbf,0x40,0x00,0x7f,0xff,0xbf,0x40,0x00,0x7f,
0xff,0xbf,0x40,0x00,0x7f,0xff,0xbf,0x40,0x00,0x00,
0x00,0x00,0x00,0x00,0x7f,0xff,0xbf,0x40,0x00,0x7f,
0xff,0xbf,0x40,0x00,0x00,0x00,0x00,0x00,0x00,0x7f,
0xff,0xff,0xff,0xff,0x7f,0x00,0x00,0x00,0x00,0x00,
0x00,0x7f,0xff,0xff,0xff,0xff,0x7f,0x00,0x00,0x00,
0x00,0x00,0x00,0x7f,0xff,0xbf,0x40,0x00,0x00,0x00,
0x40,0xbf,0xff,0x7f,0x00,0x00,0x00,0x00,0x00,0x00,
0x00,0x00,0x00,0x7f,0xff,0xbf,0x40,0x00,0x00,0x00,
0x00,0x00,0x00,0x7f,0xff,0xbf,0x40,0x00,0x7f,0xff,
0xff,0xff,0xff,0x7f,0x00,0x40,0xbf,0xff,0xff,0xff,
0xbf,0x40,0x00,0x7f,0xff,0xbf,0x40,0x00,0x7f,0xff,
0xbf,0x40,0x00,0x00,0x00,0x00,0x00,0x00,0x7f,0xff,
0xbf,0x40,0x00,0x7f,0xff,0xbf,0x40,0x00,0x00,0x00,
0x00,0x00,0x00,0x7f,0xff,0xbf,0x40,0x00,0x7f,0xff,
0xbf,0x40,0x00,0x00,0x00,0x00,0x00,0x00,0x7f,0xff,
0xbf,0x40,0x00,0x00,0x7f,0xff,0xbf,0x40,0x00,0x00,
0x00,0x00,0x00,0x00,0x7f,0xff,0xbf,0x40,0x00,0x7f,
0xff,0xbf,0x40,0x00,0x00,0x00,0x00,0x00,0x00,0x00,
0x00,0x00,0x00,0x00,0x7f,0xff,0xbf,0x40,0x00,0x00,
0x00,0x00,0x00,0x00,0x7f,0xff,0xbf,0x40,0x00,0x7f,
0xff,0xbf,0x40,0x00,0x00,0x00,0x00,0x00,0x00,0x00,
0x00,0x00,0x00,0x00,0x00,0x00,0x7f,0xff,0xbf,0x40,
0x00,0x00,0x00,0x00,0x00,0x00,0x7f,0xff,0xbf,0x40,
0x00,0x00,0x00,0x7f,0xff,0xbf,0x40,0x00,0x00,0x00,
0x00,0x00,0x00,0x00,0x00,0x7f,0xff,0xbf,0x40,0x00,
0x7f,0xff,0xbf,0x40,0x00,0x7f,0xff,0xbf,0x40,0x00,
0x5f,0xbf,0x8f,0x30,0x00,0x00,0x00,0x00,0x00,0x00,
0x7f,0xff,0xbf,0x40,0x00,0x7f,0xff,0xbf,0x40,0x00,
0x00,0x00,0x00,0x00,0x00,0x7f,0xff,0xff,0xff,0xff,
0x7f,0x00,0x00,0x00,0x00,0x00,0x00,0x3f,0x7f,0x7f,
0x7f,0x7f,0x3f,0x00,0x00,0x00,0x00,0x00,0x00,0x7f,
0xff,0xbf,0x40,0x00,0x00,0x00,0x40,0xbf,0xff,0x7f,
0x00,0x00,0x00,0x00,0x00,0x00,0x00,0x00,0x00,0x7f,
0xff,0xbf,0x40,0x00,0x00,0x00,0x00,0x00,0x00,0x7f,
0xff,0xbf,0x40,0x00,0x7f,0xff,0xef,0xcf,0xbf,0x5f,
0x00,0x40,0xbf,0xff,0xdf,0xbf,0x8f,0x30,0x00,0x7f,
0xff,0xbf,0x40,0x00,0x7f,0xff,0xbf,0x40,0x00,0x00,
0x00,0x00,0x00,0x00,0x7f,0xff,0xbf,0x40,0x00,0x7f,
0xff,0xbf,0x40,0x00,0x00,0x00,0x00,0x00,0x00,0x7f,
0xff,0xbf,0x40,0x00,0x7f,0xff,0xbf,0x40,0x00,0x00,
0x00,0x00,0x00,0x00,0x7f,0xff,0xbf,0x40,0x00,0x00,
0x7f,0xff,0xbf,0x40,0x00,0x00,0x00,0x00,0x00,0x00,
0x7f,0xff,0xbf,0x40,0x00,0x7f,0xff,0xbf,0x40,0x00,
0x00,0x00,0x00,0x00,0x00,0x00,0x00,0x00,0x00,0x00,
0x7f,0xff,0xbf,0x40,0x00,0x00,0x00,0x00,0x00,0x00,
0x7f,0xff,0xbf,0x40,0x00,0x7f,0xff,0xbf,0x40,0x00,
0x00,0x00,0x00,0x00,0x00,0x00,0x00,0x00,0x00,0x00,
0x00,0x00,0x7f,0xff,0xbf,0x40,0x00,0x00,0x00,0x00,
0x00,0x00,0x7f,0xff,0xbf,0x40,0x00,0x00,0x00,0x7f,
0xff,0xbf,0x40,0x00,0x00,0x00,0x00,0x00,0x00,0x00,
0x00,0x7f,0xff,0xbf,0x40,0x00,0x7f,0xff,0xbf,0x40,
0x00,0x7f,0xff,0xbf,0x40,0x00,0x20,0x40,0x30,0x10,
0x00,0x00,0x00,0x00,0x00,0x00,0x7f,0xff,0xbf,0x40,
0x00,0x7f,0xff,0xbf,0x40,0x00,0x00,0x00,0x00,0x00,
0x00,0x7f,0xff,0xff,0xff,0xff,0x7f,0x00,0x00,0x00,
0x00,0x00,0x00,0x00,0x00,0x00,0x00,0x00,0x00,0x00,
0x00,0x00,0x00,0x00,0x00,0x7f,0xff,0xbf,0x40,0x00,
0x00,0x00,0x40,0xbf,0xff,0x7f,0x00,0x00,0x00,0x00,
0x00,0x00,0x00,0x00,0x00,0x7f,0xff,0xbf,0x40,0x00,
0x00,0x00,0x00,0x00,0x00,0x7f,0xff,0xbf,0x40,0x00,
0x7f,0xff,0xcf,0x6f,0x40,0x20,0x00,0x40,0xbf,0xff,
0x9f,0x40,0x30,0x10,0x00,0x7f,0xff,0xbf,0x40,0x00,
0x7f,0xff,0xbf,0x40,0x00,0x00,0x00,0x00,0x00,0x00,
0x7f,0xff,0xbf,0x40,0x00,0x7f,0xff,0xbf,0x40,0x00,
0x00,0x00,0x00,0x00,0x00,0x7f,0xff,0xbf,0x40,0x00,
0x7f,0xff,0xbf,0x40,0x00,0x00,0x00,0x00,0x00,0x00,
0x7f,0xff,0xbf,0x40,0x00,0x00,0x7f,0xff,0xbf,0x40,
0x00,0x00,0x00,0x00,0x00,0x00,0x7f,0xff,0xbf,0x40,
0x00,0x7f,0xff,0xbf,0x40,0x00,0x00,0x00,0x00,0x00,
0x00,0x00,0x00,0x00,0x00,0x00,0x7f,0xff,0xbf,0x40,
0x00,0x00,0x00,0x00,0x00,0x00,0x7f,0xff,0xbf,0x40,
0x00,0x7f,0xff,0xbf,0x40,0x00,0x00,0x00,0x00,0x00,
0x00,0x00,0x00,0x00,0x00,0x00,0x00,0x00,0x7f,0xff,
0xbf,0x40,0x00,0x00,0x00,0x00,0x00,0x00,0x7f,0xff,
0xbf,0x40,0x00,0x00,0x00,0x7f,0xff,0xbf,0x40,0x00,
0x00,0x00,0x00,0x00,0x00,0x00,0x00,0x7f,0xff,0xbf,
0x40,0x00,0x7f,0xff,0xbf,0x40,0x00,0x7f,0xff,0xbf,
0x40,0x00,0x00,0x00,0x00,0x00,0x00,0x00,0x00,0x00,
0x00,0x00,0x7f,0xff,0xbf,0x40,0x00,0x7f,0xff,0xbf,
0x40,0x00,0x00,0x00,0x00,0x00,0x00,0x7f,0xff,0xff,
0xff,0xff,0x7f,0x00,0x20,0x40,0x30,0x10,0x00,0x00,
0x00,0x00,0x00,0x00,0x00,0x00,0x10,0x30,0x40,0x20,
0x00,0x7f,0xff,0xbf,0x40,0x00,0x00,0x00,0x40,0xbf,
0xff,0x7f,0x00,0x00,0x00,0x00,0x00,0x00,0x00,0x00,
0x00,0x7f,0xff,0xbf,0x40,0x00,0x00,0x00,0x00,0x00,
0x00,0x7f,0xff,0xbf,0x40,0x00,0x7f,0xff,0xbf,0x40,
0x00,0x00,0x00,0x40,0xbf,0xff,0x7f,0x00,0x00,0x00,
0x00,0x7f,0xff,0xbf,0x40,0x00,0x7f,0xff,0xbf,0x40,
0x00,0x00,0x00,0x00,0x00,0x00,0x7f,0xff,0xbf,0x40,
0x00,0x7f,0xff,0xbf,0x40,0x00,0x00,0x00,0x00,0x00,
0x00,0x7f,0xff,0xbf,0x40,0x00,0x7f,0xff,0xbf,0x40,
0x00,0x00,0x00,0x00,0x00,0x00,0x7f,0xff,0xbf,0x40,
0x00,0x00,0x7f,0xff,0xbf,0x40,0x00,0x00,0x00,0x00,
0x00,0x00,0x7f,0xff,0xbf,0x40,0x00,0x7f,0xff,0xbf,
0x40,0x00,0x00,0x00,0x00,0x00,0x00,0x00,0x00,0x00,
0x00,0x00,0x7f,0xff,0xbf,0x40,0x00,0x00,0x00,0x00,
0x00,0x00,0x7f,0xff,0xbf,0x40,0x00,0x7f,0xff,0xbf,
0x40,0x00,0x00,0x00,0x00,0x00,0x00,0x00,0x00,0x00,
0x00,0x00,0x00,0x00,0x7f,0xff,0xbf,0x40,0x00,0x00,
0x00,0x00,0x00,0x00,0x7f,0xff,0xbf,0x40,0x00,0x00,
0x00,0x7f,0xff,0xbf,0x40,0x00,0x00,0x00,0x00,0x00,
0x00,0x00,0x00,0x7f,0xff,0xbf,0x40,0x00,0x7f,0xff,
0xbf,0x40,0x00,0x7f,0xff,0xbf,0x40,0x00,0x00,0x00,
0x00,0x00,0x00,0x00,0x00,0x00,0x00,0x00,0x7f,0xff,
0xbf,0x40,0x00,0x7f,0xff,0xbf,0x40,0x00,0x00,0x00,
0x20,0x5f,0x7f,0x7f,0x7f,0x9f,0xdf,0xff,0x7f,0x00,
0x5f,0xbf,0x8f,0x30,0x00,0x00,0x00,0x00,0x00,0x00,
0x00,0x00,0x30,0x8f,0xbf,0x5f,0x00,0x7f,0xff,0xbf,
0x40,0x00,0x3f,0x7f,0x7f,0x7f,0x7f,0x3f,0x00,0x00,
0x00,0x00,0x00,0x00,0x00,0x00,0x00,0x7f,0xff,0xbf,
0x40,0x00,0x00,0x00,0x00,0x00,0x00,0x7f,0xff,0xbf,
0x40,0x00,0x7f,0xff,0xbf,0x40,0x00,0x00,0x00,0x40,
0xbf,0xff,0x7f,0x00,0x00,0x00,0x00,0x7f,0xff,0xbf,
0x40,0x00,0x7f,0xff,0xbf,0x40,0x00,0x00,0x00,0x00,
0x00,0x00,0x7f,0xff,0xbf,0x40,0x00,0x7f,0xff,0xbf,
0x40,0x00,0x00,0x00,0x00,0x00,0x00,0x7f,0xff,0xbf,
0x40,0x00,0x7f,0xff,0xbf,0x40,0x00,0x00,0x00,0x00,
0x00,0x00,0x7f,0xff,0xbf,0x40,0x00,0x00,0x7f,0xff,
0xbf,0x40,0x00,0x00,0x00,0x00,0x00,0x00,0x7f,0xff,
0xbf,0x40,0x00,0x7f,0xff,0xbf,0x40,0x00,0x00,0x00,
0x00,0x00,0x00,0x00,0x00,0x00,0x00,0x00,0x7f,0xff,
0xbf,0x40,0x00,0x00,0x00,0x00,0x00,0x00,0x7f,0xff,
0xbf,0x40,0x00,0x7f,0xff,0xbf,0x40,0x00,0x00,0x00,
0x00,0x00,0x00,0x00,0x00,0x00,0x00,0x00,0x00,0x00,
0x7f,0xff,0xbf,0x40,0x00,0x00,0x00,0x00,0x00,0x00,
0x7f,0xff,0xbf,0x40,0x00,0x00,0x00,0x7f,0xff,0xbf,
0x40,0x00,0x00,0x00,0x00,0x00,0x00,0x00,0x00,0x7f,
0xff,0xbf,0x40,0x00,0x7f,0xff,0xbf,0x40,0x00,0x7f,
0xff,0xbf,0x40,0x00,0x00,0x00,0x00,0x00,0x00,0x00,
0x00,0x00,0x00,0x00,0x7f,0xff,0xbf,0x40,0x00,0x7f,
0xff,0xbf,0x40,0x00,0x00,0x00,0x40,0xbf,0xff,0x7f,
0x00,0x40,0xbf,0xff,0x7f,0x00,0x7f,0xff,0xbf,0x40,
0x00,0x00,0x00,0x00,0x00,0x00,0x00,0x00,0x40,0xbf,
0xff,0x7f,0x00,0x7f,0xff,0xbf,0x40,0x00,0x7f,0xff,
0xbf,0x40,0x00,0x00,0x00,0x00,0x00,0x00,0x00,0x00,
0x00,0x00,0x00,0x7f,0xff,0xbf,0x40,0x00,0x00,0x00,
0x00,0x00,0x00,0x7f,0xff,0xbf,0x40,0x00,0x7f,0xff,
0xbf,0x40,0x00,0x00,0x00,0x40,0xbf,0xff,0x7f,0x00,
0x00,0x00,0x00,0x7f,0xff,0xbf,0x40,0x00,0x7f,0xff,
0xbf,0x40,0x00,0x00,0x00,0x00,0x00,0x00,0x7f,0xff,
0xbf,0x40,0x00,0x7f,0xff,0xbf,0x40,0x00,0x00,0x00,
0x00,0x00,0x00,0x7f,0xff,0xbf,0x40,0x00,0x7f,0xff,
0xbf,0x40,0x00,0x00,0x00,0x00,0x00,0x00,0x7f,0xff,
0xbf,0x40,0x00,0x00,0x7f,0xff,0xcf,0x6f,0x40,0x40,
0x40,0x40,0x40,0x40,0x9f,0xff,0xbf,0x40,0x00,0x7f,
0xff,0xcf,0x6f,0x40,0x40,0x40,0x40,0x40,0x40,0x20,
0x00,0x00,0x00,0x00,0x7f,0xff,0xcf,0x6f,0x40,0x40,
0x40,0x40,0x40,0x40,0x7f,0xbf,0x8f,0x30,0x00,0x7f,
0xff,0xbf,0x40,0x00,0x00,0x00,0x00,0x00,0x00,0x00,
0x00,0x00,0x00,0x00,0x00,0x00,0x7f,0xff,0xbf,0x40,
0x00,0x00,0x00,0x00,0x00,0x00,0x7f,0xff,0xbf,0x40,
0x00,0x00,0x00,0x7f,0xff,0xcf,0x6f,0x40,0x40,0x40,
0x30,0x10,0x00,0x00,0x00,0x5f,0xbf,0x9f,0x60,0x40,
0x9f,0xff,0xcf,0x6f,0x40,0x7f,0xbf,0x8f,0x30,0x00,
0x00,0x00,0x00,0x00,0x00,0x20,0x40,0x40,0x40,0x40,
0x7f,0xbf,0x8f,0x30,0x00,0x7f,0xff,0xbf,0x40,0x00,
0x20,0x40,0x60,0x9f,0xbf,0x5f,0x00,0x40,0xbf,0xff,
0x7f,0x00,0x7f,0xff,0xbf,0x40,0x00,0x00,0x00,0x00,
0x00,0x00,0x3f,0x7f,0x9f,0xdf,0xff,0x7f,0x00,0x7f,
0xff,0xcf,0x6f,0x40,0x7f,0xbf,0x8f,0x30,0x00,0x00,
0x00,0x00,0x00,0x00,0x00,0x00,0x00,0x00,0x00,0x7f,
0xff,0xbf,0x40,0x00,0x00,0x00,0x00,0x00,0x00,0x7f,
0xff,0xbf,0x40,0x00,0x7f,0xff,0xbf,0x40,0x00,0x00,
0x00,0x40,0xbf,0xff,0x7f,0x00,0x00,0x00,0x00,0x7f,
0xff,0xbf,0x40,0x00,0x7f,0xff,0xcf,0x6f,0x40,0x40,
0x40,0x40,0x40,0x40,0x9f,0xff,0xbf,0x40,0x00,0x7f,
0xff,0xbf,0x40,0x00,0x00,0x00,0x00,0x00,0x00,0x7f,
0xff,0xbf,0x40,0x00,0x7f,0xff,0xbf,0x40,0x00,0x00,
0x00,0x00,0x00,0x00,0x7f,0xff,0xbf,0x40,0x00,0x00,
0x7f,0xff,0xef,0xcf,0xbf,0xbf,0xbf,0xbf,0xbf,0xbf,
0xdf,0xff,0xbf,0x40,0x00,0x7f,0xff,0xef,0xcf,0xbf,
0xbf,0xbf,0xbf,0xbf,0xbf,0x5f,0x00,0x00,0x00,0x00,
0x7f,0xff,0xef,0xcf,0xbf,0xbf,0xbf,0xbf,0xbf,0xbf,
0x7f,0x40,0x30,0x10,0x00,0x7f,0xff,0xbf,0x40,0x00,
0x00,0x00,0x00,0x00,0x00,0x00,0x00,0x00,0x00,0x00,
0x00,0x00,0x7f,0xff,0xbf,0x40,0x00,0x00,0x00,0x00,
0x00,0x00,0x7f,0xff,0xbf,0x40,0x00,0x00,0x00,0x7f,
0xff,0xef,0xcf,0xbf,0xbf,0xbf,0x8f,0x30,0x00,0x00,
0x00,0x20,0x40,0x60,0x9f,0xbf,0xdf,0xff,0xef,0xcf,
0xbf,0x7f,0x40,0x30,0x10,0x00,0x00,0x00,0x00,0x00,
0x00,0x5f,0xbf,0xbf,0xbf,0xbf,0x7f,0x40,0x30,0x10,
0x00,0x7f,0xff,0xbf,0x40,0x00,0x5f,0xbf,0x9f,0x60,
0x40,0x20,0x00,0x40,0xbf,0xff,0x7f,0x00,0x7f,0xff,
0xbf,0x40,0x00,0x00,0x00,0x00,0x00,0x00,0x7f,0xff,
0xff,0xff,0xff,0x7f,0x00,0x7f,0xff,0xef,0xcf,0xbf,
0x7f,0x40,0x30,0x10,0x00,0x00,0x00,0x00,0x00,0x00,
0x00,0x00,0x00,0x00,0x00,0x7f,0xff,0xbf,0x40,0x00,
0x00,0x00,0x00,0x00,0x00,0x7f,0xff,0xbf,0x40,0x00,
0x7f,0xff,0xbf,0x40,0x00,0x00,0x00,0x40,0xbf,0xff,
0x7f,0x00,0x00,0x00,0x00,0x7f,0xff,0xbf,0x40,0x00,
0x7f,0xff,0xef,0xcf,0xbf,0xbf,0xbf,0xbf,0xbf,0xbf,
0xdf,0xff,0xbf,0x40,0x00,0x7f,0xff,0xbf,0x40,0x00,
0x00,0x00,0x00,0x00,0x00,0x7f,0xff,0xbf,0x40,0x00,
0x7f,0xff,0xbf,0x40,0x00,0x00,0x00,0x00,0x00,0x00,
0x7f,0xff,0xbf,0x40,0x00,0x00,0x7f,0xff,0xff,0xff,
0xff,0xff,0xff,0xff,0xff,0xff,0xff,0xff,0xbf,0x40,
0x00,0x7f,0xff,0xff,0xff,0xff,0xff,0xff,0xff,0xff,
0xff,0x7f,0x00,0x00,0x00,0x00,0x7f,0xff,0xff,0xff,
0xff,0xff,0xff,0xff,0xff,0xff,0x7f,0x00,0x00,0x00,
0x00,0x7f,0xff,0xbf,0x40,0x00,0x00,0x00,0x00,0x00,
0x00,0x00,0x00,0x00,0x00,0x00,0x00,0x00,0x7f,0xff,
0xbf,0x40,0x00,0x00,0x00,0x00,0x00,0x00,0x7f,0xff,
0xbf,0x40,0x00,0x00,0x00,0x7f,0xff,0xff,0xff,0xff,
0xff,0xff,0xbf,0x40,0x00,0x00,0x00,0x00,0x00,0x40,
0xbf,0xff,0xff,0xff,0xff,0xff,0xff,0x7f,0x00,0x00,
0x00,0x00,0x00,0x00,0x00,0x00,0x00,0x7f,0xff,0xff,
0xff,0xff,0x7f,0x00,0x00,0x00,0x00,0x7f,0xff,0xbf,
0x40,0x00,0x7f,0xff,0xbf,0x40,0x00,0x00,0x00,0x40,
0xbf,0xff,0x7f,0x00,0x7f,0xff,0xbf,0x40,0x00,0x00,
0x00,0x00,0x00,0x00,0x7f,0xff,0xff,0xff,0xff,0x7f,
0x00,0x7f,0xff,0xff,0xff,0xff,0x7f,0x00,0x00,0x00,
0x00,0x00,0x00,0x00,0x00,0x00,0x00,0x00,0x00,0x00,
0x00,0x7f,0xff,0xbf,0x40,0x00,0x00,0x00,0x00,0x00,
0x00,0x7f,0xff,0xbf,0x40,0x00,0x7f,0xff,0xbf,0x40,
0x00,0x00,0x00,0x40,0xbf,0xff,0x7f,0x00,0x00,0x00,
0x00,0x7f,0xff,0xbf,0x40,0x00,0x7f,0xff,0xff,0xff,
0xff,0xff,0xff,0xff,0xff,0xff,0xff,0xff,0xbf,0x40,
0x00,0x7f,0xff,0xbf,0x40,0x00,0x00,0x00,0x00,0x00,
0x00,0x7f,0xff,0xbf,0x40,0x00,0x7f,0xff,0xbf,0x40,
0x00,0x00,0x00,0x00,0x00,0x00,0x7f,0xff,0xbf,0x40,
0x00,0x00,0x7f,0xff,0xdf,0x9f,0x7f,0x7f,0x7f,0x7f,
0x7f,0x7f,0xbf,0xff,0xbf,0x40,0x00,0x7f,0xff,0xdf,
0x9f,0x7f,0x7f,0x7f,0x7f,0x7f,0x7f,0x7f,0x7f,0x5f,
0x20,0x00,0x7f,0xff,0xdf,0x9f,0x7f,0x7f,0x7f,0x7f,
0x7f,0x7f,0x7f,0x7f,0x5f,0x20,0x00,0x7f,0xff,0xbf,
0x40,0x00,0x00,0x00,0x00,0x00,0x00,0x00,0x00,0x00,
0x00,0x00,0x00,0x00,0x7f,0xff,0xbf,0x40,0x00,0x00,
0x00,0x00,0x00,0x00,0x7f,0xff,0xbf,0x40,0x00,0x00,
0x00,0x7f,0xff,0xdf,0x9f,0x7f,0x7f,0x7f,0x5f,0x20,
0x00,0x00,0x00,0x3f,0x7f,0x7f,0x7f,0x7f,0xbf,0xff,
0xdf,0x9f,0x7f,0x7f,0x7f,0x5f,0x20,0x00,0x00,0x00,
0x00,0x00,0x00,0x3f,0x7f,0x7f,0x7f,0x7f,0x7f,0x7f,
0x5f,0x20,0x00,0x7f,0xff,0xbf,0x40,0x00,0x7f,0xff,
0xbf,0x40,0x00,0x00,0x00,0x40,0xbf,0xff,0x7f,0x00,
0x7f,0xff,0xbf,0x40,0x00,0x00,0x00,0x00,0x00,0x00,
0x7f,0xff,0xff,0xff,0xff,0x7f,0x00,0x7f,0xff,0xdf,
0x9f,0x7f,0x7f,0x7f,0x5f,0x20,0x00,0x00,0x00,0x00,
0x00,0x00,0x00,0x00,0x00,0x00,0x00,0x7f,0xff,0xbf,
0x40,0x00,0x00,0x00,0x00,0x00,0x00,0x7f,0xff,0xbf,
0x40,0x00,0x7f,0xff,0xbf,0x40,0x00,0x00,0x00,0x40,
0xbf,0xff,0x7f,0x00,0x00,0x00,0x00,0x7f,0xff,0xbf,
0x40,0x00,0x7f,0xff,0xdf,0x9f,0x7f,0x7f,0x7f,0x7f,
0x7f,0x7f,0xbf,0xff,0xbf,0x40,0x00,0x7f,0xff,0xbf,
0x40,0x00,0x00,0x00,0x00,0x00,0x00,0x7f,0xff,0xbf,
0x40,0x00,0x7f,0xff,0xbf,0x40,0x00,0x00,0x00,0x00,
0x00,0x00,0x7f,0xff,0xbf,0x40,0x00,0x00,0x7f,0xff,
0xbf,0x40,0x00,0x00,0x00,0x00,0x00,0x00,0x7f,0xff,
0xbf,0x40,0x00,0x7f,0xff,0xbf,0x40,0x00,0x00,0x00,
0x00,0x00,0x00,0x7f,0xff,0xbf,0x40,0x00,0x7f,0xff,
0xbf,0x40,0x00,0x00,0x00,0x00,0x00,0x00,0x7f,0xff,
0xbf,0x40,0x00,0x7f,0xff,0xbf,0x40,0x00,0x00,0x00,
0x00,0x00,0x00,0x00,0x00,0x00,0x00,0x00,0x00,0x00,
0x7f,0xff,0xbf,0x40,0x00,0x00,0x00,0x00,0x00,0x00,
0x7f,0xff,0xbf,0x40,0x00,0x00,0x00,0x7f,0xff,0xbf,
0x40,0x00,0x00,0x00,0x00,0x00,0x00,0x00,0x00,0x7f,
0xff,0xbf,0x40,0x00,0x7f,0xff,0xbf,0x40,0x00,0x7f,
0xff,0xbf,0x40,0x00,0x00,0x00,0x00,0x00,0x00,0x00,
0x00,0x00,0x00,0x00,0x7f,0xff,0xbf,0x40,0x00,0x7f,
0xff,0xbf,0x40,0x00,0x7f,0xff,0xbf,0x40,0x00,0x00,
0x00,0x40,0xbf,0xff,0x7f,0x00,0x7f,0xff,0xbf,0x40,
0x00,0x00,0x00,0x00,0x00,0x00,0x7f,0xff,0xff,0xff,
0xff,0x7f,0x00,0x7f,0xff,0xbf,0x40,0x00,0x7f,0xff,
0xbf,0x40,0x00,0x00,0x00,0x00,0x00,0x00,0x00,0x00,
0x00,0x00,0x00,0x7f,0xff,0xbf,0x40,0x00,0x00,0x00,
0x00,0x00,0x00,0x7f,0xff,0xbf,0x40,0x00,0x7f,0xff,
0xbf,0x40,0x00,0x00,0x00,0x40,0xbf,0xff,0x7f,0x00,
0x00,0x00,0x00,0x7f,0xff,0xbf,0x40,0x00,0x7f,0xff,
0xbf,0x40,0x00,0x00,0x00,0x00,0x00,0x00,0x7f,0xff,
0xbf,0x40,0x00,0x7f,0xff,0xbf,0x40,0x00,0x00,0x00,
0x00,0x00,0x00,0x7f,0xff,0xbf,0x40,0x00,0x7f,0xff,
0xbf,0x40,0x00,0x00,0x00,0x00,0x00,0x00,0x7f,0xff,
0xbf,0x40,0x00,0x00,0x7f,0xff,0xbf,0x40,0x00,0x00,
0x00,0x00,0x00,0x00,0x7f,0xff,0xbf,0x40,0x00,0x7f,
0xff,0xbf,0x40,0x00,0x00,0x00,0x00,0x00,0x00,0x7f,
0xff,0xbf,0x40,0x00,0x7f,0xff,0xbf,0x40,0x00,0x00,
0x00,0x00,0x00,0x00,0x7f,0xff,0xbf,0x40,0x00,0x7f,
0xff,0xbf,0x40,0x00,0x00,0x00,0x00,0x00,0x00,0x00,
0x00,0x00,0x00,0x10,0x30,0x40,0x7f,0xbf,0x8f,0x30,
0x00,0x00,0x00,0x00,0x00,0x00,0x7f,0xff,0xbf,0x40,
0x00,0x00,0x00,0x7f,0xff,0xbf,0x40,0x00,0x00,0x00,
0x00,0x00,0x00,0x00,0x00,0x7f,0xff,0xbf,0x40,0x00,
0x7f,0xff,0xbf,0x40,0x00,0x7f,0xff,0xbf,0x40,0x00,
0x00,0x00,0x00,0x00,0x00,0x00,0x00,0x00,0x00,0x00,
0x7f,0xff,0xbf,0x40,0x00,0x7f,0xff,0xcf,0x6f,0x40,
0x7f,0xbf,0x8f,0x30,0x00,0x00,0x00,0x40,0xbf,0xff,
0x7f,0x00,0x7f,0xff,0xbf,0x40,0x00,0x00,0x00,0x20,
0x5f,0x7f,0x7f,0x7f,0x9f,0xdf,0xff,0x7f,0x00,0x7f,
0xff,0xbf,0x40,0x00,0x5f,0xbf,0x9f,0x60,0x40,0x20,
0x00,0x00,0x00,0x00,0x00,0x00,0x10,0x30,0x40,0x7f,
0xbf,0x8f,0x30,0x00,0x00,0x00,0x00,0x00,0x00,0x7f,
0xff,0xbf,0x40,0x00,0x7f,0xff,0xbf,0x40,0x00,0x00,
0x00,0x40,0xbf,0xff,0x7f,0x00,0x00,0x00,0x00,0x7f,
0xff,0xbf,0x40,0x00,0x7f,0xff,0xbf,0x40,0x00,0x00,
0x00,0x00,0x00,0x00,0x7f,0xff,0xbf,0x40,0x00,0x7f,
0xff,0xbf,0x40,0x00,0x00,0x00,0x00,0x00,0x00,0x7f,
0xff,0xbf,0x40,0x00,0x7f,0xff,0xbf,0x40,0x00,0x00,
0x00,0x00,0x00,0x00,0x7f,0xff,0xbf,0x40,0x00,0x00,
0x7f,0xff,0xbf,0x40,0x00,0x00,0x00,0x00,0x00,0x00,
0x7f,0xff,0xbf,0x40,0x00,0x7f,0xff,0xbf,0x40,0x00,
0x00,0x00,0x00,0x00,0x00,0x7f,0xff,0xbf,0x40,0x00,
0x7f,0xff,0xbf,0x40,0x00,0x00,0x00,0x00,0x00,0x00,
0x7f,0xff,0xbf,0x40,0x00,0x7f,0xff,0xbf,0x40,0x00,
0x00,0x00,0x00,0x00,0x00,0x00,0x00,0x00,0x00,0x30,
0x8f,0xbf,0x7f,0x40,0x30,0x10,0x00,0x00,0x00,0x00,
0x00,0x00,0x7f,0xff,0xbf,0x40,0x00,0x00,0x00,0x7f,
0xff,0xbf,0x40,0x00,0x00,0x00,0x00,0x00,0x00,0x00,
0x00,0x7f,0xff,0xbf,0x40,0x00,0x7f,0xff,0xbf,0x40,
0x00,0x7f,0xff,0xbf,0x40,0x00,0x00,0x00,0x00,0x00,
0x00,0x00,0x00,0x00,0x00,0x00,0x7f,0xff,0xbf,0x40,
0x00,0x7f,0xff,0xef,0xcf,0xbf,0x7f,0x40,0x30,0x10,
0x00,0x00,0x00,0x40,0xbf,0xff,0x7f,0x00,0x7f,0xff,
0xbf,0x40,0x00,0x00,0x00,0x40,0xbf,0xff,0x7f,0x00,
0x40,0xbf,0xff,0x7f,0x00,0x7f,0xff,0xbf,0x40,0x00,
0x20,0x40,0x60,0x9f,0xbf,0x5f,0x00,0x00,0x00,0x00,
0x00,0x00,0x30,0x8f,0xbf,0x7f,0x40,0x30,0x10,0x00,
0x00,0x00,0x00,0x00,0x00,0x7f,0xff,0xbf,0x40,0x00,
0x7f,0xff,0xbf,0x40,0x00,0x00,0x00,0x40,0xbf,0xff,
0x7f,0x00,0x00,0x00,0x00,0x7f,0xff,0xbf,0x40,0x00,
0x7f,0xff,0xbf,0x40,0x00,0x00,0x00,0x00,0x00,0x00,
0x7f,0xff,0xbf,0x40,0x00,0x7f,0xff,0xbf,0x40,0x00,
0x00,0x00,0x00,0x00,0x00,0x7f,0xff,0xbf,0x40,0x00,
0x7f,0xff,0xbf,0x40,0x00,0x00,0x00,0x00,0x00,0x00,
0x7f,0xff,0xbf,0x40,0x00,0x00,0x7f,0xff,0xbf,0x40,
0x00,0x00,0x00,0x00,0x00,0x00,0x7f,0xff,0xbf,0x40,
0x00,0x7f,0xff,0xbf,0x40,0x00,0x00,0x00,0x00,0x00,
0x00,0x7f,0xff,0xbf,0x40,0x00,0x7f,0xff,0xbf,0x40,
0x00,0x00,0x00,0x00,0x00,0x00,0x7f,0xff,0xbf,0x40,
0x00,0x7f,0xff,0xbf,0x40,0x00,0x00,0x00,0x00,0x00,
0x00,0x00,0x00,0x00,0x00,0x40,0xbf,0xff,0x7f,0x00,
0x00,0x00,0x00,0x00,0x00,0x00,0x00,0x00,0x7f,0xff,
0xbf,0x40,0x00,0x00,0x00,0x7f,0xff,0xbf,0x40,0x00,
0x00,0x00,0x00,0x00,0x00,0x00,0x00,0x7f,0xff,0xbf,
0x40,0x00,0x7f,0xff,0xbf,0x40,0x00,0x7f,0xff,0xbf,
0x40,0x00,0x00,0x00,0x00,0x00,0x00,0x00,0x00,0x00,
0x00,0x00,0x7f,0xff,0xbf,0x40,0x00,0x7f,0xff,0xff,
0xff,0xff,0x7f,0x00,0x00,0x00,0x00,0x00,0x00,0x40,
0xbf,0xff,0x7f,0x00,0x7f,0xff,0xbf,0x40,0x00,0x20,
0x40,0x60,0x9f,0xbf,0x5f,0x00,0x40,0xbf,0xff,0x7f,
0x00,0x7f,0xff,0xbf,0x40,0x00,0x00,0x00,0x40,0xbf,
0xff,0x7f,0x00,0x00,0x00,0x00,0x00,0x00,0x40,0xbf,
0xff,0x7f,0x00,0x00,0x00,0x00,0x00,0x00,0x00,0x00,
0x00,0x7f,0xff,0xbf,0x40,0x00,0x7f,0xff,0xbf,0x40,
0x00,0x00,0x00,0x40,0xbf,0xff,0x7f,0x00,0x00,0x00,
0x00,0x7f,0xff,0xbf,0x40,0x00,0x7f,0xff,0xbf,0x40,
0x00,0x00,0x00,0x00,0x00,0x00,0x7f,0xff,0xbf,0x40,
0x00,0x7f,0xff,0xbf,0x40,0x00,0x00,0x00,0x00,0x00,
0x00,0x7f,0xff,0xbf,0x40,0x00,0x7f,0xff,0xbf,0x40,
0x00,0x00,0x00,0x00,0x00,0x00,0x7f,0xff,0xbf,0x40,
0x00,0x00,0x7f,0xff,0xbf,0x40,0x00,0x00,0x00,0x00,
0x00,0x00,0x7f,0xff,0xbf,0x40,0x00,0x7f,0xff,0xbf,
0x40,0x00,0x00,0x00,0x00,0x00,0x00,0x7f,0xff,0xbf,
0x40,0x00,0x7f,0xff,0xbf,0x40,0x00,0x00,0x00,0x00,
0x00,0x00,0x7f,0xff,0xbf,0x40,0x00,0x7f,0xff,0xbf,
0x40,0x00,0x00,0x00,0x00,0x00,0x00,0x00,0x00,0x00,
0x00,0x40,0xbf,0xff,0x7f,0x00,0x00,0x00,0x00,0x00,
0x00,0x00,0x00,0x00,0x7f,0xff,0xbf,0x40,0x00,0x00,
0x00,0x7f,0xff,0xbf,0x40,0x00,0x00,0x00,0x00,0x00,
0x00,0x00,0x00,0x7f,0xff,0xbf,0x40,0x00,0x7f,0xff,
0xbf,0x40,0x00,0x7f,0xff,0xbf,0x40,0x00,0x3f,0x7f,
0x5f,0x20,0x00,0x00,0x00,0x00,0x00,0x00,0x7f,0xff,
0xbf,0x40,0x00,0x7f,0xff,0xff,0xff,0xff,0x7f,0x00,
0x00,0x00,0x00,0x00,0x00,0x40,0xbf,0xff,0x7f,0x00,
0x7f,0xff,0xbf,0x40,0x00,0x5f,0xbf,0x9f,0x60,0x40,
0x20,0x00,0x40,0xbf,0xff,0x7f,0x00,0x7f,0xff,0xbf,
0x40,0x00,0x00,0x00,0x40,0xbf,0xff,0x7f,0x00,0x00,
0x00,0x00,0x00,0x00,0x40,0xbf,0xff,0x7f,0x00,0x00,
0x00,0x00,0x00,0x00,0x00,0x00,0x00,0x7f,0xff,0xbf,
0x40,0x00,0x7f,0xff,0xbf,0x40,0x00,0x00,0x00,0x40,
0xbf,0xff,0x7f,0x00,0x00,0x00,0x00,0x7f,0xff,0xbf,
0x40,0x00,0x7f,0xff,0xbf,0x40,0x00,0x00,0x00,0x00,
0x00,0x00,0x7f,0xff,0xbf,0x40,0x00,0x7f,0xff,0xbf,
0x40,0x00,0x00,0x00,0x00,0x00,0x00,0x7f,0xff,0xbf,
0x40,0x00,0x7f,0xff,0xbf,0x40,0x00,0x00,0x00,0x00,
0x00,0x00,0x7f,0xff,0xbf,0x40,0x00,0x00,0x7f,0xff,
0xbf,0x40,0x00,0x00,0x00,0x00,0x00,0x00,0x7f,0xff,
0xbf,0x40,0x00,0x7f,0xff,0xbf,0x40,0x00,0x00,0x00,
0x00,0x00,0x00,0x7f,0xff,0xbf,0x40,0x00,0x7f,0xff,
0xbf,0x40,0x00,0x00,0x00,0x00,0x00,0x00,0x7f,0xff,
0xbf,0x40,0x00,0x7f,0xff,0xbf,0x40,0x00,0x00,0x00,
0x00,0x00,0x00,0x00,0x00,0x00,0x00,0x40,0xbf,0xff,
0x7f,0x00,0x00,0x00,0x00,0x00,0x00,0x00,0x00,0x00,
0x7f,0xff,0xbf,0x40,0x00,0x00,0x00,0x7f,0xff,0xbf,
0x40,0x00,0x00,0x00,0x00,0x00,0x00,0x00,0x00,0x7f,
0xff,0xbf,0x40,0x00,0x7f,0xff,0xbf,0x40,0x00,0x7f,
0xff,0xbf,0x40,0x00,0x7f,0xff,0xbf,0x40,0x00,0x00,
0x00,0x00,0x00,0x00,0x7f,0xff,0xbf,0x40,0x00,0x7f,
0xff,0xff,0xff,0xff,0x7f,0x00,0x00,0x00,0x00,0x00,
0x00,0x40,0xbf,0xff,0x7f,0x00,0x7f,0xff,0xbf,0x40,
0x00,0x7f,0xff,0xbf,0x40,0x00,0x00,0x00,0x40,0xbf,
0xff,0x7f,0x00,0x7f,0xff,0xbf,0x40,0x00,0x00,0x00,
0x40,0xbf,0xff,0x7f,0x00,0x00,0x00,0x00,0x00,0x00,
0x40,0xbf,0xff,0x7f,0x00,0x00,0x00,0x00,0x00,0x00,
0x00,0x00,0x00,0x7f,0xff,0xbf,0x40,0x00,0x7f,0xff,
0xbf,0x40,0x00,0x00,0x00,0x40,0xbf,0xff,0x7f,0x00,
0x00,0x00,0x00,0x7f,0xff,0xbf,0x40,0x00,0x7f,0xff,
0xbf,0x40,0x00,0x00,0x00,0x00,0x00,0x00,0x7f,0xff,
0xbf,0x40,0x00,0x7f,0xff,0xbf,0x40,0x00,0x00,0x00,
0x00,0x00,0x00,0x7f,0xff,0xbf,0x40,0x00,0x7f,0xff,
0xbf,0x40,0x00,0x00,0x00,0x00,0x00,0x00,0x7f,0xff,
0xbf,0x40,0x00,0x00,0x7f,0xff,0xbf,0x40,0x00,0x00,
0x00,0x00,0x00,0x00,0x7f,0xff,0xbf,0x40,0x00,0x7f,
0xff,0xcf,0x6f,0x40,0x40,0x40,0x40,0x40,0x40,0x7f,
0xbf,0x8f,0x30,0x00,0x7f,0xff,0xcf,0x6f,0x40,0x40,
0x40,0x40,0x40,0x40,0x7f,0xbf,0x8f,0x30,0x00,0x7f,
0xff,0xbf,0x40,0x00,0x00,0x00,0x00,0x00,0x00,0x00,
0x00,0x20,0x40,0x6f,0xcf,0xff,0x9f,0x40,0x40,0x40,
0x40,0x40,0x40,0x40,0x40,0x40,0x9f,0xff,0xcf,0x6f,
0x40,0x20,0x00,0x7f,0xff,0xcf,0x6f,0x40,0x40,0x40,
0x40,0x40,0x40,0x20,0x00,0x7f,0xff,0xbf,0x40,0x00,
0x7f,0xff,0xbf,0x40,0x00,0x7f,0xff,0xbf,0x40,0x00,
0x5f,0xbf,0x9f,0x60,0x40,0x40,0x40,0x40,0x40,0x40,
0x7f,0xbf,0x8f,0x30,0x00,0x7f,0xff,0xef,0xcf,0xbf,
0x5f,0x00,0x00,0x00,0x00,0x00,0x00,0x40,0xbf,0xff,
0x7f,0x00,0x7f,0xff,0xbf,0x40,0x00,0x7f,0xff,0xbf,
0x40,0x00,0x00,0x00,0x40,0xbf,0xff,0x7f,0x00,0x7f,
0xff,0xbf,0x40,0x00,0x00,0x00,0x30,0x8f,0xbf,0x7f,
0x40,0x30,0x10,0x00,0x20,0x40,0x60,0x9f,0xbf,0x5f,
0x00,0x00,0x00,0x00,0x00,0x00,0x00,0x00,0x00,0x7f,
0xff,0xbf,0x40,0x00,0x7f,0xff,0xbf,0x40,0x00,0x00,
0x00,0x40,0xbf,0xff,0x7f,0x00,0x00,0x00,0x00,0x7f,
0xff,0xbf,0x40,0x00,0x7f,0xff,0xbf,0x40,0x00,0x00,
0x00,0x00,0x00,0x00,0x7f,0xff,0xbf,0x40,0x00,0x5f,
0xbf,0x9f,0x60,0x40,0x40,0x40,0x40,0x40,0x40,0x7f,
0xbf,0x8f,0x30,0x00,0x7f,0xff,0xbf,0x40,0x00,0x00,
0x00,0x00,0x00,0x00,0x7f,0xff,0xbf,0x40,0x00,0x00,
0x7f,0xff,0xbf,0x40,0x00,0x00,0x00,0x00,0x00,0x00,
0x7f,0xff,0xbf,0x40,0x00,0x7f,0xff,0xef,0xcf,0xbf,
0xbf,0xbf,0xbf,0xbf,0xbf,0x7f,0x40,0x30,0x10,0x00,
0x7f,0xff,0xef,0xcf,0xbf,0xbf,0xbf,0xbf,0xbf,0xbf,
0x7f,0x40,0x30,0x10,0x00,0x7f,0xff,0xbf,0x40,0x00,
0x00,0x00,0x00,0x00,0x00,0x00,0x00,0x5f,0xbf,0xcf,
0xef,0xff,0xdf,0xbf,0xbf,0xbf,0xbf,0xbf,0xbf,0xbf,
0xbf,0xbf,0xdf,0xff,0xef,0xcf,0xbf,0x5f,0x00,0x7f,
0xff,0xef,0xcf,0xbf,0xbf,0xbf,0xbf,0xbf,0xbf,0x5f,
0x00,0x7f,0xff,0xbf,0x40,0x00,0x7f,0xff,0xbf,0x40,
0x00,0x7f,0xff,0xbf,0x40,0x00,0x20,0x40,0x60,0x9f,
0xbf,0xbf,0xbf,0xbf,0xbf,0xbf,0x7f,0x40,0x30,0x10,
0x00,0x7f,0xff,0xcf,0x6f,0x40,0x20,0x00,0x00,0x00,
0x00,0x00,0x00,0x40,0xbf,0xff,0x7f,0x00,0x7f,0xff,
0xbf,0x40,0x00,0x7f,0xff,0xbf,0x40,0x00,0x00,0x00,
0x40,0xbf,0xff,0x7f,0x00,0x7f,0xff,0xbf,0x40,0x00,
0x00,0x00,0x10,0x30,0x40,0x7f,0xbf,0x8f,0x30,0x00,
0x5f,0xbf,0x9f,0x60,0x40,0x20,0x00,0x00,0x00,0x00,
0x00,0x00,0x00,0x00,0x00,0x7f,0xff,0xbf,0x40,0x00,
0x7f,0xff,0xbf,0x40,0x00,0x00,0x00,0x40,0xbf,0xff,
0x7f,0x00,0x00,0x00,0x00,0x7f,0xff,0xbf,0x40,0x00,
0x7f,0xff,0xbf,0x40,0x00,0x00,0x00,0x00,0x00,0x00,
0x7f,0xff,0xbf,0x40,0x00,0x20,0x40,0x60,0x9f,0xbf,
0xbf,0xbf,0xbf,0xbf,0xbf,0x7f,0x40,0x30,0x10,0x00,
0x7f,0xff,0xbf,0x40,0x00,0x00,0x00,0x00,0x00,0x00,
0x7f,0xff,0xbf,0x40,0x00,0x00,0x7f,0xff,0xbf,0x40,
0x00,0x00,0x00,0x00,0x00,0x00,0x7f,0xff,0xbf,0x40,
0x00,0x7f,0xff,0xff,0xff,0xff,0xff,0xff,0xff,0xff,
0xff,0x7f,0x00,0x00,0x00,0x00,0x7f,0xff,0xff,0xff,
0xff,0xff,0xff,0xff,0xff,0xff,0x7f,0x00,0x00,0x00,
0x00,0x7f,0xff,0xbf,0x40,0x00,0x00,0x00,0x00,0x00,
0x00,0x00,0x00,0x7f,0xff,0xff,0xff,0xff,0xff,0xff,
0xff,0xff,0xff,0xff,0xff,0xff,0xff,0xff,0xff,0xff,
0xff,0xff,0xff,0x7f,0x00,0x7f,0xff,0xff,0xff,0xff,
0xff,0xff,0xff,0xff,0xff,0x7f,0x00,0x7f,0xff,0xbf,
0x40,0x00,0x7f,0xff,0xbf,0x40,0x00,0x7f,0xff,0xbf,
0x40,0x00,0x00,0x00,0x40,0xbf,0xff,0xff,0xff,0xff,
0xff,0xff,0x7f,0x00,0x00,0x00,0x00,0x7f,0xff,0xbf,
0x40,0x00,0x00,0x00,0x00,0x00,0x00,0x00,0x00,0x40,
0xbf,0xff,0x7f,0x00,0x7f,0xff,0xcf,0x6f,0x40,0x7f,
0xbf,0x8f,0x30,0x00,0x00,0x00,0x40,0xbf,0xff,0x7f,
0x00,0x7f,0xff,0xbf,0x40,0x00,0x00,0x00,0x00,0x00,
0x00,0x7f,0xff,0xbf,0x40,0x00,0x7f,0xff,0xbf,0x40,
0x00,0x00,0x00,0x00,0x00,0x00,0x00,0x00,0x00,0x00,
0x00,0x7f,0xff,0xbf,0x40,0x00,0x7f,0xff,0xbf,0x40,
0x00,0x00,0x00,0x40,0xbf,0xff,0x7f,0x00,0x00,0x00,
0x00,0x7f,0xff,0xbf,0x40,0x00,0x7f,0xff,0xbf,0x40,
0x00,0x00,0x00,0x00,0x00,0x00,0x7f,0xff,0xbf,0x40,
0x00,0x00,0x00,0x40,0xbf,0xff,0xff,0xff,0xff,0xff,
0xff,0x7f,0x00,0x00,0x00,0x00,0x7f,0xff,0xbf,0x40,
0x00,0x00,0x00,0x00,0x00,0x00,0x7f,0xff,0xbf,0x40,
0x00,0x00,0x3f,0x7f,0x5f,0x20,0x00,0x00,0x00,0x00,
0x00,0x00,0x3f,0x7f,0x5f,0x20,0x00,0x3f,0x7f,0x7f,
0x7f,0x7f,0x7f,0x7f,0x7f,0x7f,0x7f,0x3f,0x00,0x00,
0x00,0x00,0x3f,0x7f,0x7f,0x7f,0x7f,0x7f,0x7f,0x7f,
0x7f,0x7f,0x3f,0x00,0x00,0x00,0x00,0x3f,0x7f,0x5f,
0x20,0x00,0x00,0x00,0x00,0x00,0x00,0x00,0x00,0x7f,
0xff,0xdf,0x9f,0x7f,0x7f,0x7f,0x7f,0x7f,0x7f,0x7f,
0x7f,0x7f,0x7f,0x7f,0x7f,0x7f,0x9f,0xdf,0xff,0x7f,
0x00,0x3f,0x7f,0x7f,0x7f,0x7f,0x7f,0x7f,0x7f,0x7f,
0x7f,0x3f,0x00,0x3f,0x7f,0x5f,0x20,0x00,0x3f,0x7f,
0x5f,0x20,0x00,0x3f,0x7f,0x5f,0x20,0x00,0x00,0x00,
0x20,0x5f,0x7f,0x7f,0x7f,0x7f,0x7f,0x7f,0x3f,0x00,
0x00,0x00,0x00,0x3f,0x7f,0x5f,0x20,0x00,0x00,0x00,
0x00,0x00,0x00,0x00,0x00,0x20,0x5f,0x7f,0x3f,0x00,
0x7f,0xff,0xef,0xcf,0xbf,0x7f,0x40,0x30,0x10,0x00,
0x00,0x00,0x40,0xbf,0xff,0x7f,0x00,0x3f,0x7f,0x5f,
0x20,0x00,0x00,0x00,0x00,0x00,0x00,0x3f,0x7f,0x5f,
0x20,0x00,0x3f,0x7f,0x5f,0x20,0x00,0x00,0x00,0x00,
0x00,0x00,0x00,0x00,0x00,0x00,0x00,0x3f,0x7f,0x5f,
0x20,0x00,0x3f,0x7f,0x5f,0x20,0x00,0x00,0x00,0x20,
0x5f,0x7f,0x3f,0x00,0x00,0x00,0x00,0x3f,0x7f,0x5f,
0x20,0x00,0x3f,0x7f,0x5f,0x20,0x00,0x00,0x00,0x00,
0x00,0x00,0x3f,0x7f,0x5f,0x20,0x00,0x00,0x00,0x20,
0x5f,0x7f,0x7f,0x7f,0x7f,0x7f,0x7f,0x3f,0x00,0x00,
0x00,0x00,0x3f,0x7f,0x5f,0x20,0x00,0x00,0x00,0x00,
0x00,0x00,0x3f,0x7f,0x5f,0x20,0x00,0x00,0x00,0x00,
0x00,0x00,0x00,0x00,0x00,0x00,0x00,0x00,0x00,0x00,
0x00,0x00,0x00,0x00,0x00,0x00,0x00,0x00,0x00,0x00,
0x00,0x00,0x00,0x00,0x00,0x00,0x00,0x00,0x00,0x00,
0x00,0x00,0x00,0x00,0x00,0x00,0x00,0x00,0x00,0x00,
0x00,0x00,0x00,0x00,0x00,0x00,0x00,0x00,0x00,0x00,
0x00,0x00,0x00,0x00,0x00,0x7f,0xff,0xbf,0x40,0x00,
0x00,0x00,0x00,0x00,0x00,0x00,0x00,0x00,0x00,0x00,
0x00,0x00,0x40,0xbf,0xff,0x7f,0x00,0x00,0x00,0x00,
0x00,0x00,0x00,0x00,0x00,0x00,0x00,0x00,0x00,0x00,
0x00,0x00,0x00,0x00,0x00,0x00,0x00,0x00,0x00,0x00,
0x00,0x00,0x00,0x00,0x00,0x00,0x00,0x00,0x00,0x00,
0x00,0x00,0x00,0x00,0x00,0x00,0x00,0x00,0x00,0x00,
0x00,0x00,0x00,0x00,0x00,0x00,0x00,0x00,0x00,0x00,
0x00,0x00,0x00,0x00,0x00,0x00,0x7f,0xff,0xff,0xff,
0xff,0x7f,0x00,0x00,0x00,0x00,0x00,0x00,0x40,0xbf,
0xff,0x7f,0x00,0x00,0x00,0x00,0x00,0x00,0x00,0x00,
0x00,0x00,0x00,0x00,0x00,0x00,0x00,0x00,0x00,0x00,
0x00,0x00,0x00,0x00,0x00,0x00,0x00,0x00,0x00,0x00,
0x00,0x00,0x00,0x00,0x00,0x00,0x00,0x00,0x00,0x00,
0x00,0x00,0x00,0x00,0x00,0x00,0x00,0x00,0x00,0x00,
0x00,0x00,0x00,0x00,0x00,0x00,0x00,0x00,0x00,0x00,
0x00,0x00,0x00,0x00,0x00,0x00,0x00,0x00,0x00,0x00,
0x00,0x00,0x00,0x00,0x00,0x00,0x00,0x00,0x00,0x00,
0x00,0x00,0x00,0x00,0x00,0x00,0x00,0x00,0x00,0x00,
0x00,0x00,0x00,0x00,0x00,0x00,0x00,0x00,0x00,0x00,
0x00,0x00,0x00,0x00,0x00,0x00,0x00,0x00,0x00,0x00,
0x00,0x00,0x00,0x00,0x00,0x00,0x00,0x00,0x00,0x00,
0x00,0x00,0x00,0x00,0x00,0x00,0x00,0x00,0x00,0x00,
0x00,0x00,0x00,0x00,0x00,0x00,0x00,0x00,0x00,0x00,
0x00,0x00,0x00,0x00,0x00,0x00,0x00,0x00,0x00,0x00,
0x00,0x00,0x00,0x00,0x00,0x00,0x00,0x00,0x00,0x00,
0x00,0x5f,0xbf,0x8f,0x30,0x00,0x00,0x00,0x00,0x00,
0x00,0x00,0x00,0x00,0x00,0x00,0x00,0x00,0x30,0x8f,
0xbf,0x5f,0x00,0x00,0x00,0x00,0x00,0x00,0x00,0x00,
0x00,0x00,0x00,0x00,0x00,0x00,0x00,0x00,0x00,0x00,
0x00,0x00,0x00,0x00,0x00,0x00,0x00,0x00,0x00,0x00,
0x00,0x00,0x00,0x00,0x00,0x00,0x00,0x00,0x00,0x00,
0x00,0x00,0x00,0x00,0x00,0x00,0x00,0x00,0x00,0x00,
0x00,0x00,0x00,0x00,0x00,0x00,0x00,0x00,0x00,0x00,
0x00,0x00,0x7f,0xff,0xff,0xff,0xff,0x7f,0x00,0x00,
0x00,0x00,0x00,0x00,0x40,0xbf,0xff,0x7f,0x00,0x00,
0x00,0x00,0x00,0x00,0x00,0x00,0x00,0x00,0x00,0x00,
0x00,0x00,0x00,0x00,0x00,0x00,0x00,0x00,0x00,0x00,
0x00,0x00,0x00,0x00,0x00,0x00,0x00,0x00,0x00,0x00,
0x00,0x00,0x00,0x00,0x00,0x00,0x00,0x00,0x00,0x00,
0x00,0x00,0x00,0x00,0x00,0x00,0x00,0x00,0x00,0x00,
0x00,0x00,0x00,0x00,0x00,0x00,0x00,0x00,0x00,0x00,
0x00,0x00,0x00,0x00,0x00,0x00,0x00,0x00,0x00,0x00,
0x00,0x00,0x00,0x00,0x00,0x00,0x00,0x00,0x00,0x00,
0x00,0x00,0x00,0x00,0x00,0x00,0x00,0x00,0x00,0x00,
0x00,0x00,0x00,0x00,0x00,0x00,0x00,0x00,0x00,0x00,
0x00,0x00,0x00,0x00,0x00,0x00,0x00,0x00,0x00,0x00,
0x00,0x00,0x00,0x00,0x00,0x00,0x00,0x00,0x00,0x00,
0x00,0x00,0x00,0x00,0x00,0x00,0x00,0x00,0x00,0x00,
0x00,0x00,0x00,0x00,0x00,0x00,0x00,0x00,0x00,0x00,
0x00,0x00,0x00,0x00,0x00,0x00,0x00,0x00,0x00,0x00,
0x00,0x00,0x00,0x00,0x00,0x00,0x00,0x20,0x40,0x30,
0x10,0x00,0x00,0x00,0x00,0x00,0x00,0x00,0x00,0x00,
0x00,0x00,0x00,0x00,0x10,0x30,0x40,0x20,0x00,0x00,
0x00,0x00,0x00,0x00,0x00,0x00,0x00,0x00,0x00,0x00,
0x00,0x00,0x00,0x00,0x00,0x00,0x00,0x00,0x00,0x00,
0x00,0x00,0x00,0x00,0x00,0x00,0x00,0x00,0x00,0x00,
0x00,0x00,0x00,0x00,0x00,0x00,0x00,0x00,0x00,0x00,
0x00,0x00,0x00,0x00,0x00,0x00,0x00,0x00,0x00,0x00,
0x00,0x00,0x00,0x00,0x00,0x00,0x00,0x00,0x7f,0xff,
0xff,0xff,0xff,0x7f,0x00,0x00,0x00,0x00,0x00,0x00,
0x40,0xbf,0xff,0x7f,0x00,0x00,0x00,0x00,0x00,0x00,
0x00,0x00,0x00,0x00,0x00,0x00,0x00,0x00,0x00,0x00,
0x00,0x00,0x00,0x00,0x00,0x00,0x00,0x00,0x00,0x00,
0x00,0x00,0x00,0x00,0x00,0x00,0x00,0x00,0x00,0x00,
0x00,0x00,0x00,0x00,0x00,0x00,0x00,0x00,0x00,0x00,
0x00,0x00,0x00,0x00,0x00,0x00,0x00,0x00,0x00,0x00,
0x00,0x00,0x00,0x00,0x00,0x00,0x00,0x00,0x00,0x00,
0x00,0x00,0x00,0x00,0x00,0x00,0x00,0x00,0x00,0x00,
0x00,0x00,0x00,0x00,0x00,0x00,0x00,0x00,0x00,0x00,
0x00,0x00,0x00,0x00,0x00,0x00,0x00,0x00,0x00,0x00,
0x00,0x00,0x00,0x00,0x00,0x00,0x00,0x00,0x00,0x00,
0x00,0x00,0x00,0x00,0x00,0x00,0x00,0x00,0x00,0x00,
0x00,0x00,0x00,0x00,0x00,0x00,0x00,0x00,0x00,0x00,
0x00,0x00,0x00,0x00,0x00,0x00,0x00,0x00,0x00,0x00,
0x00,0x00,0x00,0x00,0x00,0x00,0x00,0x00,0x00,0x00,
0x00,0x00,0x00,0x00,0x00,0x00,0x00,0x00,0x00,0x00,
0x00,0x00,0x00,0x00,0x00,0x00,0x00,0x00,0x00,0x00,
0x00,0x00,0x00,0x00,0x00,0x00,0x00,0x00,0x00,0x00,
0x00,0x00,0x00,0x00,0x00,0x00,0x00,0x00,0x00,0x00,
0x00,0x00,0x00,0x00,0x00,0x00,0x00,0x00,0x00,0x00,
0x00,0x00,0x00,0x00,0x00,0x00,0x00,0x00,0x00,0x00,
0x00,0x00,0x00,0x00,0x00,0x00,0x00,0x00,0x00,0x00,
0x00,0x00,0x00,0x00,0x00,0x00,0x00,0x00,0x00,0x00,
0x00,0x00,0x00,0x00,0x00,0x00,0x00,0x00,0x00,0x00,
0x00,0x00,0x00,0x00,0x7f,0xff,0xef,0xcf,0xbf,0x5f,
0x00,0x00,0x00,0x00,0x00,0x00,0x40,0xbf,0xff,0x7f,
0x00,0x00,0x00,0x00,0x00,0x00,0x00,0x00,0x00,0x00,
0x00,0x00,0x00,0x00,0x00,0x00,0x00,0x00,0x00,0x00,
0x00,0x00,0x00,0x00,0x00,0x00,0x00,0x00,0x00,0x00,
0x00,0x00,0x00,0x00,0x00,0x00,0x00,0x00,0x00,0x00,
0x00,0x00,0x00,0x00,0x00,0x00,0x00,0x00,0x00,0x00,
0x00,0x00,0x00,0x00,0x00,0x00,0x00,0x00,0x00,0x00,
0x00,0x00,0x00,0x00,0x00,0x00,0x00,0x00,0x00,0x00,
0x00,0x00,0x00,0x00,0x00,0x00,0x00,0x00,0x00,0x00,
0x00,0x00,0x00,0x00,0x00,0x00,0x00,0x00,0x00,0x00,
0x00,0x00,0x00,0x00,0x00,0x00,0x00,0x00,0x00,0x00,
0x00,0x00,0x00,0x00,0x00,0x00,0x00,0x00,0x00,0x00,
0x00,0x00,0x00,0x00,0x00,0x00,0x00,0x00,0x00,0x00,
0x00,0x00,0x00,0x00,0x00,0x00,0x00,0x00,0x00,0x00,
0x00,0x00,0x00,0x00,0x00,0x00,0x00,0x00,0x00,0x00,
0x00,0x00,0x00,0x00,0x00,0x00,0x00,0x00,0x00,0x00,
0x00,0x00,0x00,0x00,0x00,0x00,0x00,0x00,0x00,0x00,
0x00,0x00,0x00,0x00,0x00,0x00,0x00,0x00,0x00,0x00,
0x00,0x00,0x00,0x00,0x00,0x00,0x00,0x00,0x00,0x00,
0x00,0x00,0x00,0x00,0x00,0x00,0x00,0x00,0x00,0x00,
0x00,0x00,0x00,0x00,0x00,0x00,0x00,0x00,0x00,0x00,
0x00,0x00,0x00,0x00,0x00,0x00,0x00,0x00,0x00,0x00,
0x00,0x00,0x00,0x00,0x00,0x00,0x00,0x00,0x00,0x00,
0x00,0x00,0x00,0x00,0x00,0x00,0x00,0x00,0x00,0x00,
0x00,0x00,0x00,0x00,0x00,0x00,0x00,0x00,0x00,0x00,
0x7f,0xff,0xcf,0x6f,0x40,0x20,0x00,0x00,0x00,0x00,
0x00,0x00,0x40,0xbf,0xff,0x7f,0x00,0x00,0x00,0x00,
0x00,0x00,0x00,0x00,0x00,0x00,0x00,0x00,0x00,0x00,
0x00,0x00,0x00,0x00,0x00,0x00,0x00,0x00,0x00,0x00,
0x00,0x00,0x00,0x00,0x00,0x00,0x00,0x00,0x00,0x00,
0x00,0x00,0x00,0x00,0x00,0x00,0x00,0x00,0x00,0x00,
0x00,0x00,0x00,0x00,0x00,0x00,0x00,0x00,0x00,0x00,
0x00,0x00,0x00,0x00,0x00,0x00,0x00,0x00,0x00,0x00,
0x00,0x00,0x00,0x00,0x00,0x00,0x00,0x00,0x00,0x00,
0x00,0x00,0x00,0x00,0x00,0x00,0x00,0x00,0x00,0x00,
0x00,0x00,0x00,0x00,0x00,0x00,0x00,0x00,0x00,0x00,
0x00,0x00,0x00,0x00,0x00,0x00,0x00,0x00,0x00,0x00,
0x00,0x00,0x00,0x00,0x00,0x00,0x00,0x00,0x00,0x00,
0x00,0x00,0x00,0x00,0x00,0x00,0x00,0x00,0x00,0x00,
0x00,0x00,0x00,0x00,0x00,0x00,0x00,0x00,0x00,0x00,
0x00,0x00,0x00,0x00,0x00,0x00,0x00,0x00,0x00,0x00,
0x00,0x00,0x00,0x00,0x00,0x00,0x00,0x00,0x00,0x00,
0x00,0x00,0x00,0x00,0x00,0x00,0x00,0x00,0x00,0x00,
0x00,0x00,0x00,0x00,0x00,0x00,0x00,0x00,0x00,0x00,
0x00,0x00,0x00,0x00,0x00,0x00,0x00,0x00,0x00,0x00,
0x00,0x00,0x00,0x00,0x00,0x00,0x00,0x00,0x00,0x00,
0x00,0x00,0x00,0x00,0x00,0x00,0x00,0x00,0x00,0x00,
0x00,0x00,0x00,0x00,0x00,0x00,0x00,0x00,0x00,0x00,
0x00,0x00,0x00,0x00,0x00,0x00,0x00,0x00,0x00,0x00,
0x00,0x00,0x00,0x00,0x00,0x00,0x00,0x00,0x00,0x00,
0x00,0x00,0x00,0x00,0x00,0x00,0x7f,0xff,0xbf,0x40,
0x00,0x00,0x00,0x00,0x00,0x00,0x00,0x00,0x40,0xbf,
0xff,0x7f,0x00,0x00,0x00,0x00,0x00,0x00,0x00,0x00,
0x00,0x00,0x00,0x00,0x00,0x00,0x00,0x00,0x00,0x00,
0x00,0x00,0x00,0x00,0x00,0x00,0x00,0x00,0x00,0x00,
0x00,0x00,0x00,0x00,0x00,0x00,0x00,0x00,0x00,0x00,
0x00,0x00,0x00,0x00,0x00,0x00,0x00,0x00,0x00,0x00,
0x00,0x00,0x00,0x00,0x00,0x00,0x00,0x00,0x00,0x00,
0x00,0x00,0x00,0x00,0x00,0x00,0x00,0x00,0x00,0x00,
0x00,0x00,0x00,0x00,0x00,0x00,0x00,0x00,0x00,0x00,
0x00,0x00,0x00,0x00,0x00,0x00,0x00,0x00,0x00,0x00,
0x00,0x00,0x00,0x00,0x00,0x00,0x00,0x00,0x00,0x00,
0x00,0x00,0x00,0x00,0x00,0x00,0x00,0x00,0x00,0x00,
0x00,0x00,0x00,0x00,0x00,0x00,0x00,0x00,0x00,0x00,
0x00,0x00,0x00,0x00,0x00,0x00,0x00,0x00,0x00,0x00,
0x00,0x00,0x00,0x00,0x00,0x00,0x00,0x00,0x00,0x00,
0x00,0x00,0x00,0x00,0x00,0x00,0x00,0x00,0x00,0x00,
0x00,0x00,0x00,0x00,0x00,0x00,0x00,0x00,0x00,0x00,
0x00,0x00,0x00,0x00,0x00,0x00,0x00,0x00,0x00,0x00,
0x00,0x00,0x00,0x00,0x00,0x00,0x00,0x00,0x00,0x00,
0x00,0x00,0x00,0x00,0x00,0x00,0x00,0x00,0x00,0x00,
0x00,0x00,0x00,0x00,0x00,0x00,0x00,0x00,0x00,0x00,
0x00,0x00,0x00,0x00,0x00,0x00,0x00,0x00,0x00,0x00,
0x00,0x00,0x00,0x00,0x00,0x00,0x00,0x00,0x00,0x00,
0x00,0x00,0x00,0x00,0x00,0x00,0x00,0x00,0x00,0x00,
0x00,0x00,0x00,0x00,0x00,0x00,0x00,0x00,0x00,0x00,
0x00,0x00,0x3f,0x7f,0x5f,0x20,0x00,0x00,0x00,0x00,
0x00,0x00,0x00,0x00,0x20,0x5f,0x7f,0x3f,0x00,0x00,
0x00,0x00,0x00,0x00,0x00,0x00,0x00,0x00,0x00,0x00,
0x00,0x00,0x00,0x00,0x00,0x00,0x00,0x00,0x00,0x00,
0x00,0x00,0x00,0x00,0x00,0x00,0x00,0x00,0x00,0x00,
0x00,0x00,0x00,0x00,0x00,0x00,0x00,0x00,0x00,0x00,
0x00,0x00,0x00,0x00,0x00,0x00,0x00,0x00,0x00,0x00,
0x00,0x00,0x00,0x00,0x00,0x00,0x00,0x00,0x00,0x00,
0x00,0x00,0x00,0x00,0x00,0x00,0x00,0x00,0x00,0x00,
0x00,0x00,0x00,0x00,0x00,0x00,0x00,0x00,0x00,0x00,
0x00,0x00,0x00,0x00,0x00,0x00,0x00,0x00,0x00,0x00,
0x00,0x00,0x00,0x00,0x00,0x00,0x00,0x00,0x00,0x00,
0x00,0x00,0x00,0x00,0x00,0x00,0x00,0x00,0x00,0x00,
0x00,0x00,0x00,0x00,0x00,0x00,0x00,0x00,0x00,0x00,
0x00,0x00,0x00,0x00,0x00,0x00,0x00,0x00,0x00,0x00,
0x00,0x00,0x00,0x00,0x00,0x00,0x00,0x00,0x00,0x00,
0x00,0x00,0x00,0x00,0x00,0x00,0x00,0x00,0x00,0x00,
0x00,0x00,0x00,0x00,0x00,0x00,0x00,0x00,0x00,0x00,
0x00,0x00,0x00,0x00,0x00,0x00,0x00,0x00,0x00,0x00,
0x00,0x00,0x00,0x00,0x00,0x00,0x00,0x00,0x00,0x00,
0x00,0x00,0x00,0x00,0x00,0x00,0x00,0x00,0x00,0x00,
0x00,0x00,0x00,0x00,0x00,0x00,0x00,0x00,0x00,0x00,
0x00,0x00,0x00,0x00,0x00,0x00,0x00,0x00,0x00,0x00,
0x00,0x00,0x00,0x00,0x00,0x00,0x00,0x00,0x00,0x00,
0x00,0x00,0x00,0x00,0x00,0x00,0x00,0x00,0x00,0x00,
0x00,0x00,0x00,0x00,0x00,0x00,0x00,0x00,0x00,0x00,
0x00,0x00,0x00,0x00,0x00,0x00,0x00,0x00,0x00,0x00,
0x00,0x00,0x00,0x00,0x00,0x00,0x00,0x00,0x00,0x00,
0x00,0x00,0x00,0x00,0x00,0x00,0x00,0x00,0x00,0x00,
0x00,0x00,0x00,0x00,0x00,0x00,0x00,0x00,0x00,0x00,
0x00,0x00,0x00,0x00,0x00,0x00,0x00,0x00,0x00,0x00,
0x00,0x00,0x00,0x00,0x00,0x00,0x00,0x00,0x00,0x00,
0x00,0x00,0x00,0x00,0x00,0x00,0x00,0x00,0x00,0x00,
0x00,0x00,0x00,0x00,0x00,0x00,0x00,0x00,0x00,0x00,
0x00,0x00,0x00,0x00,0x00,0x00,0x00,0x00,0x00,0x00,
0x00,0x00,0x00,0x00,0x00,0x00,0x00,0x00,0x00,0x00,
0x00,0x00,0x00,0x00,0x00,0x00,0x00,0x00,0x00,0x00,
0x00,0x00,0x00,0x00,0x00,0x00,0x20,0x40,0x40,0x40,
0x40,0x40,0x40,0x40,0x40,0x40,0x20,0x00,0x00,0x00,
0x00,0x00,0x00,0x10,0x30,0x40,0x40,0x40,0x40,0x40,
0x40,0x20,0x00,0x00,0x00,0x00,0x20,0x40,0x40,0x40,
0x40,0x40,0x40,0x40,0x40,0x40,0x40,0x40,0x30,0x10,
0x00,0x20,0x40,0x30,0x10,0x00,0x00,0x00,0x00,0x00,
0x00,0x20,0x40,0x30,0x10,0x00,0x00,0x00,0x00,0x00,
0x00,0x00,0x00,0x10,0x30,0x40,0x20,0x00,0x00,0x00,
0x00,0x00,0x00,0x00,0x00,0x00,0x20,0x40,0x30,0x10,
0x00,0x00,0x00,0x00,0x00,0x00,0x20,0x40,0x30,0x10,
0x00,0x20,0x40,0x30,0x10,0x00,0x00,0x00,0x00,0x00,
0x00,0x20,0x40,0x30,0x10,0x00,0x00,0x00,0x20,0x40,
0x30,0x10,0x00,0x00,0x00,0x00,0x00,0x00,0x20,0x40,
0x30,0x10,0x00,0x20,0x40,0x30,0x10,0x00,0x00,0x00,
0x10,0x30,0x40,0x20,0x00,0x00,0x00,0x00,0x20,0x40,
0x30,0x10,0x00,0x20,0x40,0x30,0x10,0x00,0x00,0x00,
0x10,0x30,0x40,0x20,0x00,0x00,0x00,0x00,0x20,0x40,
0x30,0x10,0x00,0x00,0x00,0x20,0x40,0x40,0x40,0x40,
0x40,0x40,0x30,0x10,0x00,0x00,0x00,0x00,0x00,0x00,
0x00,0x00,0x20,0x40,0x30,0x10,0x00,0x00,0x00,0x00,
0x00,0x00,0x20,0x40,0x40,0x40,0x40,0x40,0x40,0x30,
0x10,0x00,0x20,0x40,0x30,0x10,0x00,0x00,0x00,0x00,
0x00,0x00,0x00,0x00,0x20,0x40,0x40,0x40,0x40,0x40,
0x40,0x40,0x40,0x40,0x20,0x00,0x00,0x00,0x00,0x20,
0x40,0x30,0x10,0x00,0x00,0x00,0x00,0x00,0x00,0x20,
0x40,0x40,0x40,0x40,0x40,0x40,0x30,0x10,0x00,0x00,
0x00,0x00,0x5f,0xbf,0xbf,0xbf,0xbf,0xbf,0xbf,0xbf,
0xbf,0xbf,0x5f,0x00,0x00,0x00,0x00,0x00,0x00,0x30,
0x8f,0xbf,0xbf,0xbf,0xbf,0xbf,0xbf,0x5f,0x00,0x00,
0x00,0x00,0x5f,0xbf,0xbf,0xbf,0xbf,0xbf,0xbf,0xbf,
0xbf,0xbf,0xbf,0xbf,0x8f,0x30,0x00,0x5f,0xbf,0x8f,
0x30,0x00,0x00,0x00,0x00,0x00,0x00,0x5f,0xbf,0x8f,
0x30,0x00,0x00,0x00,0x00,0x00,0x00,0x00,0x00,0x30,
0x8f,0xbf,0x5f,0x00,0x00,0x00,0x00,0x00,0x00,0x00,
0x00,0x00,0x5f,0xbf,0x8f,0x30,0x00,0x00,0x00,0x00,
0x00,0x00,0x5f,0xbf,0x8f,0x30,0x00,0x5f,0xbf,0x8f,
0x30,0x00,0x00,0x00,0x00,0x00,0x00,0x5f,0xbf,0x8f,
0x30,0x00,0x00,0x00,0x5f,0xbf,0x8f,0x30,0x00,0x00,
0x00,0x00,0x00,0x00,0x5f,0xbf,0x8f,0x30,0x00,0x5f,
0xbf,0x8f,0x30,0x00,0x00,0x00,0x30,0x8f,0xbf,0x5f,
0x00,0x00,0x00,0x00,0x5f,0xbf,0x8f,0x30,0x00,0x5f,
0xbf,0x8f,0x30,0x00,0x00,0x00,0x30,0x8f,0xbf,0x5f,
0x00,0x00,0x00,0x00,0x5f,0xbf,0x8f,0x30,0x00,0x00,
0x00,0x5f,0xbf,0xbf,0xbf,0xbf,0xbf,0xbf,0x8f,0x30,
0x00,0x00,0x00,0x00,0x00,0x00,0x00,0x00,0x5f,0xbf,
0x8f,0x30,0x00,0x00,0x00,0x00,0x00,0x00,0x5f,0xbf,
0xbf,0xbf,0xbf,0xbf,0xbf,0x8f,0x30,0x00,0x5f,0xbf,
0x8f,0x30,0x00,0x00,0x00,0x00,0x00,0x00,0x00,0x00,
0x5f,0xbf,0xbf,0xbf,0xbf,0xbf,0xbf,0xbf,0xbf,0xbf,
0x5f,0x00,0x00,0x00,0x00,0x5f,0xbf,0x8f,0x30,0x00,
0x00,0x00,0x00,0x00,0x00,0x5f,0xbf,0xbf,0xbf,0xbf,
0xbf,0xbf,0x8f,0x30,0x00,0x00,0x00,0x00,0x7f,0xff,
0xff,0xff,0xff,0xff,0xff,0xff,0xff,0xff,0x7f,0x00,
0x00,0x00,0x00,0x00,0x00,0x40,0xbf,0xff,0xff,0xff,
0xff,0xff,0xff,0x7f,0x00,0x00,0x00,0x00,0x7f,0xff,
0xff,0xff,0xff,0xff,0xff,0xff,0xff,0xff,0xff,0xff,
0xbf,0x40,0x00,0x7f,0xff,0xbf,0x40,0x00,0x00,0x00,
0x00,0x00,0x00,0x7f,0xff,0xbf,0x40,0x00,0x00,0x00,
0x00,0x00,0x00,0x00,0x00,0x40,0xbf,0xff,0x7f,0x00,
0x00,0x00,0x00,0x00,0x00,0x00,0x00,0x00,0x7f,0xff,
0xbf,0x40,0x00,0x00,0x00,0x00,0x00,0x00,0x7f,0xff,
0xbf,0x40,0x00,0x7f,0xff,0xbf,0x40,0x00,0x00,0x00,
0x00,0x00,0x00,0x7f,0xff,0xbf,0x40,0x00,0x00,0x00,
0x7f,0xff,0xbf,0x40,0x00,0x00,0x00,0x00,0x00,0x00,
0x7f,0xff,0xbf,0x40,0x00,0x7f,0xff,0xbf,0x40,0x00,
0x00,0x00,0x40,0xbf,0xff,0x7f,0x00,0x00,0x00,0x00,
0x7f,0xff,0xbf,0x40,0x00,0x7f,0xff,0xbf,0x40,0x00,
0x00,0x00,0x40,0xbf,0xff,0x7f,0x00,0x00,0x00,0x00,
0x7f,0xff,0xbf,0x40,0x00,0x00,0x00,0x7f,0xff,0xff,
0xff,0xff,0xff,0xff,0xbf,0x40,0x00,0x00,0x00,0x00,
0x00,0x00,0x00,0x00,0x7f,0xff,0xbf,0x40,0x00,0x00,
0x00,0x00,0x00,0x00,0x7f,0xff,0xff,0xff,0xff,0xff,
0xff,0xbf,0x40,0x00,0x7f,0xff,0xbf,0x40,0x00,0x00,
0x00,0x00,0x00,0x00,0x00,0x00,0x7f,0xff,0xff,0xff,
0xff,0xff,0xff,0xff,0xff,0xff,0x7f,0x00,0x00,0x00,
0x00,0x7f,0xff,0xbf,0x40,0x00,0x00,0x00,0x00,0x00,
0x00,0x7f,0xff,0xff,0xff,0xff,0xff,0xff,0xbf,0x40,
0x00,0x00,0x00,0x00,0x7f,0xff,0xdf,0x9f,0x7f,0x7f,
0x7f,0x7f,0x7f,0x7f,0x7f,0x7f,0x5f,0x20,0x00,0x3f,
0x7f,0x7f,0x7f,0x7f,0x7f,0x7f,0x7f,0x7f,0x7f,0x7f,
0x7f,0x5f,0x20,0x00,0x3f,0x7f,0x7f,0x7f,0x7f,0xbf,
0xff,0xdf,0x9f,0x7f,0x7f,0x7f,0x5f,0x20,0x00,0x7f,
0xff,0xbf,0x40,0x00,0x00,0x00,0x00,0x00,0x00,0x7f,
0xff,0xbf,0x40,0x00,0x00,0x00,0x20,0x5f,0x7f,0x7f,
0x7f,0x9f,0xdf,0xff,0xbf,0x7f,0x7f,0x7f,0x7f,0x3f,
0x00,0x00,0x00,0x00,0x7f,0xff,0xbf,0x40,0x00,0x00,
0x00,0x00,0x00,0x00,0x7f,0xff,0xbf,0x40,0x00,0x7f,
0xff,0xbf,0x40,0x00,0x00,0x00,0x00,0x00,0x00,0x7f,
0xff,0xbf,0x40,0x00,0x00,0x00,0x7f,0xff,0xbf,0x40,
0x00,0x00,0x00,0x00,0x00,0x00,0x7f,0xff,0xbf,0x40,
0x00,0x7f,0xff,0xbf,0x40,0x00,0x00,0x00,0x40,0xbf,
0xff,0x7f,0x00,0x00,0x00,0x00,0x7f,0xff,0xbf,0x40,
0x00,0x7f,0xff,0xbf,0x40,0x00,0x00,0x00,0x40,0xbf,
0xff,0x7f,0x00,0x00,0x00,0x00,0x7f,0xff,0xbf,0x40,
0x00,0x00,0x00,0x3f,0x7f,0x7f,0x7f,0x7f,0xbf,0xff,
0xbf,0x40,0x00,0x00,0x00,0x00,0x00,0x00,0x00,0x00,
0x7f,0xff,0xbf,0x40,0x00,0x00,0x00,0x00,0x00,0x00,
0x3f,0x7f,0x9f,0xdf,0xff,0xbf,0x7f,0x5f,0x20,0x00,
0x7f,0xff,0xbf,0x40,0x00,0x00,0x00,0x00,0x00,0x00,
0x00,0x00,0x3f,0x7f,0x7f,0x7f,0x7f,0x7f,0x7f,0x7f,
0x7f,0x7f,0x7f,0x7f,0x5f,0x20,0x00,0x7f,0xff,0xbf,
0x40,0x00,0x00,0x00,0x20,0x5f,0x7f,0x7f,0x7f,0x7f,
0x7f,0x7f,0x7f,0x7f,0x7f,0x7f,0x7f,0x3f,0x00,0x00,
0x7f,0xff,0xbf,0x40,0x00,0x00,0x00,0x00,0x00,0x00,
0x7f,0xff,0xbf,0x40,0x00,0x7f,0xff,0xbf,0x40,0x00,
0x00,0x00,0x00,0x00,0x00,0x7f,0xff,0xbf,0x40,0x00,
0x00,0x00,0x00,0x00,0x00,0x7f,0xff,0xbf,0x40,0x00,
0x00,0x00,0x00,0x00,0x00,0x7f,0xff,0xbf,0x40,0x00,
0x00,0x00,0x00,0x00,0x00,0x7f,0xff,0xbf,0x40,0x00,
0x00,0x00,0x40,0xbf,0xff,0xff,0xff,0xff,0xff,0xff,
0xff,0xff,0xff,0xff,0xff,0x7f,0x00,0x00,0x00,0x00,
0x7f,0xff,0xbf,0x40,0x00,0x00,0x00,0x00,0x00,0x00,
0x7f,0xff,0xbf,0x40,0x00,0x7f,0xff,0xbf,0x40,0x00,
0x00,0x00,0x00,0x00,0x00,0x7f,0xff,0xbf,0x40,0x00,
0x00,0x00,0x7f,0xff,0xbf,0x40,0x00,0x00,0x00,0x00,
0x00,0x00,0x7f,0xff,0xbf,0x40,0x00,0x7f,0xff,0xbf,
0x40,0x00,0x00,0x00,0x40,0xbf,0xff,0x7f,0x00,0x00,
0x00,0x00,0x7f,0xff,0xbf,0x40,0x00,0x7f,0xff,0xbf,
0x40,0x00,0x00,0x00,0x40,0xbf,0xff,0x7f,0x00,0x00,
0x00,0x00,0x7f,0xff,0xbf,0x40,0x00,0x00,0x00,0x00,
0x00,0x00,0x00,0x00,0x7f,0xff,0xbf,0x40,0x00,0x00,
0x00,0x00,0x00,0x00,0x00,0x00,0x7f,0xff,0xbf,0x40,
0x00,0x00,0x00,0x00,0x00,0x00,0x00,0x00,0x40,0xbf,
0xff,0x7f,0x00,0x00,0x00,0x00,0x7f,0xff,0xbf,0x40,
0x00,0x00,0x00,0x00,0x00,0x00,0x00,0x00,0x00,0x00,
0x00,0x00,0x00,0x00,0x00,0x00,0x00,0x00,0x7f,0xff,
0xbf,0x40,0x00,0x7f,0xff,0xbf,0x40,0x00,0x00,0x00,
0x40,0xbf,0xff,0x7f,0x00,0x00,0x00,0x00,0x00,0x00,
0x40,0xbf,0xff,0x7f,0x00,0x00,0x7f,0xff,0xbf,0x40,
0x00,0x00,0x00,0x00,0x00,0x00,0x7f,0xff,0xbf,0x40,
0x00,0x7f,0xff,0xbf,0x40,0x00,0x00,0x00,0x00,0x00,
0x00,0x5f,0xbf,0x8f,0x30,0x00,0x00,0x00,0x00,0x00,
0x00,0x7f,0xff,0xbf,0x40,0x00,0x00,0x00,0x00,0x00,
0x00,0x5f,0xbf,0x9f,0x60,0x40,0x20,0x00,0x10,0x30,
0x40,0x7f,0xbf,0x8f,0x30,0x00,0x20,0x40,0x60,0x9f,
0xbf,0xbf,0xbf,0xcf,0xef,0xff,0xdf,0xbf,0xbf,0xbf,
0xbf,0x7f,0x40,0x30,0x10,0x00,0x5f,0xbf,0x9f,0x60,
0x40,0x20,0x00,0x10,0x30,0x40,0x7f,0xbf,0x8f,0x30,
0x00,0x7f,0xff,0xbf,0x40,0x00,0x00,0x00,0x00,0x00,
0x00,0x7f,0xff,0xbf,0x40,0x00,0x00,0x00,0x7f,0xff,
0xbf,0x40,0x00,0x00,0x00,0x00,0x00,0x00,0x7f,0xff,
0xbf,0x40,0x00,0x7f,0xff,0xbf,0x40,0x00,0x00,0x00,
0x40,0xbf,0xff,0x7f,0x00,0x00,0x00,0x00,0x7f,0xff,
0xbf,0x40,0x00,0x7f,0xff,0xbf,0x40,0x00,0x00,0x00,
0x40,0xbf,0xff,0x7f,0x00,0x00,0x00,0x00,0x7f,0xff,
0xbf,0x40,0x00,0x00,0x00,0x00,0x00,0x00,0x00,0x00,
0x7f,0xff,0xbf,0x40,0x00,0x00,0x00,0x00,0x00,0x00,
0x00,0x00,0x7f,0xff,0xbf,0x40,0x00,0x00,0x00,0x00,
0x00,0x00,0x00,0x00,0x40,0xbf,0xff,0x7f,0x00,0x00,
0x00,0x00,0x7f,0xff,0xbf,0x40,0x00,0x00,0x00,0x00,
0x00,0x00,0x00,0x00,0x00,0x00,0x00,0x00,0x00,0x00,
0x00,0x00,0x00,0x00,0x7f,0xff,0xbf,0x40,0x00,0x7f,
0xff,0xbf,0x40,0x00,0x00,0x00,0x40,0xbf,0xff,0x7f,
0x00,0x00,0x00,0x00,0x00,0x00,0x40,0xbf,0xff,0x7f,
0x00,0x00,0x7f,0xff,0xbf,0x40,0x00,0x00,0x00,0x00,
0x00,0x00,0x7f,0xff,0xbf,0x40,0x00,0x7f,0xff,0xbf,
0x40,0x00,0x00,0x00,0x00,0x00,0x00,0x20,0x40,0x30,
0x10,0x00,0x00,0x00,0x00,0x00,0x00,0x7f,0xff,0xbf,
0x40,0x00,0x00,0x00,0x00,0x00,0x00,0x20,0x40,0x60,
0x9f,0xbf,0x5f,0x00,0x30,0x8f,0xbf,0x7f,0x40,0x30,
0x10,0x00,0x5f,0xbf,0x9f,0x60,0x40,0x40,0x40,0x6f,
0xcf,0xff,0x9f,0x40,0x40,0x40,0x40,0x7f,0xbf,0x8f,
0x30,0x00,0x20,0x40,0x60,0x9f,0xbf,0x5f,0x00,0x30,
0x8f,0xbf,0x7f,0x40,0x30,0x10,0x00,0x7f,0xff,0xbf,
0x40,0x00,0x00,0x00,0x00,0x00,0x00,0x7f,0xff,0xbf,
0x40,0x00,0x00,0x00,0x7f,0xff,0xbf,0x40,0x00,0x00,
0x00,0x00,0x00,0x00,0x7f,0xff,0xbf,0x40,0x00,0x7f,
0xff,0xbf,0x40,0x00,0x00,0x00,0x40,0xbf,0xff,0x7f,
0x00,0x00,0x00,0x00,0x7f,0xff,0xbf,0x40,0x00,0x7f,
0xff,0xbf,0x40,0x00,0x00,0x00,0x40,0xbf,0xff,0x7f,
0x00,0x00,0x00,0x00,0x7f,0xff,0xbf,0x40,0x00,0x00,
0x00,0x00,0x00,0x00,0x00,0x00,0x7f,0xff,0xbf,0x40,
0x00,0x00,0x00,0x00,0x00,0x00,0x00,0x00,0x7f,0xff,
0xbf,0x40,0x00,0x00,0x00,0x00,0x00,0x00,0x00,0x00,
0x40,0xbf,0xff,0x7f,0x00,0x00,0x00,0x00,0x7f,0xff,
0xbf,0x40,0x00,0x00,0x00,0x00,0x00,0x00,0x00,0x00,
0x00,0x00,0x00,0x00,0x00,0x00,0x00,0x00,0x00,0x00,
0x7f,0xff,0xbf,0x40,0x00,0x7f,0xff,0xbf,0x40,0x00,
0x00,0x00,0x40,0xbf,0xff,0x7f,0x00,0x00,0x00,0x00,
0x00,0x00,0x40,0xbf,0xff,0x7f,0x00,0x00,0x7f,0xff,
0xbf,0x40,0x00,0x00,0x00,0x00,0x00,0x00,0x7f,0xff,
0xbf,0x40,0x00,0x7f,0xff,0xbf,0x40,0x00,0x00,0x00,
0x00,0x00,0x00,0x00,0x00,0x00,0x00,0x00,0x00,0x00,
0x00,0x00,0x00,0x7f,0xff,0xbf,0x40,0x00,0x00,0x00,
0x00,0x00,0x00,0x00,0x00,0x40,0xbf,0xff,0x7f,0x00,
0x40,0xbf,0xff,0x7f,0x00,0x00,0x00,0x00,0x7f,0xff,
0xbf,0x40,0x00,0x00,0x00,0x40,0xbf,0xff,0x7f,0x00,
0x00,0x00,0x00,0x7f,0xff,0xbf,0x40,0x00,0x00,0x00,
0x40,0xbf,0xff,0x7f,0x00,0x40,0xbf,0xff,0x7f,0x00,
0x00,0x00,0x00,0x7f,0xff,0xbf,0x40,0x00,0x00,0x00,
0x00,0x00,0x00,0x7f,0xff,0xbf,0x40,0x00,0x00,0x00,
0x7f,0xff,0xbf,0x40,0x00,0x00,0x00,0x00,0x00,0x00,
0x7f,0xff,0xbf,0x40,0x00,0x7f,0xff,0xbf,0x40,0x00,
0x00,0x00,0x40,0xbf,0xff,0x7f,0x00,0x00,0x00,0x00,
0x7f,0xff,0xbf,0x40,0x00,0x7f,0xff,0xbf,0x40,0x00,
0x00,0x00,0x40,0xbf,0xff,0x7f,0x00,0x00,0x00,0x00,
0x7f,0xff,0xbf,0x40,0x00,0x00,0x00,0x00,0x00,0x00,
0x00,0x00,0x7f,0xff,0xbf,0x40,0x00,0x00,0x00,0x00,
0x00,0x00,0x00,0x00,0x7f,0xff,0xbf,0x40,0x00,0x00,
0x00,0x00,0x00,0x00,0x00,0x00,0x40,0xbf,0xff,0x7f,
0x00,0x00,0x00,0x00,0x7f,0xff,0xbf,0x40,0x00,0x00,
0x00,0x00,0x00,0x00,0x00,0x00,0x00,0x00,0x00,0x00,
0x00,0x00,0x00,0x00,0x00,0x00,0x7f,0xff,0xbf,0x40,
0x00,0x7f,0xff,0xbf,0x40,0x00,0x00,0x00,0x40,0xbf,
0xff,0x7f,0x00,0x00,0x00,0x00,0x00,0x00,0x40,0xbf,
0xff,0x7f,0x00,0x00,0x7f,0xff,0xbf,0x40,0x00,0x00,
0x00,0x00,0x00,0x00,0x7f,0xff,0xbf,0x40,0x00,0x7f,
0xff,0xbf,0x40,0x00,0x00,0x00,0x00,0x00,0x00,0x00,
0x00,0x00,0x00,0x00,0x00,0x00,0x00,0x00,0x00,0x7f,
0xff,0xbf,0x40,0x00,0x00,0x00,0x00,0x00,0x00,0x00,
0x00,0x40,0xbf,0xff,0x7f,0x00,0x40,0xbf,0xff,0x7f,
0x00,0x00,0x00,0x00,0x7f,0xff,0xbf,0x40,0x00,0x00,
0x00,0x40,0xbf,0xff,0x7f,0x00,0x00,0x00,0x00,0x7f,
0xff,0xbf,0x40,0x00,0x00,0x00,0x40,0xbf,0xff,0x7f,
0x00,0x40,0xbf,0xff,0x7f,0x00,0x00,0x00,0x00,0x7f,
0xff,0xbf,0x40,0x00,0x00,0x00,0x00,0x00,0x00,0x7f,
0xff,0xbf,0x40,0x00,0x00,0x00,0x7f,0xff,0xbf,0x40,
0x00,0x00,0x00,0x00,0x00,0x00,0x7f,0xff,0xbf,0x40,
0x00,0x7f,0xff,0xbf,0x40,0x00,0x00,0x00,0x40,0xbf,
0xff,0x7f,0x00,0x00,0x00,0x00,0x7f,0xff,0xbf,0x40,
0x00,0x7f,0xff,0xbf,0x40,0x00,0x00,0x00,0x40,0xbf,
0xff,0x7f,0x00,0x00,0x00,0x00,0x7f,0xff,0xbf,0x40,
0x00,0x00,0x00,0x00,0x00,0x00,0x00,0x00,0x7f,0xff,
0xbf,0x40,0x00,0x00,0x00,0x00,0x00,0x00,0x00,0x00,
0x7f,0xff,0xbf,0x40,0x00,0x00,0x00,0x00,0x00,0x00,
0x00,0x00,0x40,0xbf,0xff,0x7f,0x00,0x00,0x00,0x00,
0x7f,0xff,0xbf,0x40,0x00,0x00,0x00,0x00,0x00,0x00,
0x00,0x00,0x00,0x00,0x00,0x00,0x00,0x00,0x00,0x00,
0x00,0x00,0x7f,0xff,0xbf,0x40,0x00,0x7f,0xff,0xbf,
0x40,0x00,0x00,0x00,0x40,0xbf,0xff,0x7f,0x00,0x00,
0x00,0x00,0x00,0x00,0x40,0xbf,0xff,0x7f,0x00,0x00,
0x7f,0xff,0xbf,0x40,0x00,0x00,0x00,0x00,0x00,0x00,
0x7f,0xff,0xbf,0x40,0x00,0x7f,0xff,0xbf,0x40,0x00,
0x00,0x00,0x00,0x00,0x00,0x00,0x00,0x00,0x00,0x00,
0x00,0x00,0x00,0x00,0x00,0x7f,0xff,0xbf,0x40,0x00,
0x00,0x00,0x00,0x00,0x00,0x00,0x00,0x40,0xbf,0xff,
0x7f,0x00,0x40,0xbf,0xff,0x7f,0x00,0x00,0x00,0x00,
0x7f,0xff,0xbf,0x40,0x00,0x00,0x00,0x40,0xbf,0xff,
0x7f,0x00,0x00,0x00,0x00,0x7f,0xff,0xbf,0x40,0x00,
0x00,0x00,0x40,0xbf,0xff,0x7f,0x00,0x40,0xbf,0xff,
0x7f,0x00,0x00,0x00,0x00,0x7f,0xff,0xbf,0x40,0x00,
0x00,0x00,0x00,0x00,0x00,0x7f,0xff,0xbf,0x40,0x00,
0x00,0x00,0x7f,0xff,0xbf,0x40,0x00,0x00,0x00,0x00,
0x00,0x00,0x7f,0xff,0xbf,0x40,0x00,0x7f,0xff,0xbf,
0x40,0x00,0x00,0x00,0x40,0xbf,0xff,0x7f,0x00,0x00,
0x00,0x00,0x7f,0xff,0xbf,0x40,0x00,0x7f,0xff,0xbf,
0x40,0x00,0x00,0x00,0x40,0xbf,0xff,0x7f,0x00,0x00,
0x00,0x00,0x7f,0xff,0xbf,0x40,0x00,0x00,0x00,0x00,
0x00,0x00,0x00,0x00,0x7f,0xff,0xbf,0x40,0x00,0x00,
0x00,0x00,0x00,0x00,0x00,0x00,0x7f,0xff,0xbf,0x40,
0x00,0x00,0x00,0x00,0x00,0x00,0x00,0x00,0x40,0xbf,
0xff,0x7f,0x00,0x00,0x00,0x00,0x7f,0xff,0xbf,0x40,
0x00,0x00,0x00,0x00,0x00,0x00,0x00,0x00,0x00,0x00,
0x00,0x00,0x00,0x00,0x00,0x00,0x00,0x00,0x7f,0xff,
0xbf,0x40,0x00,0x7f,0xff,0xbf,0x40,0x00,0x00,0x00,
0x40,0xbf,0xff,0x7f,0x00,0x00,0x00,0x00,0x00,0x00,
0x40,0xbf,0xff,0x7f,0x00,0x00,0x7f,0xff,0xcf,0x6f,
0x40,0x40,0x40,0x40,0x40,0x40,0x7f,0xbf,0x8f,0x30,
0x00,0x7f,0xff,0xbf,0x40,0x00,0x00,0x00,0x00,0x00,
0x00,0x00,0x00,0x00,0x00,0x00,0x00,0x00,0x00,0x00,
0x00,0x7f,0xff,0xbf,0x40,0x00,0x00,0x00,0x00,0x00,
0x00,0x00,0x00,0x30,0x8f,0xbf,0x7f,0x40,0x60,0x9f,
0xbf,0x5f,0x00,0x00,0x00,0x00,0x7f,0xff,0xbf,0x40,
0x00,0x00,0x00,0x40,0xbf,0xff,0x7f,0x00,0x00,0x00,
0x00,0x7f,0xff,0xbf,0x40,0x00,0x00,0x00,0x30,0x8f,
0xbf,0x7f,0x40,0x60,0x9f,0xbf,0x5f,0x00,0x00,0x00,
0x00,0x7f,0xff,0xbf,0x40,0x00,0x00,0x00,0x00,0x00,
0x00,0x7f,0xff,0xbf,0x40,0x00,0x00,0x00,0x5f,0xbf,
0x9f,0x60,0x40,0x40,0x40,0x40,0x40,0x40,0x9f,0xff,
0xbf,0x40,0x00,0x7f,0xff,0xbf,0x40,0x00,0x00,0x00,
0x40,0xbf,0xff,0x7f,0x00,0x00,0x00,0x00,0x7f,0xff,
0xbf,0x40,0x00,0x7f,0xff,0xbf,0x40,0x00,0x00,0x00,
0x40,0xbf,0xff,0x7f,0x00,0x00,0x00,0x00,0x7f,0xff,
0xbf,0x40,0x00,0x00,0x00,0x00,0x00,0x00,0x00,0x00,
0x7f,0xff,0xcf,0x6f,0x40,0x40,0x40,0x30,0x10,0x00,
0x00,0x00,0x7f,0xff,0xcf,0x6f,0x40,0x40,0x40,0x30,
0x10,0x00,0x00,0x00,0x40,0xbf,0xff,0x7f,0x00,0x00,
0x00,0x00,0x7f,0xff,0xcf,0x6f,0x40,0x40,0x40,0x30,
0x10,0x00,0x00,0x00,0x00,0x00,0x10,0x30,0x40,0x40,
0x40,0x40,0x40,0x40,0x9f,0xff,0xbf,0x40,0x00,0x7f,
0xff,0xcf,0x6f,0x40,0x40,0x40,0x6f,0xcf,0xff,0x7f,
0x00,0x00,0x00,0x00,0x00,0x00,0x40,0xbf,0xff,0x7f,
0x00,0x00,0x7f,0xff,0xef,0xcf,0xbf,0xbf,0xbf,0xbf,
0xbf,0xbf,0x7f,0x40,0x30,0x10,0x00,0x7f,0xff,0xbf,
0x40,0x00,0x00,0x00,0x00,0x00,0x00,0x00,0x00,0x00,
0x00,0x00,0x00,0x00,0x00,0x00,0x00,0x7f,0xff,0xbf,
0x40,0x00,0x00,0x00,0x00,0x00,0x00,0x00,0x00,0x10,
0x30,0x40,0x7f,0xbf,0x9f,0x60,0x40,0x20,0x00,0x00,
0x00,0x00,0x7f,0xff,0xbf,0x40,0x00,0x00,0x00,0x40,
0xbf,0xff,0x7f,0x00,0x00,0x00,0x00,0x7f,0xff,0xbf,
0x40,0x00,0x00,0x00,0x10,0x30,0x40,0x7f,0xbf,0x9f,
0x60,0x40,0x20,0x00,0x00,0x00,0x00,0x7f,0xff,0xbf,
0x40,0x00,0x00,0x00,0x00,0x00,0x00,0x7f,0xff,0xbf,
0x40,0x00,0x00,0x00,0x20,0x40,0x60,0x9f,0xbf,0xbf,
0xbf,0xbf,0xbf,0xbf,0xdf,0xff,0xbf,0x40,0x00,0x7f,
0xff,0xbf,0x40,0x00,0x00,0x00,0x40,0xbf,0xff,0x7f,
0x00,0x00,0x00,0x00,0x7f,0xff,0xbf,0x40,0x00,0x7f,
0xff,0xbf,0x40,0x00,0x00,0x00,0x40,0xbf,0xff,0x7f,
0x00,0x00,0x00,0x00,0x7f,0xff,0xbf,0x40,0x00,0x00,
0x00,0x00,0x00,0x00,0x00,0x00,0x7f,0xff,0xef,0xcf,
0xbf,0xbf,0xbf,0x8f,0x30,0x00,0x00,0x00,0x7f,0xff,
0xef,0xcf,0xbf,0xbf,0xbf,0x8f,0x30,0x00,0x00,0x00,
0x40,0xbf,0xff,0x7f,0x00,0x00,0x00,0x00,0x7f,0xff,
0xef,0xcf,0xbf,0xbf,0xbf,0x8f,0x30,0x00,0x00,0x00,
0x00,0x00,0x30,0x8f,0xbf,0xbf,0xbf,0xbf,0xbf,0xbf,
0xdf,0xff,0xbf,0x40,0x00,0x7f,0xff,0xef,0xcf,0xbf,
0xbf,0xbf,0xcf,0xef,0xff,0x7f,0x00,0x00,0x00,0x00,
0x00,0x00,0x40,0xbf,0xff,0x7f,0x00,0x00,0x7f,0xff,
0xff,0xff,0xff,0xff,0xff,0xff,0xff,0xff,0x7f,0x00,
0x00,0x00,0x00,0x7f,0xff,0xbf,0x40,0x00,0x00,0x00,
0x00,0x00,0x00,0x00,0x00,0x00,0x00,0x00,0x00,0x00,
0x00,0x00,0x00,0x7f,0xff,0xbf,0x40,0x00,0x00,0x00,
0x00,0x00,0x00,0x00,0x00,0x00,0x00,0x00,0x7f,0xff,
0xbf,0x40,0x00,0x00,0x00,0x00,0x00,0x00,0x7f,0xff,
0xbf,0x40,0x00,0x00,0x00,0x40,0xbf,0xff,0x7f,0x00,
0x00,0x00,0x00,0x7f,0xff,0xbf,0x40,0x00,0x00,0x00,
0x00,0x00,0x00,0x7f,0xff,0xbf,0x40,0x00,0x00,0x00,
0x00,0x00,0x00,0x7f,0xff,0xbf,0x40,0x00,0x00,0x00,
0x00,0x00,0x00,0x7f,0xff,0xbf,0x40,0x00,0x00,0x00,
0x00,0x00,0x40,0xbf,0xff,0xff,0xff,0xff,0xff,0xff,
0xff,0xff,0xbf,0x40,0x00,0x7f,0xff,0xbf,0x40,0x00,
0x00,0x00,0x40,0xbf,0xff,0x7f,0x00,0x00,0x00,0x00,
0x7f,0xff,0xbf,0x40,0x00,0x7f,0xff,0xbf,0x40,0x00,
0x00,0x00,0x40,0xbf,0xff,0x7f,0x00,0x00,0x00,0x00,
0x7f,0xff,0xbf,0x40,0x00,0x00,0x00,0x00,0x00,0x00,
0x00,0x00,0x7f,0xff,0xff,0xff,0xff,0xff,0xff,0xbf,
0x40,0x00,0x00,0x00,0x7f,0xff,0xff,0xff,0xff,0xff,
0xff,0xbf,0x40,0x00,0x00,0x00,0x40,0xbf,0xff,0x7f,
0x00,0x00,0x00,0x00,0x7f,0xff,0xff,0xff,0xff,0xff,
0xff,0xbf,0x40,0x00,0x00,0x00,0x00,0x00,0x40,0xbf,
0xff,0xff,0xff,0xff,0xff,0xff,0xff,0xff,0xbf,0x40,
0x00,0x7f,0xff,0xff,0xff,0xff,0xff,0xff,0xff,0xff,
0xff,0x7f,0x00,0x00,0x00,0x00,0x00,0x00,0x40,0xbf,
0xff,0x7f,0x00,0x00,0x7f,0xff,0xdf,0x9f,0x7f,0x7f,
0x7f,0x7f,0x7f,0x7f,0x3f,0x00,0x00,0x00,0x00,0x7f,
0xff,0xbf,0x40,0x00,0x00,0x00,0x00,0x00,0x00,0x00,
0x00,0x00,0x00,0x00,0x00,0x00,0x00,0x00,0x00,0x7f,
0xff,0xbf,0x40,0x00,0x00,0x00,0x00,0x00,0x00,0x00,
0x00,0x00,0x00,0x00,0x7f,0xff,0xbf,0x40,0x00,0x00,
0x00,0x00,0x00,0x00,0x7f,0xff,0xbf,0x40,0x00,0x00,
0x00,0x40,0xbf,0xff,0x7f,0x00,0x00,0x00,0x00,0x7f,
0xff,0xbf,0x40,0x00,0x00,0x00,0x20,0x5f,0x7f,0x7f,
0x7f,0x7f,0x7f,0x7f,0x3f,0x00,0x00,0x00,0x00,0x7f,
0xff,0xbf,0x40,0x00,0x00,0x00,0x00,0x00,0x00,0x7f,
0xff,0xbf,0x40,0x00,0x00,0x00,0x00,0x00,0x20,0x5f,
0x7f,0x7f,0x7f,0x7f,0x7f,0x7f,0xbf,0xff,0xbf,0x40,
0x00,0x7f,0xff,0xbf,0x40,0x00,0x00,0x00,0x40,0xbf,
0xff,0x7f,0x00,0x00,0x00,0x00,0x7f,0xff,0xbf,0x40,
0x00,0x7f,0xff,0xbf,0x40,0x00,0x00,0x00,0x40,0xbf,
0xff,0x7f,0x00,0x00,0x00,0x00,0x7f,0xff,0xbf,0x40,
0x00,0x00,0x00,0x00,0x00,0x00,0x00,0x00,0x7f,0xff,
0xdf,0x9f,0x7f,0x7f,0x7f,0x7f,0x7f,0x7f,0x3f,0x00,
0x7f,0xff,0xdf,0x9f,0x7f,0x7f,0x7f,0x7f,0x7f,0x7f,
0x3f,0x00,0x40,0xbf,0xff,0x7f,0x00,0x00,0x00,0x00,
0x7f,0xff,0xdf,0x9f,0x7f,0x7f,0x7f,0x7f,0x7f,0x7f,
0x3f,0x00,0x00,0x00,0x20,0x5f,0x7f,0x7f,0x7f,0x7f,
0x7f,0x7f,0xbf,0xff,0xbf,0x40,0x00,0x7f,0xff,0xdf,
0x9f,0x7f,0x7f,0x7f,0x9f,0xdf,0xff,0x7f,0x00,0x00,
0x00,0x00,0x00,0x00,0x40,0xbf,0xff,0x7f,0x00,0x00,
0x7f,0xff,0xbf,0x40,0x00,0x00,0x00,0x00,0x00,0x00,
0x00,0x00,0x00,0x00,0x00,0x7f,0xff,0xbf,0x40,0x00,
0x00,0x00,0x00,0x00,0x00,0x00,0x00,0x00,0x00,0x00,
0x00,0x00,0x00,0x00,0x00,0x7f,0xff,0xbf,0x40,0x00,
0x00,0x00,0x00,0x00,0x00,0x00,0x00,0x00,0x00,0x00,
0x7f,0xff,0xbf,0x40,0x00,0x00,0x00,0x00,0x00,0x00,
0x7f,0xff,0xbf,0x40,0x00,0x00,0x00,0x40,0xbf,0xff,
0x7f,0x00,0x00,0x00,0x00,0x7f,0xff,0xbf,0x40,0x00,
0x00,0x00,0x40,0xbf,0xff,0x7f,0x00,0x40,0xbf,0xff,
0x7f,0x00,0x00,0x00,0x00,0x7f,0xff,0xbf,0x40,0x00,
0x00,0x00,0x00,0x00,0x00,0x7f,0xff,0xbf,0x40,0x00,
0x00,0x00,0x00,0x00,0x00,0x00,0x00,0x00,0x00,0x00,
0x00,0x00,0x7f,0xff,0xbf,0x40,0x00,0x7f,0xff,0xbf,
0x40,0x00,0x00,0x00,0x40,0xbf,0xff,0x7f,0x00,0x00,
0x00,0x00,0x7f,0xff,0xbf,0x40,0x00,0x7f,0xff,0xbf,
0x40,0x00,0x00,0x00,0x40,0xbf,0xff,0x7f,0x00,0x00,
0x00,0x00,0x7f,0xff,0xbf,0x40,0x00,0x00,0x00,0x00,
0x00,0x00,0x00,0x00,0x7f,0xff,0xbf,0x40,0x00,0x00,
0x00,0x40,0xbf,0xff,0x7f,0x00,0x7f,0xff,0xbf,0x40,
0x00,0x00,0x00,0x40,0xbf,0xff,0x7f,0x00,0x40,0xbf,
0xff,0x7f,0x00,0x00,0x00,0x00,0x7f,0xff,0xbf,0x40,
0x00,0x00,0x00,0x40,0xbf,0xff,0x7f,0x00,0x00,0x00,
0x00,0x00,0x00,0x00,0x00,0x00,0x00,0x00,0x7f,0xff,
0xbf,0x40,0x00,0x7f,0xff,0xbf,0x40,0x00,0x00,0x00,
0x40,0xbf,0xff,0x7f,0x00,0x00,0x00,0x00,0x00,0x00,
0x40,0xbf,0xff,0x7f,0x00,0x00,0x7f,0xff,0xbf,0x40,
0x00,0x00,0x00,0x00,0x00,0x00,0x00,0x00,0x00,0x00,
0x00,0x7f,0xff,0xbf,0x40,0x00,0x00,0x00,0x00,0x00,
0x00,0x00,0x00,0x00,0x00,0x00,0x00,0x00,0x00,0x00,
0x00,0x7f,0xff,0xbf,0x40,0x00,0x00,0x00,0x00,0x00,
0x00,0x00,0x00,0x00,0x00,0x00,0x7f,0xff,0xbf,0x40,
0x00,0x00,0x00,0x00,0x00,0x00,0x7f,0xff,0xbf,0x40,
0x00,0x00,0x00,0x40,0xbf,0xff,0x7f,0x00,0x00,0x00,
0x00,0x7f,0xff,0xbf,0x40,0x00,0x00,0x00,0x40,0xbf,
0xff,0x7f,0x00,0x40,0xbf,0xff,0x7f,0x00,0x00,0x00,
0x00,0x7f,0xff,0xbf,0x40,0x00,0x00,0x00,0x00,0x00,
0x00,0x7f,0xff,0xbf,0x40,0x00,0x00,0x00,0x00,0x00,
0x00,0x00,0x00,0x00,0x00,0x00,0x00,0x00,0x7f,0xff,
0xbf,0x40,0x00,0x7f,0xff,0xbf,0x40,0x00,0x00,0x00,
0x40,0xbf,0xff,0x7f,0x00,0x00,0x00,0x00,0x7f,0xff,
0xbf,0x40,0x00,0x7f,0xff,0xbf,0x40,0x00,0x00,0x00,
0x40,0xbf,0xff,0x7f,0x00,0x00,0x00,0x00,0x7f,0xff,
0xbf,0x40,0x00,0x00,0x00,0x00,0x00,0x00,0x00,0x00,
0x7f,0xff,0xbf,0x40,0x00,0x00,0x00,0x40,0xbf,0xff,
0x7f,0x00,0x7f,0xff,0xbf,0x40,0x00,0x00,0x00,0x40,
0xbf,0xff,0x7f,0x00,0x40,0xbf,0xff,0x7f,0x00,0x00,
0x00,0x00,0x7f,0xff,0xbf,0x40,0x00,0x00,0x00,0x40,
0xbf,0xff,0x7f,0x00,0x00,0x00,0x00,0x00,0x00,0x00,
0x00,0x00,0x00,0x00,0x7f,0xff,0xbf,0x40,0x00,0x7f,
0xff,0xbf,0x40,0x00,0x00,0x00,0x40,0xbf,0xff,0x7f,
0x00,0x00,0x00,0x00,0x00,0x00,0x40,0xbf,0xff,0x7f,
0x00,0x00,0x7f,0xff,0xbf,0x40,0x00,0x00,0x00,0x00,
0x00,0x00,0x00,0x00,0x00,0x00,0x00,0x7f,0xff,0xbf,
0x40,0x00,0x00,0x00,0x00,0x00,0x00,0x00,0x00,0x00,
0x00,0x00,0x00,0x00,0x00,0x00,0x00,0x7f,0xff,0xbf,
0x40,0x00,0x00,0x00,0x00,0x00,0x00,0x00,0x00,0x00,
0x00,0x00,0x7f,0xff,0xbf,0x40,0x00,0x00,0x00,0x00,
0x00,0x00,0x7f,0xff,0xbf,0x40,0x00,0x00,0x00,0x40,
0xbf,0xff,0x7f,0x00,0x00,0x00,0x00,0x7f,0xff,0xbf,
0x40,0x00,0x00,0x00,0x40,0xbf,0xff,0x7f,0x00,0x40,
0xbf,0xff,0x7f,0x00,0x00,0x00,0x00,0x7f,0xff,0xbf,
0x40,0x00,0x00,0x00,0x00,0x00,0x00,0x7f,0xff,0xbf,
0x40,0x00,0x00,0x00,0x00,0x00,0x00,0x00,0x00,0x00,
0x00,0x00,0x00,0x00,0x7f,0xff,0xbf,0x40,0x00,0x7f,
0xff,0xbf,0x40,0x00,0x00,0x00,0x40,0xbf,0xff,0x7f,
0x00,0x00,0x00,0x00,0x7f,0xff,0xbf,0x40,0x00,0x7f,
0xff,0xbf,0x40,0x00,0x00,0x00,0x40,0xbf,0xff,0x7f,
0x00,0x00,0x00,0x00,0x7f,0xff,0xbf,0x40,0x00,0x00,
0x00,0x00,0x00,0x00,0x00,0x00,0x7f,0xff,0xbf,0x40,
0x00,0x00,0x00,0x40,0xbf,0xff,0x7f,0x00,0x7f,0xff,
0xbf,0x40,0x00,0x00,0x00,0x40,0xbf,0xff,0x7f,0x00,
0x40,0xbf,0xff,0x7f,0x00,0x00,0x00,0x00,0x7f,0xff,
0xbf,0x40,0x00,0x00,0x00,0x40,0xbf,0xff,0x7f,0x00,
0x00,0x00,0x00,0x00,0x00,0x00,0x00,0x00,0x00,0x00,
0x7f,0xff,0xbf,0x40,0x00,0x7f,0xff,0xbf,0x40,0x00,
0x00,0x00,0x40,0xbf,0xff,0x7f,0x00,0x00,0x00,0x00,
0x00,0x00,0x40,0xbf,0xff,0x7f,0x00,0x00,0x7f,0xff,
0xbf,0x40,0x00,0x00,0x00,0x00,0x00,0x00,0x00,0x00,
0x00,0x00,0x00,0x7f,0xff,0xbf,0x40,0x00,0x00,0x00,
0x00,0x00,0x00,0x00,0x00,0x00,0x00,0x00,0x00,0x00,
0x00,0x00,0x00,0x7f,0xff,0xbf,0x40,0x00,0x00,0x00,
0x00,0x00,0x00,0x00,0x00,0x00,0x00,0x00,0x7f,0xff,
0xbf,0x40,0x00,0x00,0x00,0x00,0x00,0x00,0x7f,0xff,
0xbf,0x40,0x00,0x00,0x00,0x40,0xbf,0xff,0x7f,0x00,
0x00,0x00,0x00,0x7f,0xff,0xbf,0x40,0x00,0x00,0x00,
0x40,0xbf,0xff,0x7f,0x00,0x40,0xbf,0xff,0x7f,0x00,
0x00,0x00,0x00,0x7f,0xff,0xbf,0x40,0x00,0x00,0x00,
0x00,0x00,0x00,0x7f,0xff,0xbf,0x40,0x00,0x00,0x00,
0x00,0x00,0x00,0x00,0x00,0x00,0x00,0x00,0x00,0x00,
0x7f,0xff,0xbf,0x40,0x00,0x7f,0xff,0xbf,0x40,0x00,
0x00,0x00,0x40,0xbf,0xff,0x7f,0x00,0x00,0x00,0x00,
0x7f,0xff,0xbf,0x40,0x00,0x7f,0xff,0xbf,0x40,0x00,
0x00,0x00,0x40,0xbf,0xff,0x7f,0x00,0x00,0x00,0x00,
0x7f,0xff,0xbf,0x40,0x00,0x00,0x00,0x00,0x00,0x00,
0x00,0x00,0x7f,0xff,0xbf,0x40,0x00,0x00,0x00,0x40,
0xbf,0xff,0x7f,0x00,0x7f,0xff,0xbf,0x40,0x00,0x00,
0x00,0x40,0xbf,0xff,0x7f,0x00,0x40,0xbf,0xff,0x7f,
0x00,0x00,0x00,0x00,0x7f,0xff,0xbf,0x40,0x00,0x00,
0x00,0x40,0xbf,0xff,0x7f,0x00,0x00,0x00,0x00,0x00,
0x00,0x00,0x00,0x00,0x00,0x00,0x7f,0xff,0xbf,0x40,
0x00,0x7f,0xff,0xbf,0x40,0x00,0x00,0x00,0x40,0xbf,
0xff,0x7f,0x00,0x00,0x00,0x00,0x00,0x00,0x40,0xbf,
0xff,0x7f,0x00,0x00,0x7f,0xff,0xbf,0x40,0x00,0x00,
0x00,0x00,0x00,0x00,0x00,0x00,0x00,0x00,0x00,0x7f,
0xff,0xbf,0x40,0x00,0x00,0x00,0x00,0x00,0x00,0x3f,
0x7f,0x5f,0x20,0x00,0x00,0x00,0x00,0x00,0x00,0x7f,
0xff,0xbf,0x40,0x00,0x00,0x00,0x00,0x00,0x00,0x00,
0x00,0x00,0x00,0x00,0x7f,0xff,0xbf,0x40,0x00,0x00,
0x00,0x00,0x00,0x00,0x3f,0x7f,0x7f,0x7f,0x7f,0x7f,
0x7f,0x9f,0xdf,0xff,0xbf,0x7f,0x7f,0x7f,0x7f,0x7f,
0x7f,0x5f,0x20,0x00,0x3f,0x7f,0x7f,0x7f,0x7f,0x3f,
0x00,0x20,0x5f,0x7f,0x7f,0x7f,0x5f,0x20,0x00,0x7f,
0xff,0xbf,0x40,0x00,0x00,0x00,0x00,0x00,0x00,0x7f,
0xff,0xbf,0x40,0x00,0x00,0x00,0x00,0x00,0x00,0x00,
0x00,0x00,0x00,0x00,0x00,0x00,0x7f,0xff,0xbf,0x40,
0x00,0x7f,0xff,0xbf,0x40,0x00,0x00,0x00,0x40,0xbf,
0xff,0x7f,0x00,0x00,0x00,0x00,0x7f,0xff,0xbf,0x40,
0x00,0x7f,0xff,0xbf,0x40,0x00,0x00,0x00,0x40,0xbf,
0xff,0x7f,0x00,0x00,0x00,0x00,0x7f,0xff,0xbf,0x40,
0x00,0x00,0x00,0x00,0x00,0x00,0x00,0x00,0x7f,0xff,
0xbf,0x40,0x00,0x00,0x00,0x40,0xbf,0xff,0x7f,0x00,
0x7f,0xff,0xbf,0x40,0x00,0x00,0x00,0x40,0xbf,0xff,
0x7f,0x00,0x40,0xbf,0xff,0x7f,0x00,0x00,0x00,0x00,
0x7f,0xff,0xbf,0x40,0x00,0x00,0x00,0x40,0xbf,0xff,
0x7f,0x00,0x00,0x00,0x00,0x00,0x00,0x00,0x00,0x00,
0x00,0x00,0x7f,0xff,0xbf,0x40,0x00,0x7f,0xff,0xbf,
0x40,0x00,0x00,0x00,0x40,0xbf,0xff,0x7f,0x00,0x00,
0x00,0x00,0x00,0x00,0x40,0xbf,0xff,0x7f,0x00,0x00,
0x7f,0xff,0xbf,0x40,0x00,0x00,0x00,0x00,0x00,0x00,
0x00,0x00,0x00,0x00,0x00,0x7f,0xff,0xbf,0x40,0x00,
0x00,0x00,0x00,0x00,0x00,0x7f,0xff,0xbf,0x40,0x00,
0x00,0x00,0x00,0x00,0x00,0x7f,0xff,0xbf,0x40,0x00,
0x00,0x00,0x00,0x00,0x00,0x00,0x00,0x00,0x00,0x00,
0x7f,0xff,0xbf,0x40,0x00,0x00,0x00,0x00,0x00,0x00,
0x00,0x00,0x40,0xbf,0xff,0xff,0xff,0xff,0xff,0xff,
0xff,0xff,0xff,0xff,0xff,0x7f,0x00,0x00,0x00,0x00,
0x7f,0xff,0xbf,0x40,0x00,0x00,0x00,0x00,0x00,0x00,
0x7f,0xff,0xbf,0x40,0x00,0x7f,0xff,0xbf,0x40,0x00,
0x00,0x00,0x00,0x00,0x00,0x7f,0xff,0xbf,0x40,0x00,
0x00,0x00,0x00,0x00,0x00,0x00,0x00,0x00,0x00,0x00,
0x00,0x00,0x7f,0xff,0xbf,0x40,0x00,0x7f,0xff,0xbf,
0x40,0x00,0x00,0x00,0x40,0xbf,0xff,0x7f,0x00,0x00,
0x00,0x00,0x7f,0xff,0xbf,0x40,0x00,0x7f,0xff,0xbf,
0x40,0x00,0x00,0x00,0x40,0xbf,0xff,0x7f,0x00,0x00,
0x00,0x00,0x7f,0xff,0xbf,0x40,0x00,0x00,0x00,0x00,
0x00,0x00,0x00,0x00,0x7f,0xff,0xbf,0x40,0x00,0x00,
0x00,0x40,0xbf,0xff,0x7f,0x00,0x7f,0xff,0xbf,0x40,
0x00,0x00,0x00,0x40,0xbf,0xff,0x7f,0x00,0x40,0xbf,
0xff,0x7f,0x00,0x00,0x00,0x00,0x7f,0xff,0xbf,0x40,
0x00,0x00,0x00,0x40,0xbf,0xff,0x7f,0x00,0x00,0x00,
0x00,0x00,0x00,0x00,0x00,0x00,0x00,0x00,0x7f,0xff,
0xbf,0x40,0x00,0x7f,0xff,0xbf,0x40,0x00,0x00,0x00,
0x40,0xbf,0xff,0x7f,0x00,0x00,0x00,0x00,0x00,0x00,
0x40,0xbf,0xff,0x7f,0x00,0x00,0x7f,0xff,0xbf,0x40,
0x00,0x00,0x00,0x00,0x00,0x00,0x00,0x00,0x00,0x00,
0x00,0x5f,0xbf,0x9f,0x60,0x40,0x40,0x40,0x40,0x40,
0x40,0x7f,0xbf,0x8f,0x30,0x00,0x00,0x00,0x00,0x00,
0x00,0x7f,0xff,0xbf,0x40,0x00,0x00,0x00,0x00,0x00,
0x00,0x00,0x00,0x00,0x00,0x00,0x7f,0xff,0xbf,0x40,
0x00,0x00,0x00,0x00,0x00,0x00,0x00,0x00,0x30,0x8f,
0xbf,0xbf,0xbf,0xcf,0xef,0xff,0xdf,0xbf,0xbf,0xbf,
0xbf,0x5f,0x00,0x00,0x00,0x00,0x7f,0xff,0xbf,0x40,
0x00,0x00,0x00,0x00,0x00,0x00,0x5f,0xbf,0x8f,0x30,
0x00,0x7f,0xff,0xcf,0x6f,0x40,0x40,0x40,0x40,0x40,
0x40,0x9f,0xff,0xcf,0x6f,0x40,0x20,0x00,0x00,0x00,
0x00,0x00,0x00,0x00,0x00,0x00,0x00,0x00,0x7f,0xff,
0xbf,0x40,0x00,0x7f,0xff,0xcf,0x6f,0x40,0x40,0x40,
0x6f,0xcf,0xff,0x9f,0x40,0x40,0x40,0x40,0x9f,0xff,
0xbf,0x40,0x00,0x7f,0xff,0xcf,0x6f,0x40,0x40,0x40,
0x6f,0xcf,0xff,0x9f,0x40,0x40,0x40,0x40,0x9f,0xff,
0xcf,0x6f,0x40,0x20,0x00,0x00,0x00,0x00,0x00,0x00,
0x7f,0xff,0xcf,0x6f,0x40,0x40,0x40,0x60,0x9f,0xbf,
0x5f,0x00,0x7f,0xff,0xcf,0x6f,0x40,0x40,0x40,0x60,
0x9f,0xbf,0x7f,0x40,0x6f,0xcf,0xff,0x9f,0x40,0x30,
0x10,0x00,0x7f,0xff,0xcf,0x6f,0x40,0x40,0x40,0x60,
0x9f,0xbf,0x5f,0x00,0x20,0x40,0x40,0x40,0x40,0x40,
0x40,0x40,0x40,0x40,0x7f,0xbf,0x8f,0x30,0x00,0x7f,
0xff,0xbf,0x40,0x00,0x00,0x00,0x30,0x8f,0xbf,0x7f,
0x40,0x40,0x40,0x40,0x40,0x40,0x60,0x9f,0xbf,0x5f,
0x00,0x00,0x7f,0xff,0xbf,0x40,0x00,0x00,0x00,0x00,
0x00,0x00,0x00,0x00,0x00,0x00,0x00,0x20,0x40,0x60,
0x9f,0xbf,0xbf,0xbf,0xbf,0xbf,0xbf,0x7f,0x40,0x30,
0x10,0x00,0x00,0x00,0x00,0x00,0x00,0x7f,0xff,0xbf,
0x40,0x00,0x00,0x00,0x00,0x00,0x00,0x00,0x00,0x00,
0x00,0x00,0x7f,0xff,0xbf,0x40,0x00,0x00,0x00,0x00,
0x00,0x00,0x00,0x00,0x10,0x30,0x40,0x40,0x40,0x6f,
0xcf,0xff,0x9f,0x40,0x40,0x40,0x40,0x20,0x00,0x00,
0x00,0x00,0x7f,0xff,0xbf,0x40,0x00,0x00,0x00,0x00,
0x00,0x00,0x20,0x40,0x30,0x10,0x00,0x7f,0xff,0xef,
0xcf,0xbf,0xbf,0xbf,0xbf,0xbf,0xbf,0xdf,0xff,0xef,
0xcf,0xbf,0x5f,0x00,0x00,0x00,0x00,0x00,0x00,0x00,
0x00,0x00,0x00,0x00,0x7f,0xff,0xbf,0x40,0x00,0x7f,
0xff,0xef,0xcf,0xbf,0xbf,0xbf,0xcf,0xef,0xff,0xdf,
0xbf,0xbf,0xbf,0xbf,0xdf,0xff,0xbf,0x40,0x00,0x7f,
0xff,0xef,0xcf,0xbf,0xbf,0xbf,0xcf,0xef,0xff,0xdf,
0xbf,0xbf,0xbf,0xbf,0xdf,0xff,0xef,0xcf,0xbf,0x5f,
0x00,0x00,0x00,0x00,0x00,0x00,0x7f,0xff,0xef,0xcf,
0xbf,0xbf,0xbf,0x9f,0x60,0x40,0x20,0x00,0x7f,0xff,
0xef,0xcf,0xbf,0xbf,0xbf,0x9f,0x60,0x40,0x7f,0xbf,
0xcf,0xef,0xff,0xdf,0xbf,0x8f,0x30,0x00,0x7f,0xff,
0xef,0xcf,0xbf,0xbf,0xbf,0x9f,0x60,0x40,0x20,0x00,
0x5f,0xbf,0xbf,0xbf,0xbf,0xbf,0xbf,0xbf,0xbf,0xbf,
0x7f,0x40,0x30,0x10,0x00,0x7f,0xff,0xbf,0x40,0x00,
0x00,0x00,0x10,0x30,0x40,0x7f,0xbf,0xbf,0xbf,0xbf,
0xbf,0xbf,0x9f,0x60,0x40,0x20,0x00,0x00,0x7f,0xff,
0xbf,0x40,0x00,0x00,0x00,0x00,0x00,0x00,0x00,0x00,
0x00,0x00,0x00,0x00,0x00,0x40,0xbf,0xff,0xff,0xff,
0xff,0xff,0xff,0x7f,0x00,0x00,0x00,0x00,0x00,0x00,
0x00,0x00,0x00,0x7f,0xff,0xbf,0x40,0x00,0x00,0x00,
0x00,0x00,0x00,0x00,0x00,0x00,0x00,0x00,0x7f,0xff,
0xbf,0x40,0x00,0x00,0x00,0x00,0x00,0x00,0x00,0x00,
0x00,0x00,0x00,0x00,0x00,0x40,0xbf,0xff,0x7f,0x00,
0x00,0x00,0x00,0x00,0x00,0x00,0x00,0x00,0x7f,0xff,
0xbf,0x40,0x00,0x00,0x00,0x00,0x00,0x00,0x00,0x00,
0x00,0x00,0x00,0x7f,0xff,0xff,0xff,0xff,0xff,0xff,
0xff,0xff,0xff,0xff,0xff,0xff,0xff,0xff,0x7f,0x00,
0x00,0x00,0x00,0x00,0x00,0x00,0x00,0x00,0x00,0x00,
0x7f,0xff,0xbf,0x40,0x00,0x7f,0xff,0xff,0xff,0xff,
0xff,0xff,0xff,0xff,0xff,0xff,0xff,0xff,0xff,0xff,
0xff,0xff,0xbf,0x40,0x00,0x7f,0xff,0xff,0xff,0xff,
0xff,0xff,0xff,0xff,0xff,0xff,0xff,0xff,0xff,0xff,
0xff,0xff,0xff,0xff,0xff,0x7f,0x00,0x00,0x00,0x00,
0x00,0x00,0x7f,0xff,0xff,0xff,0xff,0xff,0xff,0xbf,
0x40,0x00,0x00,0x00,0x7f,0xff,0xff,0xff,0xff,0xff,
0xff,0xbf,0x40,0x00,0x7f,0xff,0xff,0xff,0xff,0xff,
0xff,0xbf,0x40,0x00,0x7f,0xff,0xff,0xff,0xff,0xff,
0xff,0xbf,0x40,0x00,0x00,0x00,0x7f,0xff,0xff,0xff,
0xff,0xff,0xff,0xff,0xff,0xff,0x7f,0x00,0x00,0x00,
0x00,0x7f,0xff,0xbf,0x40,0x00,0x00,0x00,0x00,0x00,
0x00,0x7f,0xff,0xff,0xff,0xff,0xff,0xff,0xbf,0x40,
0x00,0x00,0x00,0x00,0x3f,0x7f,0x5f,0x20,0x00,0x00,
0x00,0x00,0x00,0x00,0x00,0x00,0x00,0x00,0x00,0x00,
0x00,0x20,0x5f,0x7f,0x7f,0x7f,0x7f,0x7f,0x7f,0x3f,
0x00,0x00,0x00,0x00,0x00,0x00,0x00,0x00,0x00,0x3f,
0x7f,0x5f,0x20,0x00,0x00,0x00,0x00,0x00,0x00,0x00,
0x00,0x00,0x00,0x00,0x3f,0x7f,0x5f,0x20,0x00,0x00,
0x00,0x00,0x00,0x00,0x00,0x00,0x00,0x00,0x00,0x00,
0x00,0x20,0x5f,0x7f,0x3f,0x00,0x00,0x00,0x00,0x00,
0x00,0x00,0x00,0x00,0x3f,0x7f,0x5f,0x20,0x00,0x00,
0x00,0x00,0x00,0x00,0x00,0x00,0x00,0x00,0x00,0x3f,
0x7f,0x7f,0x7f,0x7f,0x7f,0x7f,0x7f,0x7f,0x7f,0x7f,
0x7f,0x9f,0xdf,0xff,0x7f,0x00,0x00,0x00,0x00,0x00,
0x00,0x00,0x00,0x00,0x00,0x00,0x3f,0x7f,0x5f,0x20,
0x00,0x3f,0x7f,0x7f,0x7f,0x7f,0x7f,0x7f,0x7f,0x7f,
0x7f,0x7f,0x7f,0x7f,0x7f,0x7f,0x7f,0x7f,0x5f,0x20,
0x00,0x3f,0x7f,0x7f,0x7f,0x7f,0x7f,0x7f,0x7f,0x7f,
0x7f,0x7f,0x7f,0x7f,0x7f,0x7f,0x7f,0x7f,0x9f,0xdf,
0xff,0x7f,0x00,0x00,0x00,0x00,0x00,0x00,0x3f,0x7f,
0x7f,0x7f,0x7f,0x7f,0x7f,0x5f,0x20,0x00,0x00,0x00,
0x3f,0x7f,0x7f,0x7f,0x7f,0x7f,0x7f,0x5f,0x20,0x00,
0x3f,0x7f,0x7f,0x7f,0x7f,0x7f,0x7f,0x5f,0x20,0x00,
0x3f,0x7f,0x7f,0x7f,0x7f,0x7f,0x7f,0x5f,0x20,0x00,
0x00,0x00,0x3f,0x7f,0x7f,0x7f,0x7f,0x7f,0x7f,0x7f,
0x7f,0x7f,0x3f,0x00,0x00,0x00,0x00,0x3f,0x7f,0x5f,
0x20,0x00,0x00,0x00,0x00,0x00,0x00,0x3f,0x7f,0x7f,
0x7f,0x7f,0x7f,0x7f,0x5f,0x20,0x00,0x00,0x00,0x00,
0x00,0x00,0x00,0x00,0x00,0x00,0x00,0x00,0x00,0x00,
0x00,0x00,0x00,0x00,0x00,0x00,0x00,0x00,0x00,0x00,
0x00,0x00,0x00,0x00,0x00,0x00,0x00,0x00,0x00,0x00,
0x00,0x00,0x00,0x00,0x00,0x00,0x00,0x00,0x00,0x00,
0x00,0x00,0x00,0x00,0x00,0x00,0x00,0x00,0x00,0x00,
0x00,0x00,0x00,0x00,0x00,0x00,0x00,0x00,0x00,0x00,
0x00,0x00,0x00,0x00,0x00,0x00,0x00,0x00,0x00,0x00,
0x00,0x00,0x00,0x00,0x00,0x00,0x00,0x00,0x00,0x00,
0x00,0x00,0x00,0x00,0x00,0x00,0x00,0x00,0x00,0x00,
0x00,0x00,0x00,0x00,0x00,0x00,0x00,0x00,0x00,0x00,
0x00,0x00,0x00,0x00,0x00,0x00,0x00,0x40,0xbf,0xff,
0x7f,0x00,0x00,0x00,0x00,0x00,0x00,0x00,0x00,0x00,
0x00,0x00,0x00,0x00,0x00,0x00,0x00,0x00,0x00,0x00,
0x00,0x00,0x00,0x00,0x00,0x00,0x00,0x00,0x00,0x00,
0x00,0x00,0x00,0x00,0x00,0x00,0x00,0x00,0x00,0x00,
0x00,0x00,0x00,0x00,0x00,0x00,0x00,0x00,0x00,0x00,
0x00,0x00,0x00,0x00,0x40,0xbf,0xff,0x7f,0x00,0x00,
0x00,0x00,0x00,0x00,0x00,0x00,0x00,0x00,0x00,0x00,
0x00,0x00,0x00,0x00,0x00,0x00,0x00,0x00,0x00,0x00,
0x00,0x00,0x00,0x00,0x00,0x00,0x00,0x00,0x00,0x00,
0x00,0x00,0x00,0x00,0x00,0x00,0x00,0x00,0x00,0x00,
0x00,0x00,0x00,0x00,0x00,0x00,0x00,0x00,0x00,0x00,
0x00,0x00,0x00,0x00,0x00,0x00,0x00,0x00,0x00,0x00,
0x00,0x00,0x00,0x00,0x00,0x00,0x00,0x00,0x00,0x00,
0x00,0x00,0x00,0x00,0x00,0x00,0x00,0x00,0x00,0x00,
0x00,0x00,0x00,0x00,0x00,0x00,0x00,0x00,0x00,0x00,
0x00,0x00,0x00,0x00,0x00,0x00,0x00,0x00,0x00,0x00,
0x00,0x00,0x00,0x00,0x00,0x00,0x00,0x00,0x00,0x00,
0x00,0x00,0x00,0x00,0x00,0x00,0x00,0x00,0x00,0x00,
0x00,0x00,0x00,0x00,0x00,0x00,0x00,0x00,0x00,0x00,
0x00,0x00,0x00,0x00,0x00,0x00,0x00,0x00,0x00,0x00,
0x00,0x00,0x00,0x00,0x00,0x00,0x00,0x00,0x00,0x00,
0x00,0x00,0x00,0x00,0x00,0x00,0x00,0x00,0x00,0x00,
0x00,0x00,0x00,0x00,0x00,0x00,0x00,0x00,0x00,0x00,
0x00,0x00,0x00,0x00,0x00,0x00,0x00,0x00,0x00,0x00,
0x00,0x00,0x00,0x00,0x00,0x00,0x00,0x00,0x00,0x00,
0x00,0x00,0x00,0x30,0x8f,0xbf,0x5f,0x00,0x00,0x00,
0x00,0x00,0x00,0x00,0x00,0x00,0x00,0x00,0x00,0x00,
0x00,0x00,0x00,0x00,0x00,0x00,0x00,0x00,0x00,0x00,
0x00,0x00,0x00,0x00,0x00,0x00,0x00,0x00,0x00,0x00,
0x00,0x00,0x00,0x00,0x00,0x00,0x00,0x00,0x00,0x00,
0x00,0x00,0x00,0x00,0x00,0x00,0x00,0x00,0x00,0x00,
0x30,0x8f,0xbf,0x5f,0x00,0x00,0x00,0x00,0x00,0x00,
0x00,0x00,0x00,0x00,0x00,0x00,0x00,0x00,0x00,0x00,
0x00,0x00,0x00,0x00,0x00,0x00,0x00,0x00,0x00,0x00,
0x00,0x00,0x00,0x00,0x00,0x00,0x00,0x00,0x00,0x00,
0x00,0x00,0x00,0x00,0x00,0x00,0x00,0x00,0x00,0x00,
0x00,0x00,0x00,0x00,0x00,0x00,0x00,0x00,0x00,0x00,
0x00,0x00,0x00,0x00,0x00,0x00,0x00,0x00,0x00,0x00,
0x00,0x00,0x00,0x00,0x00,0x00,0x00,0x00,0x00,0x00,
0x00,0x00,0x00,0x00,0x00,0x00,0x00,0x00,0x00,0x00,
0x00,0x00,0x00,0x00,0x00,0x00,0x00,0x00,0x00,0x00,
0x00,0x00,0x00,0x00,0x00,0x00,0x00,0x00,0x00,0x00,
0x00,0x00,0x00,0x00,0x00,0x00,0x00,0x00,0x00,0x00,
0x00,0x00,0x00,0x00,0x00,0x00,0x00,0x00,0x00,0x00,
0x00,0x00,0x00,0x00,0x00,0x00,0x00,0x00,0x00,0x00,
0x00,0x00,0x00,0x00,0x00,0x00,0x00,0x00,0x00,0x00,
0x00,0x00,0x00,0x00,0x00,0x00,0x00,0x00,0x00,0x00,
0x00,0x00,0x00,0x00,0x00,0x00,0x00,0x00,0x00,0x00,
0x00,0x00,0x00,0x00,0x00,0x00,0x00,0x00,0x00,0x00,
0x00,0x00,0x00,0x00,0x00,0x00,0x00,0x00,0x00,0x00,
0x00,0x00,0x00,0x00,0x00,0x00,0x00,0x00,0x00,0x10,
0x30,0x40,0x20,0x00,0x00,0x00,0x00,0x00,0x00,0x00,
0x00,0x00,0x00,0x00,0x00,0x00,0x00,0x00,0x00,0x00,
0x00,0x00,0x00,0x00,0x00,0x00,0x00,0x00,0x00,0x00,
0x00,0x00,0x00,0x00,0x00,0x00,0x00,0x00,0x00,0x00,
0x00,0x00,0x00,0x00,0x00,0x00,0x00,0x00,0x00,0x00,
0x00,0x00,0x00,0x00,0x00,0x00,0x10,0x30,0x40,0x20,
0x00,0x00,0x00,0x00,0x00,0x00,0x00,0x00,0x00,0x00,
0x00,0x00,0x00,0x00,0x00,0x00,0x00,0x00,0x00,0x00,
0x00,0x00,0x00,0x00,0x00,0x00,0x00,0x00,0x00,0x00,
0x00,0x00,0x00,0x00,0x00,0x00,0x00,0x00,0x00,0x00,
0x00,0x00,0x00,0x00,0x00,0x00,0x00,0x00,0x00,0x00,
0x00,0x00,0x00,0x00,0x00,0x00,0x00,0x00,0x00,0x00,
0x00,0x00,0x00,0x00,0x00,0x00,0x00,0x00,0x00,0x00,
0x00,0x00,0x00,0x00,0x00,0x00,0x00,0x00,0x00,0x00,
0x00,0x00,0x00,0x00,0x00,0x00,0x00,0x00,0x00,0x00,
0x00,0x00,0x00,0x00,0x00,0x00,0x00,0x00,0x00,0x00,
0x00,0x00,0x00,0x00,0x00,0x00,0x00,0x00,0x00,0x00,
0x00,0x00,0x00,0x00,0x00,0x00,0x00,0x00,0x00,0x00,
0x00,0x00,0x00,0x00,0x00,0x00,0x00,0x00,0x00,0x00,
0x00,0x00,0x00,0x00,0x00,0x00,0x00,0x00,0x00,0x00,
0x00,0x00,0x00,0x00,0x00,0x00,0x00,0x00,0x00,0x00,
0x00,0x00,0x00,0x00,0x00,0x00,0x00,0x00,0x00,0x00,
0x00,0x00,0x00,0x00,0x00,0x00,0x00,0x00,0x00,0x00,
0x00,0x00,0x00,0x00,0x00,0x00,0x00,0x00,0x00,0x00,
0x00,0x00,0x00,0x00,0x00,0x00,0x00,0x00,0x00,0x00,
0x00,0x00,0x00,0x00,0x00,0x00,0x00,0x00,0x00,0x00,
0x00,0x00,0x00,0x00,0x00,0x00,0x00,0x00,0x00,0x00,
0x00,0x00,0x00,0x00,0x00,0x00,0x00,0x00,0x00,0x00,
0x00,0x00,0x00,0x00,0x00,0x00,0x00,0x00,0x00,0x00,
0x00,0x00,0x00,0x00,0x00,0x00,0x00,0x00,0x00,0x00,
0x00,0x00,0x00,0x00,0x00,0x00,0x00,0x00,0x00,0x00,
0x00,0x00,0x00,0x00,0x00,0x00,0x00,0x00,0x00,0x00,
0x00,0x00,0x00,0x00,0x00,0x00,0x00,0x00,0x00,0x00,
0x00,0x00,0x00,0x00,0x00,0x00,0x00,0x00,0x00,0x00,
0x00,0x00,0x00,0x00,0x00,0x00,0x00,0x00,0x00,0x00,
0x00,0x00,0x00,0x00,0x00,0x00,0x00,0x00,0x00,0x00,
0x00,0x00,0x00,0x00,0x00,0x00,0x00,0x00,0x00,0x00,
0x00,0x00,0x00,0x00,0x00,0x00,0x00,0x00,0x00,0x00,
0x00,0x00,0x00,0x00,0x00,0x00,0x00,0x00,0x00,0x00,
0x00,0x00,0x00,0x00,0x00,0x00,0x00,0x00,0x00,0x00,
0x00,0x00,0x00,0x00,0x00,0x00,0x10,0x30,0x40,0x40,
0x40,0x40,0x40,0x40,0x40,0x40,0x30,0x10,0x00,0x00,
0x00,0x20,0x5f,0x7f,0x7f,0x7f,0x5f,0x20,0x00,0x00,
0x00,0x00,0x00,0x10,0x30,0x40,0x40,0x40,0x40,0x40,
0x40,0x20,0x00,0x3f,0x7f,0x7f,0x7f,0x7f,0x7f,0x7f,
0x5f,0x20,0x00,0x00,0x00,0x3f,0x7f,0x7f,0x7f,0x7f,
0x7f,0x7f,0x7f,0x7f,0x7f,0x3f,0x00,0x00,0x00,0x00,
0x00,0x00,0x3f,0x7f,0x7f,0x7f,0x7f,0x7f,0x7f,0x7f,
0x7f,0x7f,0x3f,0x00,0x00,0x00,0x20,0x5f,0x7f,0x7f,
0x7f,0x5f,0x20,0x00,0x00,0x00,0x3f,0x7f,0x5f,0x20,
0x00,0x3f,0x7f,0x5f,0x20,0x00,0x3f,0x7f,0x5f,0x20,
0x00,0x00,0x00,0x20,0x5f,0x7f,0x7f,0x7f,0x5f,0x20,
0x00,0x00,0x00,0x3f,0x7f,0x5f,0x20,0x00,0x00,0x00,
0x20,0x5f,0x7f,0x3f,0x00,0x20,0x40,0x30,0x10,0x00,
0x00,0x00,0x10,0x30,0x40,0x20,0x00,0x3f,0x7f,0x5f,
0x20,0x00,0x00,0x00,0x20,0x5f,0x7f,0x3f,0x00,0x00,
0x00,0x00,0x00,0x00,0x3f,0x7f,0x7f,0x7f,0x7f,0x7f,
0x7f,0x7f,0x7f,0x7f,0x3f,0x00,0x3f,0x7f,0x5f,0x20,
0x00,0x3f,0x7f,0x5f,0x20,0x00,0x00,0x00,0x20,0x5f,
0x7f,0x3f,0x00,0x00,0x00,0x00,0x3f,0x7f,0x5f,0x20,
0x00,0x00,0x00,0x20,0x5f,0x7f,0x3f,0x00,0x00,0x00,
0x20,0x5f,0x7f,0x7f,0x7f,0x5f,0x20,0x00,0x00,0x00,
0x3f,0x7f,0x7f,0x7f,0x7f,0x7f,0x7f,0x7f,0x7f,0x7f,
0x3f,0x00,0x3f,0x7f,0x7f,0x7f,0x7f,0x7f,0x7f,0x5f,
0x20,0x00,0x00,0x00,0x00,0x00,0x20,0x5f,0x7f,0x7f,
0x7f,0x5f,0x20,0x00,0x00,0x00,0x00,0x00,0x00,0x00,
0x00,0x00,0x30,0x8f,0xbf,0xbf,0xbf,0xbf,0xbf,0xbf,
0xbf,0xbf,0x8f,0x30,0x00,0x00,0x00,0x40,0xbf,0xff,
0xff,0xff,0xbf,0x40,0x00,0x00,0x00,0x00,0x00,0x30,
0x8f,0xbf,0xbf,0xbf,0xbf,0xbf,0xbf,0x5f,0x00,0x7f,
0xff,0xff,0xff,0xff,0xff,0xff,0xbf,0x40,0x00,0x00,
0x00,0x7f,0xff,0xff,0xff,0xff,0xff,0xff,0xff,0xff,
0xff,0x7f,0x00,0x00,0x00,0x00,0x00,0x00,0x7f,0xff,
0xff,0xff,0xff,0xff,0xff,0xff,0xff,0xff,0x7f,0x00,
0x00,0x00,0x40,0xbf,0xff,0xff,0xff,0xbf,0x40,0x00,
0x00,0x00,0x7f,0xff,0xbf,0x40,0x00,0x7f,0xff,0xbf,
0x40,0x00,0x7f,0xff,0xbf,0x40,0x00,0x00,0x00,0x40,
0xbf,0xff,0xff,0xff,0xbf,0x40,0x00,0x00,0x00,0x7f,
0xff,0xbf,0x40,0x00,0x00,0x00,0x40,0xbf,0xff,0x7f,
0x00,0x5f,0xbf,0x8f,0x30,0x00,0x00,0x00,0x30,0x8f,
0xbf,0x5f,0x00,0x7f,0xff,0xbf,0x40,0x00,0x00,0x00,
0x40,0xbf,0xff,0x7f,0x00,0x00,0x00,0x00,0x00,0x00,
0x7f,0xff,0xff,0xff,0xff,0xff,0xff,0xff,0xff,0xff,
0x7f,0x00,0x7f,0xff,0xbf,0x40,0x00,0x7f,0xff,0xbf,
0x40,0x00,0x00,0x00,0x40,0xbf,0xff,0x7f,0x00,0x00,
0x00,0x00,0x7f,0xff,0xbf,0x40,0x00,0x00,0x00,0x40,
0xbf,0xff,0x7f,0x00,0x00,0x00,0x40,0xbf,0xff,0xff,
0xff,0xbf,0x40,0x00,0x00,0x00,0x7f,0xff,0xff,0xff,
0xff,0xff,0xff,0xff,0xff,0xff,0x7f,0x00,0x7f,0xff,
0xff,0xff,0xff,0xff,0xff,0xbf,0x40,0x00,0x00,0x00,
0x00,0x00,0x40,0xbf,0xff,0xff,0xff,0xbf,0x40,0x00,
0x00,0x00,0x00,0x00,0x00,0x00,0x00,0x00,0x40,0xbf,
0xff,0xff,0xff,0xff,0xff,0xff,0xff,0xff,0xbf,0x40,
0x00,0x00,0x00,0x30,0x8f,0xbf,0xbf,0xbf,0x9f,0x60,
0x40,0x20,0x00,0x00,0x00,0x40,0xbf,0xff,0xff,0xff,
0xff,0xff,0xff,0x7f,0x00,0x7f,0xff,0xef,0xcf,0xbf,
0xbf,0xbf,0x9f,0x60,0x40,0x20,0x00,0x7f,0xff,0xef,
0xcf,0xbf,0xbf,0xbf,0xbf,0xbf,0xbf,0x5f,0x00,0x00,
0x00,0x00,0x00,0x00,0x7f,0xff,0xef,0xcf,0xbf,0xbf,
0xbf,0xcf,0xef,0xff,0x7f,0x00,0x20,0x40,0x60,0x9f,
0xbf,0xbf,0xbf,0x9f,0x60,0x40,0x20,0x00,0x7f,0xff,
0xbf,0x40,0x00,0x7f,0xff,0xbf,0x40,0x00,0x7f,0xff,
0xbf,0x40,0x00,0x20,0x40,0x60,0x9f,0xbf,0xbf,0xbf,
0x9f,0x60,0x40,0x20,0x00,0x7f,0xff,0xbf,0x40,0x00,
0x20,0x40,0x6f,0xcf,0xff,0x7f,0x00,0x7f,0xff,0xbf,
0x40,0x00,0x00,0x00,0x40,0xbf,0xff,0x7f,0x00,0x7f,
0xff,0xbf,0x40,0x00,0x20,0x40,0x60,0x9f,0xbf,0x5f,
0x00,0x00,0x00,0x00,0x00,0x00,0x7f,0xff,0xef,0xcf,
0xbf,0xbf,0xbf,0xcf,0xef,0xff,0x7f,0x00,0x7f,0xff,
0xcf,0x6f,0x40,0x7f,0xbf,0x9f,0x60,0x40,0x40,0x40,
0x60,0x9f,0xbf,0x7f,0x40,0x30,0x10,0x00,0x7f,0xff,
0xbf,0x40,0x00,0x00,0x00,0x40,0xbf,0xff,0x7f,0x00,
0x20,0x40,0x60,0x9f,0xbf,0xbf,0xbf,0x9f,0x60,0x40,
0x20,0x00,0x7f,0xff,0xef,0xcf,0xbf,0xbf,0xbf,0xcf,
0xef,0xff,0x7f,0x00,0x7f,0xff,0xef,0xcf,0xbf,0xbf,
0xbf,0x9f,0x60,0x40,0x20,0x00,0x20,0x40,0x60,0x9f,
0xbf,0xbf,0xbf,0x9f,0x60,0x40,0x20,0x00,0x00,0x00,
0x00,0x00,0x3f,0x7f,0x7f,0x7f,0x7f,0x7f,0x7f,0x7f,
0x7f,0x7f,0xbf,0xff,0xbf,0x40,0x00,0x00,0x00,0x10,
0x30,0x40,0x40,0x40,0x60,0x9f,0xbf,0x5f,0x00,0x3f,
0x7f,0x7f,0x7f,0x7f,0x7f,0x7f,0x7f,0x7f,0x7f,0x3f,
0x00,0x7f,0xff,0xcf,0x6f,0x40,0x40,0x40,0x60,0x9f,
0xbf,0x5f,0x00,0x7f,0xff,0xcf,0x6f,0x40,0x40,0x40,
0x40,0x40,0x40,0x20,0x00,0x00,0x00,0x00,0x00,0x00,
0x7f,0xff,0xcf,0x6f,0x40,0x40,0x40,0x6f,0xcf,0xff,
0x7f,0x00,0x5f,0xbf,0x9f,0x60,0x40,0x40,0x40,0x60,
0x9f,0xbf,0x5f,0x00,0x7f,0xff,0xbf,0x40,0x00,0x7f,
0xff,0xbf,0x40,0x00,0x7f,0xff,0xbf,0x40,0x00,0x5f,
0xbf,0x9f,0x60,0x40,0x40,0x40,0x60,0x9f,0xbf,0x5f,
0x00,0x7f,0xff,0xbf,0x40,0x00,0x5f,0xbf,0xcf,0xef,
0xff,0x7f,0x00,0x3f,0x7f,0x7f,0x7f,0x7f,0x7f,0x7f,
0x7f,0x7f,0x7f,0x3f,0x00,0x7f,0xff,0xbf,0x40,0x00,
0x5f,0xbf,0x9f,0x60,0x40,0x20,0x00,0x00,0x00,0x00,
0x00,0x00,0x7f,0xff,0xcf,0x6f,0x40,0x40,0x40,0x6f,
0xcf,0xff,0x7f,0x00,0x7f,0xff,0xef,0xcf,0xbf,0x7f,
0x40,0x60,0x9f,0xbf,0xbf,0xbf,0x9f,0x60,0x40,0x7f,
0xbf,0x8f,0x30,0x00,0x7f,0xff,0xbf,0x40,0x00,0x00,
0x00,0x40,0xbf,0xff,0x7f,0x00,0x5f,0xbf,0x9f,0x60,
0x40,0x40,0x40,0x60,0x9f,0xbf,0x5f,0x00,0x7f,0xff,
0xcf,0x6f,0x40,0x40,0x40,0x6f,0xcf,0xff,0x7f,0x00,
0x7f,0xff,0xcf,0x6f,0x40,0x40,0x40,0x60,0x9f,0xbf,
0x5f,0x00,0x5f,0xbf,0x9f,0x60,0x40,0x40,0x40,0x60,
0x9f,0xbf,0x5f,0x00,0x00,0x00,0x00,0x00,0x7f,0xff,
0xbf,0x40,0x00,0x00,0x00,0x00,0x00,0x00,0x7f,0xff,
0xbf,0x40,0x00,0x00,0x00,0x00,0x00,0x00,0x00,0x00,
0x40,0xbf,0xff,0x7f,0x00,0x7f,0xff,0xbf,0x40,0x00,
0x00,0x00,0x00,0x00,0x00,0x00,0x00,0x7f,0xff,0xbf,
0x40,0x00,0x00,0x00,0x40,0xbf,0xff,0x7f,0x00,0x7f,
0xff,0xbf,0x40,0x00,0x00,0x00,0x00,0x00,0x00,0x00,
0x00,0x00,0x00,0x00,0x00,0x00,0x7f,0xff,0xbf,0x40,
0x00,0x00,0x00,0x40,0xbf,0xff,0x7f,0x00,0x7f,0xff,
0xbf,0x40,0x00,0x00,0x00,0x40,0xbf,0xff,0x7f,0x00,
0x7f,0xff,0xbf,0x40,0x00,0x7f,0xff,0xbf,0x40,0x00,
0x7f,0xff,0xbf,0x40,0x00,0x7f,0xff,0xbf,0x40,0x00,
0x00,0x00,0x40,0xbf,0xff,0x7f,0x00,0x7f,0xff,0xbf,
0x40,0x00,0x7f,0xff,0xff,0xff,0xff,0x7f,0x00,0x00,
0x00,0x40,0xbf,0xff,0xff,0xff,0xbf,0x40,0x00,0x00,
0x00,0x7f,0xff,0xbf,0x40,0x00,0x7f,0xff,0xbf,0x40,
0x00,0x00,0x00,0x00,0x00,0x00,0x00,0x00,0x7f,0xff,
0xbf,0x40,0x00,0x00,0x00,0x40,0xbf,0xff,0x7f,0x00,
0x7f,0xff,0xff,0xff,0xff,0x7f,0x00,0x40,0xbf,0xff,
0xff,0xff,0xbf,0x40,0x00,0x7f,0xff,0xbf,0x40,0x00,
0x7f,0xff,0xbf,0x40,0x00,0x00,0x00,0x40,0xbf,0xff,
0x7f,0x00,0x7f,0xff,0xbf,0x40,0x00,0x00,0x00,0x40,
0xbf,0xff,0x7f,0x00,0x7f,0xff,0xbf,0x40,0x00,0x00,
0x00,0x40,0xbf,0xff,0x7f,0x00,0x7f,0xff,0xbf,0x40,
0x00,0x00,0x00,0x40,0xbf,0xff,0x7f,0x00,0x7f,0xff,
0xbf,0x40,0x00,0x00,0x00,0x40,0xbf,0xff,0x7f,0x00,
0x00,0x00,0x00,0x00,0x7f,0xff,0xbf,0x40,0x00,0x00,
0x00,0x00,0x00,0x00,0x7f,0xff,0xbf,0x40,0x00,0x00,
0x00,0x20,0x5f,0x7f,0x7f,0x7f,0x9f,0xdf,0xff,0x7f,
0x00,0x7f,0xff,0xbf,0x40,0x00,0x00,0x00,0x00,0x00,
0x00,0x00,0x00,0x7f,0xff,0xdf,0x9f,0x7f,0x7f,0x7f,
0x7f,0x7f,0x7f,0x3f,0x00,0x7f,0xff,0xbf,0x40,0x00,
0x00,0x00,0x00,0x00,0x00,0x00,0x00,0x00,0x00,0x00,
0x00,0x00,0x7f,0xff,0xbf,0x40,0x00,0x00,0x00,0x40,
0xbf,0xff,0x7f,0x00,0x7f,0xff,0xdf,0x9f,0x7f,0x7f,
0x7f,0x9f,0xdf,0xff,0x7f,0x00,0x3f,0x7f,0x7f,0x7f,
0x7f,0xbf,0xff,0xdf,0x9f,0x7f,0x7f,0x7f,0x5f,0x20,
0x00,0x3f,0x7f,0x5f,0x20,0x00,0x3f,0x7f,0x7f,0x7f,
0x7f,0x3f,0x00,0x7f,0xff,0xbf,0x40,0x00,0x7f,0xff,
0xff,0xff,0xff,0x7f,0x00,0x00,0x00,0x30,0x8f,0xbf,
0xbf,0xbf,0x8f,0x30,0x00,0x00,0x00,0x7f,0xff,0xdf,
0x9f,0x7f,0x7f,0x7f,0x5f,0x20,0x00,0x00,0x00,0x00,
0x00,0x00,0x00,0x00,0x7f,0xff,0xbf,0x40,0x00,0x00,
0x00,0x40,0xbf,0xff,0x7f,0x00,0x7f,0xff,0xdf,0x9f,
0x7f,0x3f,0x00,0x40,0xbf,0xff,0xbf,0x7f,0x5f,0x20,
0x00,0x7f,0xff,0xbf,0x40,0x00,0x7f,0xff,0xdf,0x9f,
0x7f,0x7f,0x7f,0x9f,0xdf,0xff,0x7f,0x00,0x7f,0xff,
0xbf,0x40,0x00,0x00,0x00,0x40,0xbf,0xff,0x7f,0x00,
0x7f,0xff,0xbf,0x40,0x00,0x00,0x00,0x40,0xbf,0xff,
0x7f,0x00,0x7f,0xff,0xbf,0x40,0x00,0x00,0x00,0x40,
0xbf,0xff,0x7f,0x00,0x7f,0xff,0xbf,0x40,0x00,0x00,
0x00,0x20,0x5f,0x7f,0x3f,0x00,0x00,0x00,0x00,0x00,
0x7f,0xff,0xbf,0x40,0x00,0x00,0x00,0x00,0x00,0x00,
0x7f,0xff,0xbf,0x40,0x00,0x00,0x00,0x40,0xbf,0xff,
0xff,0xff,0xff,0xff,0xff,0x7f,0x00,0x7f,0xff,0xbf,
0x40,0x00,0x00,0x00,0x00,0x00,0x00,0x00,0x00,0x7f,
0xff,0xff,0xff,0xff,0xff,0xff,0xbf,0x40,0x00,0x00,
0x00,0x7f,0xff,0xbf,0x40,0x00,0x00,0x00,0x00,0x00,
0x00,0x00,0x00,0x00,0x00,0x00,0x00,0x00,0x7f,0xff,
0xbf,0x40,0x00,0x00,0x00,0x40,0xbf,0xff,0x7f,0x00,
0x7f,0xff,0xff,0xff,0xff,0xff,0xff,0xff,0xff,0xff,
0x7f,0x00,0x00,0x00,0x40,0xbf,0xff,0xff,0xff,0xff,
0xff,0xff,0x7f,0x00,0x00,0x00,0x00,0x00,0x00,0x00,
0x00,0x00,0x7f,0xff,0xbf,0x40,0x00,0x00,0x00,0x7f,
0xff,0xbf,0x40,0x00,0x7f,0xff,0xff,0xff,0xff,0x7f,
0x00,0x00,0x00,0x10,0x30,0x40,0x40,0x40,0x30,0x10,
0x00,0x00,0x00,0x7f,0xff,0xff,0xff,0xff,0x7f,0x00,
0x00,0x00,0x00,0x00,0x00,0x00,0x00,0x00,0x00,0x00,
0x7f,0xff,0xbf,0x40,0x00,0x00,0x00,0x40,0xbf,0xff,
0x7f,0x00,0x7f,0xff,0xbf,0x40,0x00,0x00,0x00,0x40,
0xbf,0xff,0x7f,0x00,0x00,0x00,0x00,0x7f,0xff,0xbf,
0x40,0x00,0x7f,0xff,0xff,0xff,0xff,0xff,0xff,0xff,
0xff,0xff,0x7f,0x00,0x7f,0xff,0xbf,0x40,0x00,0x00,
0x00,0x40,0xbf,0xff,0x7f,0x00,0x7f,0xff,0xbf,0x40,
0x00,0x00,0x00,0x40,0xbf,0xff,0x7f,0x00,0x7f,0xff,
0xbf,0x40,0x00,0x00,0x00,0x40,0xbf,0xff,0x7f,0x00,
0x7f,0xff,0xbf,0x40,0x00,0x00,0x00,0x00,0x00,0x00,
0x00,0x00,0x00,0x00,0x00,0x00,0x7f,0xff,0xbf,0x40,
0x00,0x00,0x00,0x00,0x00,0x00,0x7f,0xff,0xbf,0x40,
0x00,0x20,0x40,0x60,0x9f,0xbf,0xbf,0xbf,0xcf,0xef,
0xff,0x7f,0x00,0x7f,0xff,0xbf,0x40,0x00,0x00,0x00,
0x00,0x00,0x00,0x00,0x00,0x7f,0xff,0xef,0xcf,0xbf,
0xbf,0xbf,0x9f,0x60,0x40,0x20,0x00,0x7f,0xff,0xbf,
0x40,0x00,0x00,0x00,0x00,0x00,0x00,0x00,0x00,0x00,
0x00,0x00,0x00,0x00,0x7f,0xff,0xbf,0x40,0x00,0x00,
0x00,0x40,0xbf,0xff,0x7f,0x00,0x7f,0xff,0xef,0xcf,
0xbf,0xbf,0xbf,0xbf,0xbf,0xbf,0x5f,0x00,0x20,0x40,
0x60,0x9f,0xbf,0xdf,0xff,0xef,0xcf,0xbf,0x7f,0x40,
0x30,0x10,0x00,0x00,0x00,0x00,0x00,0x00,0x5f,0xbf,
0x9f,0x60,0x40,0x20,0x00,0x7f,0xff,0xcf,0x6f,0x40,
0x7f,0xbf,0xcf,0xef,0xff,0x7f,0x00,0x00,0x00,0x00,
0x00,0x00,0x00,0x00,0x00,0x00,0x00,0x00,0x00,0x7f,
0xff,0xef,0xcf,0xbf,0x7f,0x40,0x30,0x10,0x00,0x00,
0x00,0x00,0x00,0x00,0x00,0x00,0x7f,0xff,0xbf,0x40,
0x00,0x00,0x00,0x40,0xbf,0xff,0x7f,0x00,0x7f,0xff,
0xbf,0x40,0x00,0x00,0x00,0x40,0xbf,0xff,0x7f,0x00,
0x00,0x00,0x00,0x7f,0xff,0xbf,0x40,0x00,0x7f,0xff,
0xef,0xcf,0xbf,0xbf,0xbf,0xcf,0xef,0xff,0x7f,0x00,
0x7f,0xff,0xbf,0x40,0x00,0x00,0x00,0x40,0xbf,0xff,
0x7f,0x00,0x7f,0xff,0xbf,0x40,0x00,0x00,0x00,0x40,
0xbf,0xff,0x7f,0x00,0x7f,0xff,0xbf,0x40,0x00,0x00,
0x00,0x40,0xbf,0xff,0x7f,0x00,0x7f,0xff,0xbf,0x40,
0x00,0x00,0x00,0x00,0x00,0x00,0x00,0x00,0x00,0x00,
0x00,0x00,0x7f,0xff,0xbf,0x40,0x00,0x00,0x00,0x00,
0x00,0x00,0x7f,0xff,0xbf,0x40,0x00,0x5f,0xbf,0x9f,
0x60,0x40,0x40,0x40,0x6f,0xcf,0xff,0x7f,0x00,0x7f,
0xff,0xdf,0x9f,0x7f,0x7f,0x7f,0x5f,0x20,0x00,0x00,
0x00,0x7f,0xff,0xcf,0x6f,0x40,0x40,0x40,0x60,0x9f,
0xbf,0x5f,0x00,0x7f,0xff,0xbf,0x40,0x00,0x00,0x00,
0x00,0x00,0x00,0x00,0x00,0x00,0x00,0x00,0x00,0x00,
0x7f,0xff,0xbf,0x40,0x00,0x00,0x00,0x40,0xbf,0xff,
0x7f,0x00,0x7f,0xff,0xcf,0x6f,0x40,0x40,0x40,0x40,
0x40,0x40,0x20,0x00,0x5f,0xbf,0x9f,0x60,0x40,0x9f,
0xff,0xcf,0x6f,0x40,0x7f,0xbf,0x8f,0x30,0x00,0x00,
0x00,0x00,0x00,0x00,0x20,0x40,0x60,0x9f,0xbf,0x5f,
0x00,0x7f,0xff,0xef,0xcf,0xbf,0x7f,0x40,0x6f,0xcf,
0xff,0x7f,0x00,0x3f,0x7f,0x5f,0x20,0x00,0x00,0x00,
0x20,0x5f,0x7f,0x3f,0x00,0x7f,0xff,0xcf,0x6f,0x40,
0x7f,0xbf,0x8f,0x30,0x00,0x00,0x00,0x00,0x00,0x00,
0x00,0x00,0x7f,0xff,0xbf,0x40,0x00,0x00,0x00,0x40,
0xbf,0xff,0x7f,0x00,0x7f,0xff,0xbf,0x40,0x00,0x00,
0x00,0x40,0xbf,0xff,0x7f,0x00,0x00,0x00,0x00,0x7f,
0xff,0xbf,0x40,0x00,0x7f,0xff,0xcf,0x6f,0x40,0x40,
0x40,0x6f,0xcf,0xff,0x7f,0x00,0x7f,0xff,0xbf,0x40,
0x00,0x00,0x00,0x40,0xbf,0xff,0x7f,0x00,0x7f,0xff,
0xbf,0x40,0x00,0x00,0x00,0x40,0xbf,0xff,0x7f,0x00,
0x7f,0xff,0xbf,0x40,0x00,0x00,0x00,0x40,0xbf,0xff,
0x7f,0x00,0x7f,0xff,0xbf,0x40,0x00,0x00,0x00,0x00,
0x00,0x00,0x00,0x00,0x00,0x00,0x00,0x00,0x7f,0xff,
0xbf,0x40,0x00,0x00,0x00,0x00,0x00,0x00,0x7f,0xff,
0xbf,0x40,0x00,0x7f,0xff,0xbf,0x40,0x00,0x00,0x00,
0x40,0xbf,0xff,0x7f,0x00,0x7f,0xff,0xff,0xff,0xff,
0xff,0xff,0xbf,0x40,0x00,0x00,0x00,0x7f,0xff,0xbf,
0x40,0x00,0x00,0x00,0x40,0xbf,0xff,0x7f,0x00,0x7f,
0xff,0xbf,0x40,0x00,0x00,0x00,0x00,0x00,0x00,0x00,
0x00,0x00,0x00,0x00,0x00,0x00,0x7f,0xff,0xbf,0x40,
0x00,0x00,0x00,0x40,0xbf,0xff,0x7f,0x00,0x7f,0xff,
0xbf,0x40,0x00,0x00,0x00,0x00,0x00,0x00,0x00,0x00,
0x7f,0xff,0xbf,0x40,0x00,0x7f,0xff,0xbf,0x40,0x00,
0x7f,0xff,0xbf,0x40,0x00,0x00,0x00,0x00,0x00,0x00,
0x00,0x00,0x40,0xbf,0xff,0x7f,0x00,0x7f,0xff,0xff,
0xff,0xff,0x7f,0x00,0x40,0xbf,0xff,0x7f,0x00,0x7f,
0xff,0xbf,0x40,0x00,0x00,0x00,0x40,0xbf,0xff,0x7f,
0x00,0x7f,0xff,0xbf,0x40,0x00,0x7f,0xff,0xbf,0x40,
0x00,0x00,0x00,0x00,0x00,0x00,0x00,0x00,0x7f,0xff,
0xbf,0x40,0x00,0x00,0x00,0x40,0xbf,0xff,0x7f,0x00,
0x7f,0xff,0xbf,0x40,0x00,0x00,0x00,0x40,0xbf,0xff,
0x7f,0x00,0x00,0x00,0x00,0x7f,0xff,0xbf,0x40,0x00,
0x7f,0xff,0xbf,0x40,0x00,0x00,0x00,0x40,0xbf,0xff,
0x7f,0x00,0x7f,0xff,0xbf,0x40,0x00,0x00,0x00,0x40,
0xbf,0xff,0x7f,0x00,0x7f,0xff,0xbf,0x40,0x00,0x00,
0x00,0x40,0xbf,0xff,0x7f,0x00,0x7f,0xff,0xbf,0x40,
0x00,0x00,0x00,0x40,0xbf,0xff,0x7f,0x00,0x7f,0xff,
0xbf,0x40,0x00,0x00,0x00,0x00,0x00,0x00,0x00,0x00,
0x00,0x00,0x00,0x00,0x5f,0xbf,0x9f,0x60,0x40,0x40,
0x40,0x40,0x40,0x40,0x9f,0xff,0xbf,0x40,0x00,0x7f,
0xff,0xbf,0x40,0x00,0x00,0x00,0x40,0xbf,0xff,0x7f,
0x00,0x7f,0xff,0xef,0xcf,0xbf,0xbf,0xbf,0x9f,0x60,
0x40,0x20,0x00,0x7f,0xff,0xbf,0x40,0x00,0x00,0x00,
0x40,0xbf,0xff,0x7f,0x00,0x7f,0xff,0xbf,0x40,0x00,
0x00,0x00,0x00,0x00,0x00,0x00,0x00,0x00,0x00,0x20,
0x5f,0x7f,0x7f,0x7f,0x5f,0x20,0x00,0x00,0x00,0x40,
0xbf,0xff,0x7f,0x00,0x7f,0xff,0xbf,0x40,0x00,0x00,
0x00,0x20,0x5f,0x7f,0x3f,0x00,0x7f,0xff,0xbf,0x40,
0x00,0x7f,0xff,0xbf,0x40,0x00,0x7f,0xff,0xbf,0x40,
0x00,0x3f,0x7f,0x5f,0x20,0x00,0x00,0x00,0x40,0xbf,
0xff,0x7f,0x00,0x7f,0xff,0xff,0xff,0xff,0x7f,0x00,
0x40,0xbf,0xff,0x7f,0x00,0x7f,0xff,0xbf,0x40,0x00,
0x20,0x40,0x6f,0xcf,0xff,0x7f,0x00,0x7f,0xff,0xbf,
0x40,0x00,0x3f,0x7f,0x7f,0x7f,0x7f,0x3f,0x00,0x00,
0x00,0x20,0x5f,0x7f,0x7f,0x7f,0x5f,0x20,0x00,0x00,
0x00,0x40,0xbf,0xff,0x7f,0x00,0x7f,0xff,0xbf,0x40,
0x00,0x00,0x00,0x40,0xbf,0xff,0x7f,0x00,0x00,0x00,
0x00,0x7f,0xff,0xbf,0x40,0x00,0x7f,0xff,0xbf,0x40,
0x00,0x00,0x00,0x40,0xbf,0xff,0x7f,0x00,0x7f,0xff,
0xbf,0x40,0x00,0x00,0x00,0x40,0xbf,0xff,0x7f,0x00,
0x7f,0xff,0xbf,0x40,0x00,0x00,0x00,0x40,0xbf,0xff,
0x7f,0x00,0x7f,0xff,0xdf,0x9f,0x7f,0x7f,0x7f,0x7f,
0x7f,0x7f,0x3f,0x00,0x7f,0xff,0xbf,0x40,0x00,0x00,
0x00,0x20,0x5f,0x7f,0x3f,0x00,0x00,0x00,0x00,0x00,
0x20,0x40,0x60,0x9f,0xbf,0xbf,0xbf,0xbf,0xbf,0xbf,
0xdf,0xff,0xbf,0x40,0x00,0x7f,0xff,0xbf,0x40,0x00,
0x00,0x00,0x40,0xbf,0xff,0x7f,0x00,0x7f,0xff,0xcf,
0x6f,0x40,0x40,0x40,0x60,0x9f,0xbf,0x5f,0x00,0x7f,
0xff,0xbf,0x40,0x00,0x00,0x00,0x40,0xbf,0xff,0x7f,
0x00,0x7f,0xff,0xbf,0x40,0x00,0x00,0x00,0x00,0x00,
0x00,0x00,0x00,0x00,0x00,0x40,0xbf,0xff,0x7f,0x00,
0x00,0x00,0x00,0x00,0x00,0x40,0xbf,0xff,0x7f,0x00,
0x7f,0xff,0xbf,0x40,0x00,0x00,0x00,0x40,0xbf,0xff,
0x7f,0x00,0x7f,0xff,0xbf,0x40,0x00,0x7f,0xff,0xbf,
0x40,0x00,0x7f,0xff,0xbf,0x40,0x00,0x7f,0xff,0xbf,
0x40,0x00,0x00,0x00,0x40,0xbf,0xff,0x7f,0x00,0x7f,
0xff,0xff,0xff,0xff,0x7f,0x00,0x40,0xbf,0xff,0x7f,
0x00,0x7f,0xff,0xbf,0x40,0x00,0x5f,0xbf,0xcf,0xef,
0xff,0x7f,0x00,0x7f,0xff,0xbf,0x40,0x00,0x00,0x00,
0x40,0xbf,0xff,0x7f,0x00,0x00,0x00,0x40,0xbf,0xff,
0x7f,0x00,0x00,0x00,0x00,0x00,0x00,0x40,0xbf,0xff,
0x7f,0x00,0x7f,0xff,0xbf,0x40,0x00,0x00,0x00,0x40,
0xbf,0xff,0x7f,0x00,0x00,0x00,0x00,0x7f,0xff,0xbf,
0x40,0x00,0x7f,0xff,0xbf,0x40,0x00,0x00,0x00,0x40,
0xbf,0xff,0x7f,0x00,0x7f,0xff,0xbf,0x40,0x00,0x00,
0x00,0x40,0xbf,0xff,0x7f,0x00,0x7f,0xff,0xbf,0x40,
0x00,0x00,0x00,0x40,0xbf,0xff,0x7f,0x00,0x7f,0xff,
0xff,0xff,0xff,0xff,0xff,0xbf,0x40,0x00,0x00,0x00,
0x7f,0xff,0xbf,0x40,0x00,0x00,0x00,0x40,0xbf,0xff,
0x7f,0x00,0x00,0x00,0x00,0x00,0x00,0x00,0x40,0xbf,
0xff,0xff,0xff,0xff,0xff,0xff,0xff,0xff,0xbf,0x40,
0x00,0x5f,0xbf,0x9f,0x60,0x40,0x40,0x40,0x6f,0xcf,
0xff,0x7f,0x00,0x7f,0xff,0xbf,0x40,0x00,0x00,0x00,
0x40,0xbf,0xff,0x7f,0x00,0x7f,0xff,0xcf,0x6f,0x40,
0x40,0x40,0x60,0x9f,0xbf,0x5f,0x00,0x7f,0xff,0xbf,
0x40,0x00,0x00,0x00,0x00,0x00,0x00,0x00,0x00,0x20,
0x40,0x6f,0xcf,0xff,0x9f,0x40,0x40,0x40,0x40,0x40,
0x40,0x6f,0xcf,0xff,0x7f,0x00,0x5f,0xbf,0x9f,0x60,
0x40,0x40,0x40,0x60,0x9f,0xbf,0x5f,0x00,0x7f,0xff,
0xbf,0x40,0x00,0x7f,0xff,0xbf,0x40,0x00,0x7f,0xff,
0xbf,0x40,0x00,0x5f,0xbf,0x9f,0x60,0x40,0x40,0x40,
0x60,0x9f,0xbf,0x5f,0x00,0x7f,0xff,0xef,0xcf,0xbf,
0x5f,0x00,0x40,0xbf,0xff,0x7f,0x00,0x7f,0xff,0xbf,
0x40,0x00,0x7f,0xff,0xff,0xff,0xff,0x7f,0x00,0x7f,
0xff,0xbf,0x40,0x00,0x00,0x00,0x40,0xbf,0xff,0x7f,
0x00,0x20,0x40,0x60,0x9f,0xbf,0x5f,0x00,0x00,0x00,
0x00,0x00,0x00,0x40,0xbf,0xff,0x7f,0x00,0x7f,0xff,
0xbf,0x40,0x00,0x00,0x00,0x40,0xbf,0xff,0x7f,0x00,
0x00,0x00,0x00,0x7f,0xff,0xbf,0x40,0x00,0x7f,0xff,
0xbf,0x40,0x00,0x00,0x00,0x40,0xbf,0xff,0x7f,0x00,
0x5f,0xbf,0x9f,0x60,0x40,0x40,0x40,0x60,0x9f,0xbf,
0x5f,0x00,0x7f,0xff,0xbf,0x40,0x00,0x00,0x00,0x40,
0xbf,0xff,0x7f,0x00,0x7f,0xff,0xef,0xcf,0xbf,0xbf,
0xbf,0x8f,0x30,0x00,0x00,0x00,0x5f,0xbf,0x9f,0x60,
0x40,0x40,0x40,0x60,0x9f,0xbf,0x5f,0x00,0x00,0x00,
0x00,0x00,0x00,0x00,0x20,0x5f,0x7f,0xbf,0xff,0xdf,
0x9f,0x7f,0xbf,0xff,0xbf,0x40,0x00,0x20,0x40,0x60,
0x9f,0xbf,0xbf,0xbf,0xcf,0xef,0xff,0x7f,0x00,0x7f,
0xff,0xbf,0x40,0x00,0x00,0x00,0x40,0xbf,0xff,0x7f,
0x00,0x7f,0xff,0xef,0xcf,0xbf,0xbf,0xbf,0x9f,0x60,
0x40,0x20,0x00,0x7f,0xff,0xbf,0x40,0x00,0x00,0x00,
0x00,0x00,0x00,0x00,0x00,0x5f,0xbf,0xcf,0xef,0xff,
0xdf,0xbf,0xbf,0xbf,0xbf,0xbf,0xbf,0xcf,0xef,0xff,
0x7f,0x00,0x20,0x40,0x60,0x9f,0xbf,0xbf,0xbf,0x9f,
0x60,0x40,0x20,0x00,0x7f,0xff,0xbf,0x40,0x00,0x7f,
0xff,0xbf,0x40,0x00,0x7f,0xff,0xbf,0x40,0x00,0x20,
0x40,0x60,0x9f,0xbf,0xbf,0xbf,0x9f,0x60,0x40,0x20,
0x00,0x7f,0xff,0xcf,0x6f,0x40,0x20,0x00,0x40,0xbf,
0xff,0x7f,0x00,0x7f,0xff,0xbf,0x40,0x00,0x7f,0xff,
0xff,0xff,0xff,0x7f,0x00,0x7f,0xff,0xbf,0x40,0x00,
0x00,0x00,0x40,0xbf,0xff,0x7f,0x00,0x5f,0xbf,0x9f,
0x60,0x40,0x20,0x00,0x00,0x00,0x00,0x00,0x00,0x40,
0xbf,0xff,0x7f,0x00,0x7f,0xff,0xbf,0x40,0x00,0x00,
0x00,0x40,0xbf,0xff,0x7f,0x00,0x00,0x00,0x00,0x7f,
0xff,0xbf,0x40,0x00,0x7f,0xff,0xbf,0x40,0x00,0x00,
0x00,0x40,0xbf,0xff,0x7f,0x00,0x20,0x40,0x60,0x9f,
0xbf,0xbf,0xbf,0x9f,0x60,0x40,0x20,0x00,0x7f,0xff,
0xbf,0x40,0x00,0x00,0x00,0x40,0xbf,0xff,0x7f,0x00,
0x7f,0xff,0xcf,0x6f,0x40,0x40,0x40,0x30,0x10,0x00,
0x00,0x00,0x20,0x40,0x60,0x9f,0xbf,0xbf,0xbf,0x9f,
0x60,0x40,0x20,0x00,0x00,0x00,0x00,0x00,0x00,0x00,
0x00,0x00,0x00,0x7f,0xff,0xbf,0x40,0x00,0x7f,0xff,
0xbf,0x40,0x00,0x00,0x00,0x40,0xbf,0xff,0xff,0xff,
0xff,0xff,0xff,0x7f,0x00,0x7f,0xff,0xbf,0x40,0x00,
0x00,0x00,0x40,0xbf,0xff,0x7f,0x00,0x7f,0xff,0xff,
0xff,0xff,0xff,0xff,0xbf,0x40,0x00,0x00,0x00,0x7f,
0xff,0xbf,0x40,0x00,0x00,0x00,0x00,0x00,0x00,0x00,
0x00,0x7f,0xff,0xff,0xff,0xff,0xff,0xff,0xff,0xff,
0xff,0xff,0xff,0xff,0xff,0xff,0x7f,0x00,0x00,0x00,
0x40,0xbf,0xff,0xff,0xff,0xbf,0x40,0x00,0x00,0x00,
0x7f,0xff,0xbf,0x40,0x00,0x7f,0xff,0xbf,0x40,0x00,
0x7f,0xff,0xbf,0x40,0x00,0x00,0x00,0x40,0xbf,0xff,
0xff,0xff,0xbf,0x40,0x00,0x00,0x00,0x7f,0xff,0xbf,
0x40,0x00,0x00,0x00,0x40,0xbf,0xff,0x7f,0x00,0x7f,
0xff,0xbf,0x40,0x00,0x7f,0xff,0xff,0xff,0xff,0x7f,
0x00,0x7f,0xff,0xbf,0x40,0x00,0x00,0x00,0x40,0xbf,
0xff,0x7f,0x00,0x7f,0xff,0xbf,0x40,0x00,0x00,0x00,
0x00,0x00,0x00,0x00,0x00,0x40,0xbf,0xff,0x7f,0x00,
0x7f,0xff,0xbf,0x40,0x00,0x00,0x00,0x40,0xbf,0xff,
0x7f,0x00,0x00,0x00,0x00,0x7f,0xff,0xbf,0x40,0x00,
0x7f,0xff,0xbf,0x40,0x00,0x00,0x00,0x40,0xbf,0xff,
0x7f,0x00,0x00,0x00,0x40,0xbf,0xff,0xff,0xff,0xbf,
0x40,0x00,0x00,0x00,0x7f,0xff,0xbf,0x40,0x00,0x00,
0x00,0x40,0xbf,0xff,0x7f,0x00,0x7f,0xff,0xbf,0x40,
0x00,0x00,0x00,0x00,0x00,0x00,0x00,0x00,0x00,0x00,
0x40,0xbf,0xff,0xff,0xff,0xbf,0x40,0x00,0x00,0x00,
0x00,0x00,0x00,0x00,0x00,0x00,0x10,0x30,0x40,0x7f,
0xbf,0x8f,0x30,0x00,0x7f,0xff,0xbf,0x40,0x00,0x00,
0x00,0x20,0x5f,0x7f,0x7f,0x7f,0x7f,0x7f,0x7f,0x3f,
0x00,0x7f,0xff,0xbf,0x40,0x00,0x00,0x00,0x40,0xbf,
0xff,0x7f,0x00,0x3f,0x7f,0x7f,0x7f,0x7f,0x7f,0x7f,
0x5f,0x20,0x00,0x00,0x00,0x3f,0x7f,0x5f,0x20,0x00,
0x00,0x00,0x00,0x00,0x00,0x00,0x00,0x7f,0xff,0xdf,
0x9f,0x7f,0x7f,0x7f,0x7f,0x7f,0x7f,0x7f,0x7f,0x9f,
0xdf,0xff,0x7f,0x00,0x00,0x00,0x20,0x5f,0x7f,0x7f,
0x7f,0x5f,0x20,0x00,0x00,0x00,0x3f,0x7f,0x5f,0x20,
0x00,0x3f,0x7f,0x5f,0x20,0x00,0x3f,0x7f,0x5f,0x20,
0x00,0x00,0x00,0x20,0x5f,0x7f,0x7f,0x7f,0x5f,0x20,
0x00,0x00,0x00,0x3f,0x7f,0x5f,0x20,0x00,0x00,0x00,
0x20,0x5f,0x7f,0x3f,0x00,0x7f,0xff,0xcf,0x6f,0x40,
0x7f,0xbf,0xcf,0xef,0xff,0x7f,0x00,0x3f,0x7f,0x5f,
0x20,0x00,0x00,0x00,0x20,0x5f,0x7f,0x3f,0x00,0x3f,
0x7f,0x5f,0x20,0x00,0x00,0x00,0x00,0x00,0x00,0x00,
0x00,0x20,0x5f,0x7f,0x3f,0x00,0x3f,0x7f,0x5f,0x20,
0x00,0x00,0x00,0x20,0x5f,0x7f,0x3f,0x00,0x00,0x00,
0x00,0x3f,0x7f,0x5f,0x20,0x00,0x3f,0x7f,0x5f,0x20,
0x00,0x00,0x00,0x20,0x5f,0x7f,0x3f,0x00,0x00,0x00,
0x20,0x5f,0x7f,0x7f,0x7f,0x5f,0x20,0x00,0x00,0x00,
0x3f,0x7f,0x5f,0x20,0x00,0x00,0x00,0x20,0x5f,0x7f,
0x3f,0x00,0x7f,0xff,0xbf,0x40,0x00,0x00,0x00,0x00,
0x00,0x00,0x00,0x00,0x00,0x00,0x20,0x5f,0x7f,0x7f,
0x7f,0x5f,0x20,0x00,0x00,0x00,0x00,0x00,0x00,0x00,
0x00,0x00,0x30,0x8f,0xbf,0x7f,0x40,0x30,0x10,0x00,
0x7f,0xff,0xbf,0x40,0x00,0x00,0x00,0x00,0x00,0x00,
0x00,0x00,0x00,0x00,0x00,0x00,0x00,0x7f,0xff,0xbf,
0x40,0x00,0x00,0x00,0x40,0xbf,0xff,0x7f,0x00,0x00,
0x00,0x00,0x00,0x00,0x00,0x00,0x00,0x00,0x00,0x00,
0x00,0x00,0x00,0x00,0x00,0x00,0x00,0x00,0x00,0x00,
0x00,0x00,0x00,0x7f,0xff,0xbf,0x40,0x00,0x00,0x00,
0x00,0x00,0x00,0x00,0x00,0x40,0xbf,0xff,0x7f,0x00,
0x00,0x00,0x00,0x00,0x00,0x00,0x00,0x00,0x00,0x00,
0x00,0x00,0x00,0x00,0x00,0x00,0x00,0x00,0x00,0x00,
0x00,0x00,0x00,0x00,0x00,0x00,0x00,0x00,0x00,0x00,
0x00,0x00,0x00,0x00,0x00,0x00,0x00,0x00,0x00,0x00,
0x00,0x00,0x00,0x00,0x00,0x00,0x00,0x00,0x00,0x00,
0x00,0x7f,0xff,0xef,0xcf,0xbf,0x7f,0x40,0x6f,0xcf,
0xff,0x7f,0x00,0x00,0x00,0x00,0x00,0x00,0x00,0x00,
0x00,0x00,0x00,0x00,0x00,0x00,0x00,0x00,0x00,0x00,
0x00,0x00,0x00,0x00,0x00,0x00,0x00,0x00,0x00,0x00,
0x00,0x00,0x00,0x00,0x00,0x00,0x00,0x00,0x00,0x00,
0x00,0x00,0x00,0x00,0x00,0x00,0x00,0x00,0x00,0x00,
0x00,0x00,0x00,0x00,0x00,0x00,0x00,0x00,0x00,0x00,
0x00,0x00,0x00,0x00,0x00,0x00,0x00,0x00,0x00,0x00,
0x00,0x00,0x00,0x00,0x00,0x00,0x00,0x00,0x00,0x00,
0x00,0x00,0x00,0x00,0x00,0x00,0x00,0x00,0x7f,0xff,
0xbf,0x40,0x00,0x00,0x00,0x00,0x00,0x00,0x00,0x00,
0x00,0x00,0x00,0x00,0x00,0x00,0x00,0x00,0x00,0x00,
0x00,0x00,0x00,0x00,0x00,0x00,0x00,0x00,0x40,0xbf,
0xff,0x7f,0x00,0x00,0x00,0x00,0x7f,0xff,0xbf,0x40,
0x00,0x00,0x00,0x00,0x00,0x00,0x00,0x00,0x00,0x00,
0x00,0x00,0x00,0x7f,0xff,0xbf,0x40,0x00,0x00,0x00,
0x40,0xbf,0xff,0x7f,0x00,0x00,0x00,0x00,0x00,0x00,
0x00,0x00,0x00,0x00,0x00,0x00,0x00,0x00,0x00,0x00,
0x00,0x00,0x00,0x00,0x00,0x00,0x00,0x00,0x00,0x5f,
0xbf,0x8f,0x30,0x00,0x00,0x00,0x00,0x00,0x00,0x00,
0x00,0x30,0x8f,0xbf,0x5f,0x00,0x00,0x00,0x00,0x00,
0x00,0x00,0x00,0x00,0x00,0x00,0x00,0x00,0x00,0x00,
0x00,0x00,0x00,0x00,0x00,0x00,0x00,0x00,0x00,0x00,
0x00,0x00,0x00,0x00,0x00,0x00,0x00,0x00,0x00,0x00,
0x00,0x00,0x00,0x00,0x00,0x00,0x00,0x00,0x00,0x00,
0x00,0x00,0x00,0x00,0x00,0x00,0x00,0x7f,0xff,0xff,
0xff,0xff,0x7f,0x00,0x40,0xbf,0xff,0x7f,0x00,0x00,
0x00,0x00,0x00,0x00,0x00,0x00,0x00,0x00,0x00,0x00,
0x00,0x00,0x00,0x00,0x00,0x00,0x00,0x00,0x00,0x00,
0x00,0x00,0x00,0x00,0x00,0x00,0x00,0x00,0x00,0x00,
0x00,0x00,0x00,0x00,0x00,0x00,0x00,0x00,0x00,0x00,
0x00,0x00,0x00,0x00,0x00,0x00,0x00,0x00,0x00,0x00,
0x00,0x00,0x00,0x00,0x00,0x00,0x00,0x00,0x00,0x00,
0x00,0x00,0x00,0x00,0x00,0x00,0x00,0x00,0x00,0x00,
0x00,0x00,0x00,0x00,0x00,0x00,0x00,0x00,0x00,0x00,
0x00,0x00,0x00,0x00,0x5f,0xbf,0x8f,0x30,0x00,0x00,
0x00,0x00,0x00,0x00,0x00,0x00,0x00,0x00,0x00,0x00,
0x00,0x00,0x00,0x00,0x00,0x00,0x00,0x00,0x00,0x00,
0x00,0x00,0x3f,0x7f,0x7f,0x7f,0x7f,0x3f,0x00,0x00,
0x00,0x00,0x7f,0xff,0xbf,0x40,0x00,0x00,0x00,0x00,
0x00,0x00,0x00,0x00,0x00,0x00,0x00,0x00,0x00,0x7f,
0xff,0xbf,0x40,0x00,0x00,0x00,0x40,0xbf,0xff,0x7f,
0x00,0x00,0x00,0x00,0x00,0x00,0x00,0x00,0x00,0x00,
0x00,0x00,0x00,0x00,0x00,0x00,0x00,0x00,0x00,0x00,
0x00,0x00,0x00,0x00,0x00,0x20,0x40,0x30,0x10,0x00,
0x00,0x00,0x00,0x00,0x00,0x00,0x00,0x10,0x30,0x40,
0x20,0x00,0x00,0x00,0x00,0x00,0x00,0x00,0x00,0x00,
0x00,0x00,0x00,0x00,0x00,0x00,0x00,0x00,0x00,0x00,
0x00,0x00,0x00,0x00,0x00,0x00,0x00,0x00,0x00,0x00,
0x00,0x00,0x00,0x00,0x00,0x00,0x00,0x00,0x00,0x00,
0x00,0x00,0x00,0x00,0x00,0x00,0x00,0x00,0x00,0x00,
0x00,0x00,0x00,0x7f,0xff,0xff,0xff,0xff,0x7f,0x00,
0x40,0xbf,0xff,0x7f,0x00,0x00,0x00,0x00,0x00,0x00,
0x00,0x00,0x00,0x00,0x00,0x00,0x00,0x00,0x00,0x00,
0x00,0x00,0x00,0x00,0x00,0x00,0x00,0x00,0x00,0x00,
0x00,0x00,0x00,0x00,0x00,0x00,0x00,0x00,0x00,0x00,
0x00,0x00,0x00,0x00,0x00,0x00,0x00,0x00,0x00,0x00,
0x00,0x00,0x00,0x00,0x00,0x00,0x00,0x00,0x00,0x00,
0x00,0x00,0x00,0x00,0x00,0x00,0x00,0x00,0x00,0x00,
0x00,0x00,0x00,0x00,0x00,0x00,0x00,0x00,0x00,0x00,
0x00,0x00,0x00,0x00,0x00,0x00,0x00,0x00,0x00,0x00,
0x20,0x40,0x30,0x10,0x00,0x00,0x00,0x00,0x00,0x00,
0x00,0x00,0x00,0x00,0x00,0x00,0x00,0x00,0x00,0x00,
0x00,0x00,0x00,0x00,0x00,0x00,0x00,0x00,0x7f,0xff,
0xbf,0x40,0x00,0x00,0x00,0x00,0x00,0x00,0x7f,0xff,
0xbf,0x40,0x00,0x00,0x00,0x00,0x00,0x00,0x00,0x00,
0x00,0x00,0x00,0x00,0x00,0x7f,0xff,0xbf,0x40,0x00,
0x00,0x00,0x40,0xbf,0xff,0x7f,0x00,0x00,0x00,0x00,
0x00,0x00,0x00,0x00,0x00,0x00,0x00,0x00,0x00,0x00,
0x00,0x00,0x00,0x00,0x00,0x00,0x00,0x00,0x00,0x00,
0x00,0x00,0x00,0x00,0x00,0x00,0x00,0x00,0x00,0x00,
0x00,0x00,0x00,0x00,0x00,0x00,0x00,0x00,0x00,0x00,
0x00,0x00,0x00,0x00,0x00,0x00,0x00,0x00,0x00,0x00,
0x00,0x00,0x00,0x00,0x00,0x00,0x00,0x00,0x00,0x00,
0x00,0x00,0x00,0x00,0x00,0x00,0x00,0x00,0x00,0x00,
0x00,0x00,0x00,0x00,0x00,0x00,0x00,0x00,0x00,0x00,
0x00,0x00,0x00,0x00,0x00,0x00,0x00,0x00,0x00,0x7f,
0xff,0xff,0xff,0xff,0x7f,0x00,0x40,0xbf,0xff,0x7f,
0x00,0x00,0x00,0x00,0x00,0x00,0x00,0x00,0x00,0x00,
0x00,0x00,0x00,0x00,0x00,0x00,0x00,0x00,0x00,0x00,
0x00,0x00,0x00,0x00,0x00,0x00,0x00,0x00,0x00,0x00,
0x00,0x00,0x00,0x00,0x00,0x00,0x00,0x00,0x00,0x00,
0x00,0x00,0x00,0x00,0x00,0x00,0x00,0x00,0x00,0x00,
0x00,0x00,0x00,0x00,0x00,0x00,0x00,0x00,0x00,0x00,
0x00,0x00,0x00,0x00,0x00,0x00,0x00,0x00,0x00,0x00,
0x00,0x00,0x00,0x00,0x00,0x00,0x00,0x00,0x00,0x00,
0x00,0x00,0x00,0x00,0x00,0x00,0x00,0x00,0x00,0x00,
0x00,0x00,0x00,0x00,0x00,0x00,0x00,0x00,0x00,0x00,
0x00,0x00,0x00,0x00,0x00,0x00,0x00,0x00,0x00,0x00,
0x00,0x00,0x00,0x00,0x7f,0xff,0xbf,0x40,0x00,0x00,
0x00,0x00,0x00,0x00,0x7f,0xff,0xbf,0x40,0x00,0x00,
0x00,0x00,0x00,0x00,0x00,0x00,0x00,0x00,0x00,0x00,
0x00,0x5f,0xbf,0x9f,0x60,0x40,0x40,0x40,0x60,0x9f,
0xbf,0x5f,0x00,0x00,0x00,0x00,0x00,0x00,0x00,0x00,
0x00,0x00,0x00,0x00,0x00,0x00,0x00,0x00,0x00,0x00,
0x00,0x00,0x00,0x00,0x00,0x00,0x00,0x00,0x00,0x00,
0x00,0x00,0x00,0x00,0x00,0x00,0x00,0x00,0x00,0x00,
0x00,0x00,0x00,0x00,0x00,0x00,0x00,0x00,0x00,0x00,
0x00,0x00,0x00,0x00,0x00,0x00,0x00,0x00,0x00,0x00,
0x00,0x00,0x00,0x00,0x00,0x00,0x00,0x00,0x00,0x00,
0x00,0x00,0x00,0x00,0x00,0x00,0x00,0x00,0x00,0x00,
0x00,0x00,0x00,0x00,0x00,0x00,0x00,0x00,0x00,0x00,
0x00,0x00,0x00,0x00,0x00,0x7f,0xff,0xef,0xcf,0xbf,
0x5f,0x00,0x40,0xbf,0xff,0x7f,0x00,0x00,0x00,0x00,
0x00,0x00,0x00,0x00,0x00,0x00,0x00,0x00,0x00,0x00,
0x00,0x00,0x00,0x00,0x00,0x00,0x00,0x00,0x00,0x00,
0x00,0x00,0x00,0x00,0x00,0x00,0x00,0x00,0x00,0x00,
0x00,0x00,0x00,0x00,0x00,0x00,0x00,0x00,0x00,0x00,
0x00,0x00,0x00,0x00,0x00,0x00,0x00,0x00,0x00,0x00,
0x00,0x00,0x00,0x00,0x00,0x00,0x00,0x00,0x00,0x00,
0x00,0x00,0x00,0x00,0x00,0x00,0x00,0x00,0x00,0x00,
0x00,0x00,0x00,0x00,0x00,0x00,0x00,0x00,0x00,0x00,
0x00,0x00,0x00,0x00,0x00,0x00,0x00,0x00,0x00,0x00,
0x00,0x00,0x00,0x00,0x00,0x00,0x00,0x00,0x00,0x00,
0x00,0x00,0x00,0x00,0x00,0x00,0x00,0x00,0x00,0x00,
0x7f,0xff,0xbf,0x40,0x00,0x00,0x00,0x00,0x00,0x00,
0x7f,0xff,0xbf,0x40,0x00,0x00,0x00,0x00,0x00,0x00,
0x00,0x00,0x00,0x00,0x00,0x00,0x00,0x20,0x40,0x60,
0x9f,0xbf,0xbf,0xbf,0x9f,0x60,0x40,0x20,0x00,0x00,
0x00,0x00,0x00,0x00,0x00,0x00,0x00,0x00,0x00,0x00,
0x00,0x00,0x00,0x00,0x00,0x00,0x00,0x00,0x00,0x00,
0x00,0x00,0x00,0x00,0x00,0x00,0x00,0x00,0x00,0x00,
0x00,0x00,0x00,0x00,0x00,0x00,0x00,0x00,0x00,0x00,
0x00,0x00,0x00,0x00,0x00,0x00,0x00,0x00,0x00,0x00,
0x00,0x00,0x00,0x00,0x00,0x00,0x00,0x00,0x00,0x00,
0x00,0x00,0x00,0x00,0x00,0x00,0x00,0x00,0x00,0x00,
0x00,0x00,0x00,0x00,0x00,0x00,0x00,0x00,0x00,0x00,
0x00,0x00,0x00,0x00,0x00,0x00,0x00,0x00,0x00,0x00,
0x00,0x7f,0xff,0xcf,0x6f,0x40,0x20,0x00,0x40,0xbf,
0xff,0x7f,0x00,0x00,0x00,0x00,0x00,0x00,0x00,0x00,
0x00,0x00,0x00,0x00,0x00,0x00,0x00,0x00,0x00,0x00,
0x00,0x00,0x00,0x00,0x00,0x00,0x00,0x00,0x00,0x00,
0x00,0x00,0x00,0x00,0x00,0x00,0x00,0x00,0x00,0x00,
0x00,0x00,0x00,0x00,0x00,0x00,0x00,0x00,0x00,0x00,
0x00,0x00,0x00,0x00,0x00,0x00,0x00,0x00,0x00,0x00,
0x00,0x00,0x00,0x00,0x00,0x00,0x00,0x00,0x00,0x00,
0x00,0x00,0x00,0x00,0x00,0x00,0x00,0x00,0x00,0x00,
0x00,0x00,0x00,0x00,0x00,0x00,0x00,0x00,0x00,0x00,
0x00,0x00,0x00,0x00,0x00,0x00,0x00,0x00,0x00,0x00,
0x00,0x00,0x00,0x00,0x00,0x00,0x00,0x00,0x00,0x00,
0x00,0x00,0x00,0x00,0x00,0x00,0x7f,0xff,0xbf,0x40,
0x00,0x00,0x00,0x00,0x00,0x00,0x7f,0xff,0xbf,0x40,
0x00,0x00,0x00,0x00,0x00,0x00,0x00,0x00,0x00,0x00,
0x00,0x00,0x00,0x00,0x00,0x40,0xbf,0xff,0xff,0xff,
0xbf,0x40,0x00,0x00,0x00,0x00,0x00,0x00,0x00,0x00,
0x00,0x00,0x00,0x00,0x00,0x00,0x00,0x00,0x00,0x00,
0x00,0x00,0x00,0x00,0x00,0x00,0x00,0x00,0x00,0x00,
0x00,0x00,0x00,0x00,0x00,0x00,0x00,0x00,0x00,0x00,
0x00,0x00,0x00,0x00,0x00,0x00,0x00,0x00,0x00,0x00,
0x00,0x00,0x00,0x00,0x00,0x00,0x00,0x00,0x00,0x00,
0x00,0x00,0x00,0x00,0x00,0x00,0x00,0x00,0x00,0x00,
0x00,0x00,0x00,0x00,0x00,0x00,0x00,0x00,0x00,0x00,
0x00,0x00,0x00,0x00,0x00,0x00,0x00,0x00,0x00,0x00,
0x00,0x00,0x00,0x00,0x00,0x00,0x00,0x7f,0xff,0xbf,
0x40,0x00,0x00,0x00,0x40,0xbf,0xff,0x7f,0x00,0x00,
0x00,0x00,0x00,0x00,0x00,0x00,0x00,0x00,0x00,0x00,
0x00,0x00,0x00,0x00,0x00,0x00,0x00,0x00,0x00,0x00,
0x00,0x00,0x00,0x00,0x00,0x00,0x00,0x00,0x00,0x00,
0x00,0x00,0x00,0x00,0x00,0x00,0x00,0x00,0x00,0x00,
0x00,0x00,0x00,0x00,0x00,0x00,0x00,0x00,0x00,0x00,
0x00,0x00,0x00,0x00,0x00,0x00,0x00,0x00,0x00,0x00,
0x00,0x00,0x00,0x00,0x00,0x00,0x00,0x00,0x00,0x00,
0x00,0x00,0x00,0x00,0x00,0x00,0x00,0x00,0x00,0x00,
0x00,0x00,0x00,0x00,0x00,0x00,0x00,0x00,0x00,0x00,
0x00,0x00,0x00,0x00,0x00,0x00,0x00,0x00,0x00,0x00,
0x00,0x00,0x00,0x00,0x00,0x00,0x00,0x00,0x00,0x00,
0x00,0x00,0x3f,0x7f,0x5f,0x20,0x00,0x00,0x00,0x00,
0x00,0x00,0x3f,0x7f,0x5f,0x20,0x00,0x00,0x00,0x00,
0x00,0x00,0x00,0x00,0x00,0x00,0x00,0x00,0x00,0x00,
0x00,0x20,0x5f,0x7f,0x7f,0x7f,0x5f,0x20,0x00,0x00,
0x00,0x00,0x00,0x00,0x00,0x00,0x00,0x00,0x00,0x00,
0x00,0x00,0x00,0x00,0x00,0x00,0x00,0x00,0x00,0x00,
0x00,0x00,0x00,0x00,0x00,0x00,0x00,0x00,0x00,0x00,
0x00,0x00,0x00,0x00,0x00,0x00,0x00,0x00,0x00,0x00,
0x00,0x00,0x00,0x00,0x00,0x00,0x00,0x00,0x00,0x00,
0x00,0x00,0x00,0x00,0x00,0x00,0x00,0x00,0x00,0x00,
0x00,0x00,0x00,0x00,0x00,0x00,0x00,0x00,0x00,0x00,
0x00,0x00,0x00,0x00,0x00,0x00,0x00,0x00,0x00,0x00,
0x00,0x00,0x00,0x00,0x00,0x00,0x00,0x00,0x00,0x00,
0x00,0x00,0x00,0x3f,0x7f,0x5f,0x20,0x00,0x00,0x00,
0x20,0x5f,0x7f,0x3f,0x00,0x00,0x00,0x00,0x00,0x00,
0x00,0x00,0x00,0x00,0x00,0x00,0x00,0x00,0x00,0x00,
0x00,0x00,0x00,0x00,0x00,0x00,0x00,0x00,0x00,0x00,
0x00,0x00,0x00,0x00,0x00,0x00,0x00,0x00,0x00,0x00,
0x00,0x00,0x00,0x00,0x00,0x00,0x00,0x00,0x00,0x00,
0x00,0x00,0x00,0x00,0x00,0x00,0x00,0x00,0x00,0x00,
0x00,0x00,0x00,0x00,0x00,0x00,0x00,0x00,0x00,0x00,
0x00,0x00,0x00,0x00,0x00,0x00,0x00,0x00,0x00,0x00,
0x00,0x00,0x00,0x00,0x00,0x00,0x00,0x00,0x00,0x00,
0x00,0x00,0x00,0x00,0x00,0x00,0x00,0x00,0x00,0x00,
0x00,0x00,0x00,0x00,0x00,0x00,0x00,0x00,0x00,0x00,
0x00,0x00,0x00,0x00,0x00,0x00,0x00,0x00,0x00,0x00,
0x00,0x00,0x00,0x00,0x00,0x00,0x00,0x00,0x00,0x00,
0x00,0x00,0x00,0x00,0x00,0x00,0x00,0x00,0x00,0x00,
0x00,0x00,0x00,0x00,0x00,0x00,0x00,0x00,0x00,0x00,
0x00,0x00,0x00,0x00,0x00,0x00,0x00,0x00,0x00,0x00,
0x00,0x00,0x00,0x00,0x00,0x00,0x00,0x00,0x00,0x00,
0x00,0x00,0x00,0x00,0x00,0x00,0x00,0x00,0x00,0x00,
0x00,0x00,0x00,0x00,0x00,0x00,0x00,0x00,0x00,0x00,
0x00,0x00,0x00,0x00,0x00,0x00,0x00,0x00,0x00,0x00,
0x00,0x00,0x00,0x00,0x00,0x00,0x00,0x00,0x00,0x00,
0x00,0x00,0x00,0x00,0x00,0x00,0x00,0x00,0x00,0x00,
0x00,0x00,0x00,0x00,0x00,0x00,0x00,0x00,0x00,0x00,
0x00,0x00,0x00,0x00,0x00,0x00,0x00,0x00,0x00,0x00,
0x00,0x00,0x00,0x00,0x00,0x00,0x00,0x00,0x00,0x00,
0x00,0x00,0x00,0x00,0x00,0x00,0x00,0x00,0x00,0x00,
0x00,0x00,0x00,0x00,0x00,0x00,0x00,0x00,0x00,0x00,
0x00,0x00,0x00,0x00,0x00,0x00,0x00,0x00,0x00,0x00,
0x00,0x00,0x00,0x00,0x00,0x00,0x00,0x00,0x00,0x00,
0x00,0x00,0x00,0x00,0x00,0x00,0x00,0x00,0x00,0x00,
0x00,0x00,0x00,0x00,0x00,0x00,0x00,0x00,0x00,0x00,
0x00,0x00,0x00,0x00,0x00,0x00,0x00,0x00,0x00,0x00,
0x00,0x00,0x00,0x00,0x00,0x00,0x00,0x00,0x00,0x00,
0x00,0x00,0x00,0x00,0x00,0x00,0x00,0x00,0x00,0x00,
0x00,0x00,0x00,0x00,0x00,0x00,0x00,0x00,0x00,0x00,
0x00,0x00,0x00,0x00,0x00,0x00,0x00,0x00,0x00,0x00,
0x00,0x00,0x00,0x00,0x00,0x00,0x00,0x00,0x00,0x00,
0x00,0x00,0x00,0x00,0x3f,0x7f,0x7f,0x7f,0x7f,0x7f,
0x7f,0x7f,0x7f,0x7f,0x7f,0x7f,0x5f,0x20,0x00,0x3f,
0x7f,0x5f,0x20,0x00,0x00,0x00,0x20,0x5f,0x7f,0x3f,
0x00,0x00,0x00,0x00,0x00,0x00,0x3f,0x7f,0x5f,0x20,
0x00,0x00,0x00,0x00,0x00,0x00,0x3f,0x7f,0x5f,0x20,
0x00,0x00,0x00,0x20,0x5f,0x7f,0x3f,0x00,0x3f,0x7f,
0x5f,0x20,0x00,0x00,0x00,0x20,0x5f,0x7f,0x3f,0x00,
0x00,0x00,0x00,0x3f,0x7f,0x5f,0x20,0x00,0x00,0x00,
0x20,0x5f,0x7f,0x3f,0x00,0x3f,0x7f,0x5f,0x20,0x00,
0x3f,0x7f,0x5f,0x20,0x00,0x3f,0x7f,0x5f,0x20,0x00,
0x3f,0x7f,0x5f,0x20,0x00,0x3f,0x7f,0x5f,0x20,0x00,
0x3f,0x7f,0x5f,0x20,0x00,0x00,0x00,0x3f,0x7f,0x7f,
0x7f,0x7f,0x3f,0x00,0x00,0x00,0x00,0x00,0x00,0x00,
0x00,0x00,0x3f,0x7f,0x5f,0x20,0x00,0x00,0x00,0x00,
0x00,0x00,0x3f,0x7f,0x7f,0x7f,0x7f,0x7f,0x7f,0x5f,
0x20,0x00,0x3f,0x7f,0x5f,0x20,0x00,0x00,0x00,0x00,
0x00,0x00,0x00,0x00,0x3f,0x7f,0x7f,0x7f,0x7f,0x7f,
0x7f,0x5f,0x20,0x00,0x00,0x00,0x3f,0x7f,0x5f,0x20,
0x00,0x00,0x00,0x20,0x5f,0x7f,0x7f,0x7f,0x5f,0x20,
0x00,0x00,0x00,0x00,0x00,0x20,0x5f,0x7f,0x7f,0x7f,
0x7f,0x7f,0x7f,0x3f,0x00,0x20,0x40,0x30,0x10,0x00,
0x00,0x00,0x10,0x30,0x40,0x20,0x00,0x3f,0x7f,0x5f,
0x20,0x00,0x00,0x00,0x20,0x5f,0x7f,0x3f,0x00,0x00,
0x00,0x00,0x00,0x00,0x00,0x00,0x00,0x00,0x00,0x00,
0x00,0x00,0x00,0x00,0x00,0x00,0x00,0x00,0x00,0x00,
0x00,0x00,0x00,0x00,0x00,0x00,0x00,0x00,0x00,0x00,
0x7f,0xff,0xff,0xff,0xff,0xff,0xff,0xff,0xff,0xff,
0xff,0xff,0xbf,0x40,0x00,0x7f,0xff,0xbf,0x40,0x00,
0x00,0x00,0x40,0xbf,0xff,0x7f,0x00,0x00,0x00,0x00,
0x00,0x00,0x7f,0xff,0xbf,0x40,0x00,0x00,0x00,0x00,
0x00,0x00,0x7f,0xff,0xbf,0x40,0x00,0x00,0x00,0x40,
0xbf,0xff,0x7f,0x00,0x7f,0xff,0xbf,0x40,0x00,0x00,
0x00,0x40,0xbf,0xff,0x7f,0x00,0x00,0x00,0x00,0x7f,
0xff,0xbf,0x40,0x00,0x00,0x00,0x40,0xbf,0xff,0x7f,
0x00,0x7f,0xff,0xbf,0x40,0x00,0x7f,0xff,0xbf,0x40,
0x00,0x7f,0xff,0xbf,0x40,0x00,0x7f,0xff,0xbf,0x40,
0x00,0x7f,0xff,0xbf,0x40,0x00,0x7f,0xff,0xbf,0x40,
0x00,0x00,0x00,0x7f,0xff,0xff,0xff,0xff,0x7f,0x00,
0x00,0x00,0x00,0x00,0x00,0x00,0x00,0x00,0x7f,0xff,
0xbf,0x40,0x00,0x00,0x00,0x00,0x00,0x00,0x7f,0xff,
0xff,0xff,0xff,0xff,0xff,0xbf,0x40,0x00,0x7f,0xff,
0xbf,0x40,0x00,0x00,0x00,0x00,0x00,0x00,0x00,0x00,
0x7f,0xff,0xff,0xff,0xff,0xff,0xff,0xbf,0x40,0x00,
0x00,0x00,0x7f,0xff,0xbf,0x40,0x00,0x00,0x00,0x40,
0xbf,0xff,0xff,0xff,0xbf,0x40,0x00,0x00,0x00,0x00,
0x00,0x40,0xbf,0xff,0xff,0xff,0xff,0xff,0xff,0x7f,
0x00,0x5f,0xbf,0x8f,0x30,0x00,0x00,0x00,0x30,0x8f,
0xbf,0x5f,0x00,0x7f,0xff,0xbf,0x40,0x00,0x00,0x00,
0x40,0xbf,0xff,0x7f,0x00,0x00,0x00,0x00,0x00,0x00,
0x00,0x00,0x00,0x00,0x00,0x00,0x00,0x00,0x00,0x00,
0x00,0x00,0x00,0x00,0x00,0x00,0x00,0x00,0x00,0x00,
0x00,0x00,0x00,0x00,0x00,0x00,0x5f,0xbf,0xbf,0xbf,
0xbf,0xdf,0xff,0xef,0xcf,0xbf,0xbf,0xbf,0x8f,0x30,
0x00,0x7f,0xff,0xbf,0x40,0x00,0x00,0x00,0x40,0xbf,
0xff,0x7f,0x00,0x00,0x00,0x10,0x30,0x40,0x9f,0xff,
0xcf,0x6f,0x40,0x20,0x00,0x00,0x00,0x00,0x7f,0xff,
0xbf,0x40,0x00,0x00,0x00,0x40,0xbf,0xff,0x7f,0x00,
0x7f,0xff,0xbf,0x40,0x00,0x00,0x00,0x40,0xbf,0xff,
0x7f,0x00,0x00,0x00,0x00,0x7f,0xff,0xbf,0x40,0x00,
0x00,0x00,0x40,0xbf,0xff,0x7f,0x00,0x7f,0xff,0xbf,
0x40,0x00,0x7f,0xff,0xbf,0x40,0x00,0x7f,0xff,0xbf,
0x40,0x00,0x7f,0xff,0xbf,0x40,0x00,0x7f,0xff,0xbf,
0x40,0x00,0x7f,0xff,0xbf,0x40,0x00,0x00,0x00,0x5f,
0xbf,0xcf,0xef,0xff,0x7f,0x00,0x00,0x00,0x00,0x00,
0x00,0x00,0x00,0x00,0x7f,0xff,0xbf,0x40,0x00,0x00,
0x00,0x00,0x00,0x00,0x5f,0xbf,0xcf,0xef,0xff,0xdf,
0xbf,0x8f,0x30,0x00,0x7f,0xff,0xbf,0x40,0x00,0x00,
0x00,0x00,0x00,0x00,0x00,0x00,0x5f,0xbf,0xbf,0xbf,
0xbf,0xbf,0xbf,0x9f,0x60,0x40,0x20,0x00,0x7f,0xff,
0xbf,0x40,0x00,0x20,0x40,0x60,0x9f,0xbf,0xbf,0xbf,
0x9f,0x60,0x40,0x20,0x00,0x20,0x40,0x60,0x9f,0xbf,
0xbf,0xbf,0xcf,0xef,0xff,0x7f,0x00,0x7f,0xff,0xbf,
0x40,0x00,0x00,0x00,0x40,0xbf,0xff,0x7f,0x00,0x5f,
0xbf,0x8f,0x30,0x00,0x00,0x00,0x30,0x8f,0xbf,0x5f,
0x00,0x00,0x00,0x00,0x00,0x00,0x00,0x00,0x00,0x00,
0x00,0x00,0x00,0x00,0x00,0x00,0x00,0x00,0x00,0x00,
0x00,0x00,0x00,0x00,0x00,0x00,0x00,0x00,0x00,0x00,
0x00,0x00,0x20,0x40,0x40,0x40,0x40,0x9f,0xff,0xcf,
0x6f,0x40,0x40,0x40,0x30,0x10,0x00,0x7f,0xff,0xbf,
0x40,0x00,0x00,0x00,0x40,0xbf,0xff,0x7f,0x00,0x00,
0x00,0x30,0x8f,0xbf,0xdf,0xff,0xef,0xcf,0xbf,0x5f,
0x00,0x00,0x00,0x00,0x7f,0xff,0xbf,0x40,0x00,0x00,
0x00,0x40,0xbf,0xff,0x7f,0x00,0x7f,0xff,0xbf,0x40,
0x00,0x00,0x00,0x40,0xbf,0xff,0x7f,0x00,0x00,0x00,
0x00,0x7f,0xff,0xbf,0x40,0x00,0x00,0x00,0x40,0xbf,
0xff,0x7f,0x00,0x7f,0xff,0xbf,0x40,0x00,0x7f,0xff,
0xbf,0x40,0x00,0x7f,0xff,0xbf,0x40,0x00,0x7f,0xff,
0xbf,0x40,0x00,0x7f,0xff,0xbf,0x40,0x00,0x7f,0xff,
0xbf,0x40,0x00,0x00,0x00,0x20,0x40,0x6f,0xcf,0xff,
0x7f,0x00,0x00,0x00,0x00,0x00,0x00,0x00,0x00,0x00,
0x7f,0xff,0xbf,0x40,0x00,0x00,0x00,0x00,0x00,0x00,
0x20,0x40,0x6f,0xcf,0xff,0x9f,0x40,0x30,0x10,0x00,
0x7f,0xff,0xbf,0x40,0x00,0x00,0x00,0x00,0x00,0x00,
0x00,0x00,0x20,0x40,0x40,0x40,0x40,0x40,0x40,0x60,
0x9f,0xbf,0x5f,0x00,0x7f,0xff,0xbf,0x40,0x00,0x5f,
0xbf,0x9f,0x60,0x40,0x40,0x40,0x60,0x9f,0xbf,0x5f,
0x00,0x5f,0xbf,0x9f,0x60,0x40,0x40,0x40,0x6f,0xcf,
0xff,0x7f,0x00,0x3f,0x7f,0x5f,0x20,0x00,0x00,0x00,
0x20,0x5f,0x7f,0x3f,0x00,0x20,0x40,0x30,0x10,0x00,
0x00,0x00,0x10,0x30,0x40,0x20,0x00,0x00,0x00,0x00,
0x00,0x00,0x00,0x00,0x00,0x00,0x00,0x00,0x00,0x00,
0x00,0x00,0x00,0x00,0x00,0x00,0x00,0x00,0x00,0x00,
0x00,0x00,0x00,0x00,0x00,0x00,0x00,0x00,0x00,0x00,
0x00,0x00,0x00,0x7f,0xff,0xbf,0x40,0x00,0x00,0x00,
0x00,0x00,0x00,0x7f,0xff,0xbf,0x40,0x00,0x00,0x00,
0x40,0xbf,0xff,0x7f,0x00,0x00,0x00,0x40,0xbf,0xff,
0xff,0xff,0xff,0xff,0xff,0x7f,0x00,0x00,0x00,0x00,
0x7f,0xff,0xbf,0x40,0x00,0x00,0x00,0x40,0xbf,0xff,
0x7f,0x00,0x7f,0xff,0xbf,0x40,0x00,0x00,0x00,0x40,
0xbf,0xff,0x7f,0x00,0x00,0x00,0x00,0x7f,0xff,0xbf,
0x40,0x00,0x00,0x00,0x40,0xbf,0xff,0x7f,0x00,0x7f,
0xff,0xbf,0x40,0x00,0x7f,0xff,0xbf,0x40,0x00,0x7f,
0xff,0xbf,0x40,0x00,0x7f,0xff,0xbf,0x40,0x00,0x7f,
0xff,0xbf,0x40,0x00,0x7f,0xff,0xbf,0x40,0x00,0x00,
0x00,0x00,0x00,0x40,0xbf,0xff,0x7f,0x00,0x00,0x00,
0x00,0x00,0x00,0x00,0x00,0x00,0x7f,0xff,0xbf,0x40,
0x00,0x00,0x00,0x00,0x00,0x00,0x00,0x00,0x40,0xbf,
0xff,0x7f,0x00,0x00,0x00,0x00,0x7f,0xff,0xbf,0x40,
0x00,0x00,0x00,0x00,0x00,0x00,0x00,0x00,0x00,0x00,
0x00,0x00,0x00,0x00,0x00,0x40,0xbf,0xff,0x7f,0x00,
0x7f,0xff,0xbf,0x40,0x00,0x7f,0xff,0xbf,0x40,0x00,
0x00,0x00,0x40,0xbf,0xff,0x7f,0x00,0x7f,0xff,0xbf,
0x40,0x00,0x00,0x00,0x40,0xbf,0xff,0x7f,0x00,0x00,
0x00,0x00,0x00,0x00,0x00,0x00,0x00,0x00,0x00,0x00,
0x00,0x00,0x00,0x00,0x00,0x00,0x00,0x00,0x00,0x00,
0x00,0x00,0x00,0x00,0x00,0x00,0x00,0x00,0x00,0x00,
0x00,0x00,0x00,0x00,0x00,0x00,0x00,0x00,0x00,0x00,
0x00,0x00,0x00,0x00,0x00,0x00,0x00,0x00,0x00,0x00,
0x00,0x00,0x00,0x00,0x00,0x00,0x00,0x00,0x00,0x7f,
0xff,0xbf,0x40,0x00,0x00,0x00,0x00,0x00,0x00,0x7f,
0xff,0xbf,0x40,0x00,0x00,0x00,0x40,0xbf,0xff,0x7f,
0x00,0x3f,0x7f,0x7f,0x7f,0x7f,0xbf,0xff,0xdf,0x9f,
0x7f,0x7f,0x7f,0x5f,0x20,0x00,0x3f,0x7f,0x7f,0x7f,
0x7f,0x7f,0x7f,0x7f,0x7f,0x7f,0x3f,0x00,0x7f,0xff,
0xbf,0x40,0x00,0x00,0x00,0x40,0xbf,0xff,0x7f,0x00,
0x00,0x00,0x00,0x7f,0xff,0xbf,0x40,0x00,0x00,0x00,
0x40,0xbf,0xff,0x7f,0x00,0x7f,0xff,0xbf,0x40,0x00,
0x7f,0xff,0xbf,0x40,0x00,0x7f,0xff,0xbf,0x40,0x00,
0x7f,0xff,0xbf,0x40,0x00,0x7f,0xff,0xbf,0x40,0x00,
0x7f,0xff,0xbf,0x40,0x00,0x00,0x00,0x00,0x00,0x40,
0xbf,0xff,0xbf,0x7f,0x7f,0x7f,0x7f,0x3f,0x00,0x00,
0x00,0x00,0x7f,0xff,0xdf,0x9f,0x7f,0x7f,0x7f,0x5f,
0x20,0x00,0x00,0x00,0x40,0xbf,0xff,0x7f,0x00,0x00,
0x00,0x00,0x7f,0xff,0xdf,0x9f,0x7f,0x7f,0x7f,0x5f,
0x20,0x00,0x00,0x00,0x00,0x00,0x20,0x5f,0x7f,0x7f,
0x7f,0x9f,0xdf,0xff,0x7f,0x00,0x7f,0xff,0xdf,0x9f,
0x7f,0xbf,0xff,0xbf,0x40,0x00,0x00,0x00,0x40,0xbf,
0xff,0x7f,0x00,0x3f,0x7f,0x7f,0x7f,0x7f,0x7f,0x7f,
0x9f,0xdf,0xff,0x7f,0x00,0x20,0x40,0x40,0x40,0x40,
0x40,0x40,0x40,0x40,0x40,0x20,0x00,0x00,0x00,0x20,
0x5f,0x7f,0x7f,0x7f,0x5f,0x20,0x00,0x00,0x00,0x00,
0x00,0x00,0x00,0x00,0x00,0x00,0x00,0x00,0x00,0x00,
0x00,0x00,0x00,0x00,0x00,0x00,0x00,0x00,0x00,0x00,
0x00,0x00,0x00,0x00,0x00,0x00,0x00,0x00,0x00,0x00,
0x00,0x00,0x00,0x00,0x00,0x7f,0xff,0xbf,0x40,0x00,
0x00,0x00,0x00,0x00,0x00,0x7f,0xff,0xbf,0x40,0x00,
0x00,0x00,0x40,0xbf,0xff,0x7f,0x00,0x7f,0xff,0xbf,
0x40,0x00,0x7f,0xff,0xbf,0x40,0x00,0x7f,0xff,0xbf,
0x40,0x00,0x00,0x00,0x40,0xbf,0xff,0xff,0xff,0xbf,
0x40,0x00,0x00,0x00,0x7f,0xff,0xbf,0x40,0x00,0x00,
0x00,0x40,0xbf,0xff,0x7f,0x00,0x00,0x00,0x00,0x7f,
0xff,0xbf,0x40,0x00,0x00,0x00,0x40,0xbf,0xff,0x7f,
0x00,0x7f,0xff,0xbf,0x40,0x00,0x7f,0xff,0xbf,0x40,
0x00,0x7f,0xff,0xbf,0x40,0x00,0x7f,0xff,0xbf,0x40,
0x00,0x7f,0xff,0xbf,0x40,0x00,0x7f,0xff,0xbf,0x40,
0x00,0x00,0x00,0x00,0x00,0x40,0xbf,0xff,0xff,0xff,
0xff,0xff,0xff,0x7f,0x00,0x00,0x00,0x00,0x7f,0xff,
0xff,0xff,0xff,0xff,0xff,0xbf,0x40,0x00,0x00,0x00,
0x40,0xbf,0xff,0x7f,0x00,0x00,0x00,0x00,0x7f,0xff,
0xff,0xff,0xff,0xff,0xff,0xbf,0x40,0x00,0x00,0x00,
0x00,0x00,0x40,0xbf,0xff,0xff,0xff,0xff,0xff,0xff,
0x7f,0x00,0x7f,0xff,0xff,0xff,0xff,0xff,0xff,0xbf,
0x40,0x00,0x00,0x00,0x40,0xbf,0xff,0x7f,0x00,0x00,
0x00,0x40,0xbf,0xff,0xff,0xff,0xff,0xff,0xff,0x7f,
0x00,0x5f,0xbf,0xbf,0xbf,0xbf,0xbf,0xbf,0xbf,0xbf,
0xbf,0x5f,0x00,0x00,0x00,0x40,0xbf,0xff,0xff,0xff,
0xbf,0x40,0x00,0x00,0x00,0x00,0x00,0x00,0x00,0x00,
0x00,0x00,0x00,0x00,0x00,0x00,0x00,0x00,0x00,0x00,
0x00,0x00,0x00,0x00,0x00,0x00,0x00,0x00,0x00,0x00,
0x00,0x00,0x00,0x00,0x00,0x00,0x00,0x00,0x00,0x00,
0x00,0x7f,0xff,0xbf,0x40,0x00,0x00,0x00,0x00,0x00,
0x00,0x7f,0xff,0xbf,0x40,0x00,0x00,0x00,0x40,0xbf,
0xff,0x7f,0x00,0x7f,0xff,0xbf,0x40,0x00,0x7f,0xff,
0xbf,0x40,0x00,0x7f,0xff,0xbf,0x40,0x00,0x00,0x00,
0x40,0xbf,0xff,0xff,0xff,0xbf,0x40,0x00,0x00,0x00,
0x7f,0xff,0xbf,0x40,0x00,0x00,0x00,0x40,0xbf,0xff,
0x7f,0x00,0x00,0x00,0x00,0x5f,0xbf,0x9f,0x60,0x40,
0x40,0x40,0x6f,0xcf,0xff,0x7f,0x00,0x7f,0xff,0xbf,
0x40,0x00,0x7f,0xff,0xbf,0x40,0x00,0x7f,0xff,0xbf,
0x40,0x00,0x7f,0xff,0xbf,0x40,0x00,0x7f,0xff,0xbf,
0x40,0x00,0x7f,0xff,0xbf,0x40,0x00,0x00,0x00,0x00,
0x00,0x40,0xbf,0xff,0xdf,0xbf,0xbf,0xbf,0xbf,0x7f,
0x40,0x30,0x10,0x00,0x7f,0xff,0xef,0xcf,0xbf,0xbf,
0xbf,0x9f,0x60,0x40,0x20,0x00,0x40,0xbf,0xff,0x7f,
0x00,0x00,0x00,0x00,0x7f,0xff,0xef,0xcf,0xbf,0xbf,
0xbf,0x9f,0x60,0x40,0x20,0x00,0x00,0x00,0x30,0x8f,
0xbf,0xbf,0xbf,0xcf,0xef,0xff,0x7f,0x00,0x7f,0xff,
0xef,0xcf,0xbf,0xdf,0xff,0xbf,0x40,0x00,0x00,0x00,
0x40,0xbf,0xff,0x7f,0x00,0x00,0x00,0x40,0xbf,0xff,
0xdf,0xbf,0xcf,0xef,0xff,0x7f,0x00,0x7f,0xff,0xff,
0xff,0xff,0xff,0xff,0xff,0xff,0xff,0x7f,0x00,0x20,
0x40,0x60,0x9f,0xbf,0xbf,0xbf,0x9f,0x60,0x40,0x20,
0x00,0x00,0x00,0x00,0x00,0x00,0x00,0x00,0x00,0x00,
0x00,0x00,0x00,0x00,0x00,0x00,0x00,0x00,0x00,0x00,
0x00,0x00,0x00,0x00,0x00,0x00,0x00,0x00,0x00,0x00,
0x00,0x00,0x00,0x00,0x00,0x00,0x00,0x7f,0xff,0xbf,
0x40,0x00,0x00,0x00,0x00,0x00,0x00,0x7f,0xff,0xbf,
0x40,0x00,0x00,0x00,0x40,0xbf,0xff,0x7f,0x00,0x7f,
0xff,0xbf,0x40,0x00,0x7f,0xff,0xbf,0x40,0x00,0x7f,
0xff,0xbf,0x40,0x00,0x00,0x00,0x40,0xbf,0xff,0xff,
0xff,0xbf,0x40,0x00,0x00,0x00,0x7f,0xff,0xbf,0x40,
0x00,0x00,0x00,0x40,0xbf,0xff,0x7f,0x00,0x00,0x00,
0x00,0x20,0x40,0x60,0x9f,0xbf,0xbf,0xbf,0xcf,0xef,
0xff,0x7f,0x00,0x7f,0xff,0xbf,0x40,0x00,0x7f,0xff,
0xbf,0x40,0x00,0x7f,0xff,0xbf,0x40,0x00,0x7f,0xff,
0xbf,0x40,0x00,0x7f,0xff,0xbf,0x40,0x00,0x7f,0xff,
0xbf,0x40,0x00,0x00,0x00,0x00,0x00,0x40,0xbf,0xff,
0x9f,0x40,0x40,0x40,0x40,0x7f,0xbf,0x8f,0x30,0x00,
0x7f,0xff,0xcf,0x6f,0x40,0x40,0x40,0x60,0x9f,0xbf,
0x5f,0x00,0x40,0xbf,0xff,0x7f,0x00,0x00,0x00,0x00,
0x7f,0xff,0xcf,0x6f,0x40,0x40,0x40,0x60,0x9f,0xbf,
0x5f,0x00,0x00,0x00,0x10,0x30,0x40,0x40,0x40,0x6f,
0xcf,0xff,0x7f,0x00,0x7f,0xff,0xcf,0x6f,0x40,0x9f,
0xff,0xbf,0x40,0x00,0x00,0x00,0x40,0xbf,0xff,0x7f,
0x00,0x00,0x00,0x40,0xbf,0xff,0x9f,0x40,0x6f,0xcf,
0xff,0x7f,0x00,0x7f,0xff,0xdf,0x9f,0x7f,0x7f,0x7f,
0x7f,0x7f,0x7f,0x3f,0x00,0x5f,0xbf,0x9f,0x60,0x40,
0x40,0x40,0x60,0x9f,0xbf,0x5f,0x00,0x00,0x00,0x00,
0x00,0x00,0x00,0x00,0x00,0x00,0x00,0x00,0x00,0x00,
0x00,0x00,0x00,0x00,0x00,0x00,0x00,0x00,0x00,0x00,
0x00,0x00,0x00,0x00,0x00,0x00,0x00,0x00,0x00,0x00,
0x00,0x00,0x00,0x7f,0xff,0xbf,0x40,0x00,0x00,0x00,
0x00,0x00,0x00,0x7f,0xff,0xbf,0x40,0x00,0x00,0x00,
0x40,0xbf,0xff,0x7f,0x00,0x7f,0xff,0xbf,0x40,0x00,
0x7f,0xff,0xbf,0x40,0x00,0x7f,0xff,0xbf,0x40,0x00,
0x00,0x00,0x40,0xbf,0xff,0xff,0xff,0xbf,0x40,0x00,
0x00,0x00,0x7f,0xff,0xbf,0x40,0x00,0x00,0x00,0x40,
0xbf,0xff,0x7f,0x00,0x00,0x00,0x00,0x00,0x00,0x40,
0xbf,0xff,0xff,0xff,0xff,0xff,0xff,0x7f,0x00,0x7f,
0xff,0xbf,0x40,0x00,0x7f,0xff,0xbf,0x40,0x00,0x7f,
0xff,0xbf,0x40,0x00,0x7f,0xff,0xbf,0x40,0x00,0x7f,
0xff,0xbf,0x40,0x00,0x7f,0xff,0xbf,0x40,0x00,0x00,
0x00,0x00,0x00,0x40,0xbf,0xff,0x7f,0x00,0x00,0x00,
0x00,0x7f,0xff,0xbf,0x40,0x00,0x7f,0xff,0xbf,0x40,
0x00,0x00,0x00,0x40,0xbf,0xff,0x7f,0x00,0x40,0xbf,
0xff,0x7f,0x00,0x00,0x00,0x00,0x7f,0xff,0xbf,0x40,
0x00,0x00,0x00,0x40,0xbf,0xff,0x7f,0x00,0x00,0x00,
0x00,0x00,0x00,0x00,0x00,0x40,0xbf,0xff,0x7f,0x00,
0x7f,0xff,0xbf,0x40,0x00,0x7f,0xff,0xbf,0x40,0x00,
0x00,0x00,0x40,0xbf,0xff,0x7f,0x00,0x00,0x00,0x40,
0xbf,0xff,0x7f,0x00,0x40,0xbf,0xff,0x7f,0x00,0x7f,
0xff,0xbf,0x40,0x00,0x00,0x00,0x00,0x00,0x00,0x00,
0x00,0x7f,0xff,0xbf,0x40,0x00,0x00,0x00,0x40,0xbf,
0xff,0x7f,0x00,0x00,0x00,0x00,0x00,0x00,0x00,0x00,
0x00,0x00,0x00,0x00,0x00,0x00,0x00,0x00,0x00,0x00,
0x00,0x00,0x00,0x00,0x00,0x00,0x00,0x00,0x00,0x00,
0x00,0x00,0x00,0x00,0x00,0x00,0x00,0x00,0x00,0x7f,
0xff,0xbf,0x40,0x00,0x00,0x00,0x00,0x00,0x00,0x3f,
0x7f,0x7f,0x7f,0x7f,0x7f,0x7f,0x9f,0xdf,0xff,0x7f,
0x00,0x3f,0x7f,0x7f,0x7f,0x7f,0xbf,0xff,0xdf,0x9f,
0x7f,0x7f,0x7f,0x5f,0x20,0x00,0x3f,0x7f,0x7f,0x7f,
0x7f,0x7f,0x7f,0x7f,0x7f,0x7f,0x3f,0x00,0x7f,0xff,
0xbf,0x40,0x00,0x00,0x00,0x40,0xbf,0xff,0x7f,0x00,
0x00,0x00,0x00,0x00,0x00,0x20,0x5f,0x7f,0x7f,0x7f,
0x9f,0xdf,0xff,0x7f,0x00,0x7f,0xff,0xbf,0x40,0x00,
0x7f,0xff,0xbf,0x40,0x00,0x7f,0xff,0xbf,0x40,0x00,
0x7f,0xff,0xbf,0x40,0x00,0x7f,0xff,0xbf,0x40,0x00,
0x7f,0xff,0xbf,0x40,0x00,0x00,0x00,0x00,0x00,0x40,
0xbf,0xff,0x7f,0x00,0x00,0x00,0x00,0x7f,0xff,0xbf,
0x40,0x00,0x7f,0xff,0xbf,0x40,0x00,0x00,0x00,0x40,
0xbf,0xff,0x7f,0x00,0x40,0xbf,0xff,0x7f,0x00,0x00,
0x00,0x00,0x7f,0xff,0xbf,0x40,0x00,0x00,0x00,0x40,
0xbf,0xff,0x7f,0x00,0x00,0x00,0x00,0x00,0x00,0x00,
0x00,0x40,0xbf,0xff,0x7f,0x00,0x7f,0xff,0xbf,0x40,
0x00,0x7f,0xff,0xbf,0x40,0x00,0x00,0x00,0x40,0xbf,
0xff,0x7f,0x00,0x3f,0x7f,0x7f,0x7f,0x7f,0x3f,0x00,
0x40,0xbf,0xff,0x7f,0x00,0x7f,0xff,0xbf,0x40,0x00,
0x00,0x00,0x00,0x00,0x00,0x00,0x00,0x7f,0xff,0xdf,
0x9f,0x7f,0x7f,0x7f,0x9f,0xdf,0xff,0x7f,0x00,0x00,
0x00,0x00,0x00,0x00,0x00,0x00,0x00,0x00,0x00,0x00,
0x00,0x00,0x00,0x00,0x00,0x00,0x00,0x00,0x00,0x00,
0x00,0x00,0x00,0x00,0x00,0x00,0x00,0x00,0x00,0x00,
0x00,0x00,0x00,0x00,0x00,0x7f,0xff,0xbf,0x40,0x00,
0x00,0x00,0x00,0x00,0x00,0x00,0x00,0x40,0xbf,0xff,
0xff,0xff,0xff,0xff,0xff,0x7f,0x00,0x00,0x00,0x40,
0xbf,0xff,0xff,0xff,0xff,0xff,0xff,0x7f,0x00,0x00,
0x00,0x00,0x7f,0xff,0xbf,0x40,0x00,0x00,0x00,0x40,
0xbf,0xff,0x7f,0x00,0x7f,0xff,0xbf,0x40,0x00,0x00,
0x00,0x40,0xbf,0xff,0x7f,0x00,0x00,0x00,0x00,0x00,
0x00,0x00,0x00,0x00,0x00,0x00,0x40,0xbf,0xff,0x7f,
0x00,0x7f,0xff,0xbf,0x40,0x00,0x7f,0xff,0xbf,0x40,
0x00,0x7f,0xff,0xbf,0x40,0x00,0x7f,0xff,0xbf,0x40,
0x00,0x7f,0xff,0xbf,0x40,0x00,0x7f,0xff,0xbf,0x40,
0x00,0x00,0x00,0x00,0x00,0x40,0xbf,0xff,0x7f,0x00,
0x00,0x00,0x00,0x7f,0xff,0xbf,0x40,0x00,0x7f,0xff,
0xbf,0x40,0x00,0x00,0x00,0x40,0xbf,0xff,0x7f,0x00,
0x40,0xbf,0xff,0x7f,0x00,0x00,0x00,0x00,0x7f,0xff,
0xbf,0x40,0x00,0x00,0x00,0x40,0xbf,0xff,0x7f,0x00,
0x00,0x00,0x00,0x00,0x00,0x00,0x00,0x40,0xbf,0xff,
0x7f,0x00,0x7f,0xff,0xbf,0x40,0x00,0x7f,0xff,0xbf,
0x40,0x00,0x00,0x00,0x40,0xbf,0xff,0x7f,0x00,0x7f,
0xff,0xbf,0x40,0x00,0x00,0x00,0x40,0xbf,0xff,0x7f,
0x00,0x7f,0xff,0xbf,0x40,0x00,0x00,0x00,0x00,0x00,
0x00,0x00,0x00,0x7f,0xff,0xff,0xff,0xff,0xff,0xff,
0xff,0xff,0xff,0x7f,0x00,0x00,0x00,0x00,0x00,0x00,
0x00,0x00,0x00,0x00,0x00,0x00,0x00,0x00,0x00,0x00,
0x00,0x00,0x00,0x00,0x00,0x00,0x00,0x00,0x00,0x00,
0x00,0x00,0x00,0x00,0x00,0x00,0x00,0x00,0x00,0x00,
0x00,0x7f,0xff,0xbf,0x40,0x00,0x00,0x00,0x00,0x00,
0x00,0x00,0x00,0x30,0x8f,0xbf,0xbf,0xbf,0xcf,0xef,
0xff,0x7f,0x00,0x00,0x00,0x30,0x8f,0xbf,0xdf,0xff,
0xef,0xcf,0xbf,0x5f,0x00,0x00,0x00,0x00,0x7f,0xff,
0xbf,0x40,0x00,0x00,0x00,0x40,0xbf,0xff,0x7f,0x00,
0x7f,0xff,0xcf,0x6f,0x40,0x40,0x40,0x6f,0xcf,0xff,
0x9f,0x40,0x30,0x10,0x00,0x00,0x00,0x00,0x00,0x00,
0x00,0x00,0x40,0xbf,0xff,0x7f,0x00,0x7f,0xff,0xcf,
0x6f,0x40,0x9f,0xff,0xcf,0x6f,0x40,0x9f,0xff,0xbf,
0x40,0x00,0x7f,0xff,0xcf,0x6f,0x40,0x9f,0xff,0xcf,
0x6f,0x40,0x9f,0xff,0xcf,0x6f,0x40,0x20,0x00,0x00,
0x00,0x40,0xbf,0xff,0x9f,0x40,0x40,0x40,0x40,0x7f,
0xbf,0x8f,0x30,0x00,0x7f,0xff,0xcf,0x6f,0x40,0x40,
0x40,0x60,0x9f,0xbf,0x7f,0x40,0x6f,0xcf,0xff,0x9f,
0x40,0x30,0x10,0x00,0x7f,0xff,0xcf,0x6f,0x40,0x40,
0x40,0x60,0x9f,0xbf,0x5f,0x00,0x20,0x40,0x40,0x40,
0x40,0x40,0x40,0x60,0x9f,0xbf,0x5f,0x00,0x7f,0xff,
0xbf,0x40,0x00,0x5f,0xbf,0x9f,0x60,0x40,0x40,0x40,
0x60,0x9f,0xbf,0x5f,0x00,0x7f,0xff,0xbf,0x40,0x00,
0x00,0x00,0x40,0xbf,0xff,0x7f,0x00,0x7f,0xff,0xbf,
0x40,0x00,0x00,0x00,0x00,0x00,0x00,0x00,0x00,0x7f,
0xff,0xef,0xcf,0xbf,0xbf,0xbf,0xbf,0xbf,0xbf,0x5f,
0x00,0x00,0x00,0x00,0x00,0x00,0x00,0x00,0x00,0x00,
0x00,0x00,0x00,0x00,0x00,0x00,0x00,0x00,0x00,0x00,
0x00,0x00,0x00,0x00,0x00,0x00,0x00,0x00,0x00,0x00,
0x00,0x00,0x00,0x00,0x00,0x00,0x00,0x7f,0xff,0xbf,
0x40,0x00,0x00,0x00,0x00,0x00,0x00,0x00,0x00,0x10,
0x30,0x40,0x40,0x40,0x6f,0xcf,0xff,0x7f,0x00,0x00,
0x00,0x10,0x30,0x40,0x9f,0xff,0xcf,0x6f,0x40,0x20,
0x00,0x00,0x00,0x00,0x7f,0xff,0xbf,0x40,0x00,0x00,
0x00,0x40,0xbf,0xff,0x7f,0x00,0x7f,0xff,0xef,0xcf,
0xbf,0xbf,0xbf,0xcf,0xef,0xff,0xdf,0xbf,0x8f,0x30,
0x00,0x00,0x00,0x00,0x00,0x00,0x00,0x00,0x40,0xbf,
0xff,0x7f,0x00,0x7f,0xff,0xef,0xcf,0xbf,0xdf,0xff,
0xef,0xcf,0xbf,0xdf,0xff,0xbf,0x40,0x00,0x7f,0xff,
0xef,0xcf,0xbf,0xdf,0xff,0xef,0xcf,0xbf,0xdf,0xff,
0xef,0xcf,0xbf,0x5f,0x00,0x00,0x00,0x40,0xbf,0xff,
0xdf,0xbf,0xbf,0xbf,0xbf,0x7f,0x40,0x30,0x10,0x00,
0x7f,0xff,0xef,0xcf,0xbf,0xbf,0xbf,0x9f,0x60,0x40,
0x7f,0xbf,0xcf,0xef,0xff,0xdf,0xbf,0x8f,0x30,0x00,
0x7f,0xff,0xef,0xcf,0xbf,0xbf,0xbf,0x9f,0x60,0x40,
0x20,0x00,0x5f,0xbf,0xbf,0xbf,0xbf,0xbf,0xbf,0x9f,
0x60,0x40,0x20,0x00,0x7f,0xff,0xbf,0x40,0x00,0x20,
0x40,0x60,0x9f,0xbf,0xbf,0xbf,0x9f,0x60,0x40,0x20,
0x00,0x7f,0xff,0xbf,0x40,0x00,0x00,0x00,0x40,0xbf,
0xff,0x7f,0x00,0x7f,0xff,0xbf,0x40,0x00,0x00,0x00,
0x00,0x00,0x00,0x00,0x00,0x7f,0xff,0xcf,0x6f,0x40,
0x40,0x40,0x40,0x40,0x40,0x20,0x00,0x00,0x00,0x00,
0x00,0x00,0x00,0x00,0x00,0x00,0x00,0x00,0x00,0x00,
0x00,0x00,0x00,0x00,0x00,0x00,0x00,0x00,0x00,0x00,
0x00,0x00,0x00,0x00,0x00,0x00,0x00,0x00,0x00,0x00,
0x00,0x00,0x00,0x7f,0xff,0xbf,0x40,0x00,0x00,0x00,
0x00,0x00,0x00,0x00,0x00,0x00,0x00,0x00,0x00,0x00,
0x40,0xbf,0xff,0x7f,0x00,0x00,0x00,0x00,0x00,0x00,
0x7f,0xff,0xbf,0x40,0x00,0x00,0x00,0x00,0x00,0x00,
0x7f,0xff,0xbf,0x40,0x00,0x00,0x00,0x40,0xbf,0xff,
0x7f,0x00,0x7f,0xff,0xff,0xff,0xff,0xff,0xff,0xff,
0xff,0xff,0xff,0xff,0xbf,0x40,0x00,0x00,0x00,0x00,
0x00,0x00,0x00,0x00,0x40,0xbf,0xff,0x7f,0x00,0x7f,
0xff,0xff,0xff,0xff,0xff,0xff,0xff,0xff,0xff,0xff,
0xff,0xbf,0x40,0x00,0x7f,0xff,0xff,0xff,0xff,0xff,
0xff,0xff,0xff,0xff,0xff,0xff,0xff,0xff,0xff,0x7f,
0x00,0x00,0x00,0x40,0xbf,0xff,0xff,0xff,0xff,0xff,
0xff,0x7f,0x00,0x00,0x00,0x00,0x7f,0xff,0xff,0xff,
0xff,0xff,0xff,0xbf,0x40,0x00,0x7f,0xff,0xff,0xff,
0xff,0xff,0xff,0xbf,0x40,0x00,0x7f,0xff,0xff,0xff,
0xff,0xff,0xff,0xbf,0x40,0x00,0x00,0x00,0x7f,0xff,
0xff,0xff,0xff,0xff,0xff,0xbf,0x40,0x00,0x00,0x00,
0x7f,0xff,0xbf,0x40,0x00,0x00,0x00,0x40,0xbf,0xff,
0xff,0xff,0xbf,0x40,0x00,0x00,0x00,0x7f,0xff,0xbf,
0x40,0x00,0x00,0x00,0x40,0xbf,0xff,0x7f,0x00,0x7f,
0xff,0xbf,0x40,0x00,0x00,0x00,0x00,0x00,0x00,0x00,
0x00,0x7f,0xff,0xbf,0x40,0x00,0x00,0x00,0x00,0x00,
0x00,0x00,0x00,0x00,0x00,0x00,0x00,0x00,0x00,0x00,
0x00,0x00,0x00,0x00,0x00,0x00,0x00,0x00,0x00,0x00,
0x00,0x00,0x00,0x00,0x00,0x00,0x00,0x00,0x00,0x00,
0x00,0x00,0x00,0x00,0x00,0x00,0x00,0x00,0x00,0x3f,
0x7f,0x5f,0x20,0x00,0x00,0x00,0x00,0x00,0x00,0x00,
0x00,0x20,0x5f,0x7f,0x7f,0x7f,0x7f,0x7f,0x7f,0x3f,
0x00,0x00,0x00,0x00,0x00,0x00,0x3f,0x7f,0x5f,0x20,
0x00,0x00,0x00,0x00,0x00,0x00,0x3f,0x7f,0x5f,0x20,
0x00,0x00,0x00,0x20,0x5f,0x7f,0x3f,0x00,0x3f,0x7f,
0x7f,0x7f,0x7f,0x7f,0x7f,0x7f,0x7f,0x7f,0xbf,0xff,
0xbf,0x40,0x00,0x00,0x00,0x00,0x00,0x00,0x00,0x00,
0x20,0x5f,0x7f,0x3f,0x00,0x3f,0x7f,0x7f,0x7f,0x7f,
0x7f,0x7f,0x7f,0x7f,0x7f,0x7f,0x7f,0x5f,0x20,0x00,
0x3f,0x7f,0x7f,0x7f,0x7f,0x7f,0x7f,0x7f,0x7f,0x7f,
0x7f,0x7f,0x9f,0xdf,0xff,0x7f,0x00,0x00,0x00,0x20,
0x5f,0x7f,0x7f,0x7f,0x7f,0x7f,0x7f,0x3f,0x00,0x00,
0x00,0x00,0x3f,0x7f,0x7f,0x7f,0x7f,0x7f,0x7f,0x5f,
0x20,0x00,0x3f,0x7f,0x7f,0x7f,0x7f,0x7f,0x7f,0x5f,
0x20,0x00,0x3f,0x7f,0x7f,0x7f,0x7f,0x7f,0x7f,0x5f,
0x20,0x00,0x00,0x00,0x3f,0x7f,0x7f,0x7f,0x7f,0x7f,
0x7f,0x5f,0x20,0x00,0x00,0x00,0x3f,0x7f,0x5f,0x20,
0x00,0x00,0x00,0x20,0x5f,0x7f,0x7f,0x7f,0x5f,0x20,
0x00,0x00,0x00,0x3f,0x7f,0x5f,0x20,0x00,0x00,0x00,
0x20,0x5f,0x7f,0x3f,0x00,0x7f,0xff,0xcf,0x6f,0x40,
0x40,0x40,0x30,0x10,0x00,0x00,0x00,0x7f,0xff,0xbf,
0x40,0x00,0x00,0x00,0x20,0x5f,0x7f,0x3f,0x00,0x00,
0x00,0x00,0x00,0x00,0x00,0x00,0x00,0x00,0x00,0x00,
0x00,0x00,0x00,0x00,0x00,0x00,0x00,0x00,0x00,0x00,
0x00,0x00,0x00,0x00,0x00,0x00,0x00,0x00,0x00,0x00,
0x00,0x00,0x00,0x00,0x00,0x00,0x00,0x00,0x00,0x00,
0x00,0x00,0x00,0x00,0x00,0x00,0x00,0x40,0xbf,0xff,
0xff,0xff,0xbf,0x40,0x00,0x00,0x00,0x00,0x00,0x00,
0x00,0x00,0x00,0x00,0x00,0x00,0x00,0x00,0x00,0x00,
0x00,0x00,0x00,0x00,0x00,0x00,0x00,0x00,0x00,0x00,
0x00,0x00,0x00,0x00,0x00,0x00,0x00,0x00,0x00,0x00,
0x00,0x00,0x00,0x00,0x7f,0xff,0xbf,0x40,0x00,0x00,
0x00,0x00,0x00,0x00,0x00,0x00,0x00,0x00,0x00,0x00,
0x00,0x00,0x00,0x00,0x00,0x00,0x00,0x00,0x00,0x00,
0x00,0x00,0x00,0x00,0x00,0x00,0x00,0x00,0x00,0x00,
0x00,0x00,0x00,0x00,0x00,0x00,0x00,0x00,0x40,0xbf,
0xff,0x7f,0x00,0x00,0x00,0x00,0x00,0x00,0x00,0x00,
0x00,0x00,0x00,0x00,0x00,0x00,0x00,0x00,0x00,0x00,
0x00,0x00,0x00,0x00,0x00,0x00,0x00,0x00,0x00,0x00,
0x00,0x00,0x00,0x00,0x00,0x00,0x00,0x00,0x00,0x00,
0x00,0x00,0x00,0x00,0x00,0x00,0x00,0x00,0x00,0x00,
0x00,0x00,0x00,0x00,0x00,0x00,0x00,0x00,0x00,0x00,
0x00,0x00,0x00,0x00,0x00,0x00,0x00,0x00,0x00,0x00,
0x00,0x00,0x00,0x00,0x00,0x00,0x00,0x00,0x00,0x00,
0x00,0x00,0x00,0x00,0x00,0x00,0x00,0x00,0x00,0x00,
0x00,0x7f,0xff,0xef,0xcf,0xbf,0xbf,0xbf,0x8f,0x30,
0x00,0x00,0x00,0x7f,0xff,0xbf,0x40,0x00,0x00,0x00,
0x40,0xbf,0xff,0x7f,0x00,0x00,0x00,0x00,0x00,0x00,
0x00,0x00,0x00,0x00,0x00,0x00,0x00,0x00,0x00,0x00,
0x00,0x00,0x00,0x00,0x00,0x00,0x00,0x00,0x00,0x00,
0x00,0x00,0x00,0x00,0x00,0x00,0x00,0x00,0x00,0x00,
0x00,0x00,0x00,0x00,0x00,0x00,0x00,0x00,0x00,0x00,
0x00,0x00,0x00,0x30,0x8f,0xbf,0xbf,0xbf,0x8f,0x30,
0x00,0x00,0x00,0x00,0x00,0x00,0x00,0x00,0x00,0x00,
0x00,0x00,0x00,0x00,0x00,0x00,0x00,0x00,0x00,0x00,
0x00,0x00,0x00,0x00,0x00,0x00,0x00,0x00,0x00,0x00,
0x00,0x00,0x00,0x00,0x00,0x00,0x00,0x00,0x00,0x00,
0x5f,0xbf,0x8f,0x30,0x00,0x00,0x00,0x00,0x00,0x00,
0x00,0x00,0x00,0x00,0x00,0x00,0x00,0x00,0x00,0x00,
0x00,0x00,0x00,0x00,0x00,0x00,0x00,0x00,0x00,0x00,
0x00,0x00,0x00,0x00,0x00,0x00,0x00,0x00,0x00,0x00,
0x00,0x00,0x00,0x00,0x30,0x8f,0xbf,0x5f,0x00,0x00,
0x00,0x00,0x00,0x00,0x00,0x00,0x00,0x00,0x00,0x00,
0x00,0x00,0x00,0x00,0x00,0x00,0x00,0x00,0x00,0x00,
0x00,0x00,0x00,0x00,0x00,0x00,0x00,0x00,0x00,0x00,
0x00,0x00,0x00,0x00,0x00,0x00,0x00,0x00,0x00,0x00,
0x00,0x00,0x00,0x00,0x00,0x00,0x00,0x00,0x00,0x00,
0x00,0x00,0x00,0x00,0x00,0x00,0x00,0x00,0x00,0x00,
0x00,0x00,0x00,0x00,0x00,0x00,0x00,0x00,0x00,0x00,
0x00,0x00,0x00,0x00,0x00,0x00,0x00,0x00,0x00,0x00,
0x00,0x00,0x00,0x00,0x00,0x00,0x00,0x7f,0xff,0xff,
0xff,0xff,0xff,0xff,0xbf,0x40,0x00,0x00,0x00,0x5f,
0xbf,0x9f,0x60,0x40,0x40,0x40,0x60,0x9f,0xbf,0x5f,
0x00,0x00,0x00,0x00,0x00,0x00,0x00,0x00,0x00,0x00,
0x00,0x00,0x00,0x00,0x00,0x00,0x00,0x00,0x00,0x00,
0x00,0x00,0x00,0x00,0x00,0x00,0x00,0x00,0x00,0x00,
0x00,0x00,0x00,0x00,0x00,0x00,0x00,0x00,0x00,0x00,
0x00,0x00,0x00,0x00,0x00,0x00,0x00,0x00,0x00,0x10,
0x30,0x40,0x40,0x40,0x30,0x10,0x00,0x00,0x00,0x00,
0x00,0x00,0x00,0x00,0x00,0x00,0x00,0x00,0x00,0x00,
0x00,0x00,0x00,0x00,0x00,0x00,0x00,0x00,0x00,0x00,
0x00,0x00,0x00,0x00,0x00,0x00,0x00,0x00,0x00,0x00,
0x00,0x00,0x00,0x00,0x00,0x00,0x20,0x40,0x30,0x10,
0x00,0x00,0x00,0x00,0x00,0x00,0x00,0x00,0x00,0x00,
0x00,0x00,0x00,0x00,0x00,0x00,0x00,0x00,0x00,0x00,
0x00,0x00,0x00,0x00,0x00,0x00,0x00,0x00,0x00,0x00,
0x00,0x00,0x00,0x00,0x00,0x00,0x00,0x00,0x00,0x00,
0x10,0x30,0x40,0x20,0x00,0x00,0x00,0x00,0x00,0x00,
0x00,0x00,0x00,0x00,0x00,0x00,0x00,0x00,0x00,0x00,
0x00,0x00,0x00,0x00,0x00,0x00,0x00,0x00,0x00,0x00,
0x00,0x00,0x00,0x00,0x00,0x00,0x00,0x00,0x00,0x00,
0x00,0x00,0x00,0x00,0x00,0x00,0x00,0x00,0x00,0x00,
0x00,0x00,0x00,0x00,0x00,0x00,0x00,0x00,0x00,0x00,
0x00,0x00,0x00,0x00,0x00,0x00,0x00,0x00,0x00,0x00,
0x00,0x00,0x00,0x00,0x00,0x00,0x00,0x00,0x00,0x00,
0x00,0x00,0x00,0x00,0x00,0x00,0x00,0x00,0x00,0x00,
0x00,0x00,0x00,0x7f,0xff,0xdf,0x9f,0x7f,0x7f,0x7f,
0x5f,0x20,0x00,0x00,0x00,0x20,0x40,0x60,0x9f,0xbf,
0xbf,0xbf,0x9f,0x60,0x40,0x20,0x00,0x00,0x00,0x00,
0x00,0x00,0x00,0x00,0x00,0x00,0x00,0x00,0x00,0x00,
0x00,0x00,0x00,0x00,0x00,0x00,0x00,0x00,0x00,0x00,
0x00,0x00,0x00,0x00,0x00,0x00,0x00,0x00,0x00,0x00,
0x00,0x00,0x00,0x00,0x00,0x00,0x00,0x00,0x00,0x00,
0x00,0x00,0x00,0x00,0x00,0x00,0x00,0x00,0x00,0x00,
0x00,0x00,0x00,0x00,0x00,0x00,0x00,0x00,0x00,0x00,
0x00,0x00,0x00,0x00,0x00,0x00,0x00,0x00,0x00,0x00,
0x00,0x00,0x00,0x00,0x00,0x00,0x00,0x00,0x00,0x00,
0x00,0x00,0x00,0x00,0x00,0x00,0x00,0x00,0x00,0x00,
0x00,0x00,0x00,0x00,0x00,0x00,0x00,0x00,0x00,0x00,
0x00,0x00,0x00,0x00,0x00,0x00,0x00,0x00,0x00,0x00,
0x00,0x00,0x00,0x00,0x00,0x00,0x00,0x00,0x00,0x00,
0x00,0x00,0x00,0x00,0x00,0x00,0x00,0x00,0x00,0x00,
0x00,0x00,0x00,0x00,0x00,0x00,0x00,0x00,0x00,0x00,
0x00,0x00,0x00,0x00,0x00,0x00,0x00,0x00,0x00,0x00,
0x00,0x00,0x00,0x00,0x00,0x00,0x00,0x00,0x00,0x00,
0x00,0x00,0x00,0x00,0x00,0x00,0x00,0x00,0x00,0x00,
0x00,0x00,0x00,0x00,0x00,0x00,0x00,0x00,0x00,0x00,
0x00,0x00,0x00,0x00,0x00,0x00,0x00,0x00,0x00,0x00,
0x00,0x00,0x00,0x00,0x00,0x00,0x00,0x00,0x00,0x00,
0x00,0x00,0x00,0x00,0x00,0x00,0x00,0x00,0x00,0x00,
0x00,0x00,0x00,0x00,0x00,0x00,0x00,0x00,0x00,0x00,
0x00,0x00,0x00,0x00,0x00,0x00,0x00,0x00,0x00,0x7f,
0xff,0xbf,0x40,0x00,0x00,0x00,0x00,0x00,0x00,0x00,
0x00,0x00,0x00,0x40,0xbf,0xff,0xff,0xff,0xbf,0x40,
0x00,0x00,0x00,0x00,0x00,0x00,0x00,0x00,0x00,0x00,
0x00,0x00,0x00,0x00,0x00,0x00,0x00,0x00,0x00,0x00,
0x00,0x00,0x00,0x00,0x00,0x00,0x00,0x00,0x00,0x00,
0x00,0x00,0x00,0x00,0x00,0x00,0x00,0x00,0x00,0x00,
0x00,0x00,0x00,0x00,0x00,0x00,0x00,0x00,0x00,0x00,
0x00,0x00,0x00,0x00,0x00,0x00,0x00,0x00,0x00,0x00,
0x00,0x00,0x00,0x00,0x00,0x00,0x00,0x00,0x00,0x00,
0x00,0x00,0x00,0x00,0x00,0x00,0x00,0x00,0x00,0x00,
0x00,0x00,0x00,0x00,0x00,0x00,0x00,0x00,0x00,0x00,
0x00,0x00,0x00,0x00,0x00,0x00,0x00,0x00,0x00,0x00,
0x00,0x00,0x00,0x00,0x00,0x00,0x00,0x00,0x00,0x00,
0x00,0x00,0x00,0x00,0x00,0x00,0x00,0x00,0x00,0x00,
0x00,0x00,0x00,0x00,0x00,0x00,0x00,0x00,0x00,0x00,
0x00,0x00,0x00,0x00,0x00,0x00,0x00,0x00,0x00,0x00,
0x00,0x00,0x00,0x00,0x00,0x00,0x00,0x00,0x00,0x00,
0x00,0x00,0x00,0x00,0x00,0x00,0x00,0x00,0x00,0x00,
0x00,0x00,0x00,0x00,0x00,0x00,0x00,0x00,0x00,0x00,
0x00,0x00,0x00,0x00,0x00,0x00,0x00,0x00,0x00,0x00,
0x00,0x00,0x00,0x00,0x00,0x00,0x00,0x00,0x00,0x00,
0x00,0x00,0x00,0x00,0x00,0x00,0x00,0x00,0x00,0x00,
0x00,0x00,0x00,0x00,0x00,0x00,0x00,0x00,0x00,0x00,
0x00,0x00,0x00,0x00,0x00,0x00,0x00,0x00,0x00,0x00,
0x00,0x00,0x00,0x00,0x00,0x00,0x00,0x00,0x00,0x00,
0x00,0x00,0x00,0x00,0x00,0x7f,0xff,0xbf,0x40,0x00,
0x00,0x00,0x00,0x00,0x00,0x00,0x00,0x00,0x00,0x20,
0x5f,0x7f,0x7f,0x7f,0x5f,0x20,0x00,0x00,0x00,0x00,
0x00,0x00,0x00,0x00,0x00,0x00,0x00,0x00,0x00,0x00,
0x00,0x00,0x00,0x00,0x00,0x00,0x00,0x00,0x00,0x00,
0x00,0x00,0x00,0x00,0x00,0x00,0x00,0x00,0x00,0x00,
0x00,0x00,0x00,0x00,0x00,0x00,0x00,0x00,0x00,0x00,
0x00,0x00,0x00,0x00,0x00,0x00,0x00,0x00,0x00,0x00,
0x00,0x00,0x00,0x00,0x00,0x00,0x00,0x00,0x00,0x00,
0x00,0x00,0x00,0x00,0x00,0x00,0x00,0x00,0x00,0x00,
0x00,0x00,0x00,0x00,0x00,0x00,0x00,0x00,0x00,0x00,
0x00,0x00,0x00,0x00,0x00,0x00,0x00,0x00,0x00,0x00,
0x00,0x00,0x00,0x00,0x00,0x00,0x00,0x00,0x00,0x00,
0x00,0x00,0x00,0x00,0x00,0x00,0x00,0x00,0x00,0x00,
0x00,0x00,0x00,0x00,0x00,0x00,0x00,0x00,0x00,0x00,
0x00,0x00,0x00,0x00,0x00,0x00,0x00,0x00,0x00,0x00,
0x00,0x00,0x00,0x00,0x00,0x00,0x00,0x00,0x00,0x00,
0x00,0x00,0x00,0x00,0x00,0x00,0x00,0x00,0x00,0x00,
0x00,0x00,0x00,0x00,0x00,0x00,0x00,0x00,0x00,0x00,
0x00,0x00,0x00,0x00,0x00,0x00,0x00,0x00,0x00,0x00,
0x00,0x00,0x00,0x00,0x00,0x00,0x00,0x00,0x00,0x00,
0x00,0x00,0x00,0x00,0x00,0x00,0x00,0x00,0x00,0x00,
0x00,0x00,0x00,0x00,0x00,0x00,0x00,0x00,0x00,0x00,
0x00,0x00,0x00,0x00,0x00,0x00,0x00,0x00,0x00,0x00,
0x00,0x00,0x00,0x00,0x00,0x00,0x00,0x00,0x00,0x00,
0x00,0x00,0x00,0x00,0x00,0x00,0x00,0x00,0x00,0x00,
0x00,0x7f,0xff,0xbf,0x40,0x00,0x00,0x00,0x00,0x00,
0x00,0x00,0x00,0x00,0x00,0x00,0x00,0x00,0x00,0x00,
0x00,0x00,0x00,0x00,0x00,0x00,0x00,0x00,0x00,0x00,
0x00,0x00,0x00,0x00,0x00,0x00,0x00,0x00,0x00,0x00,
0x00,0x00,0x00,0x00,0x00,0x00,0x00,0x00,0x00,0x00,
0x00,0x00,0x00,0x00,0x00,0x00,0x00,0x00,0x00,0x00,
0x00,0x00,0x00,0x00,0x00,0x00,0x00,0x00,0x00,0x00,
0x00,0x00,0x00,0x00,0x00,0x00,0x00,0x00,0x00,0x00,
0x00,0x00,0x00,0x00,0x00,0x00,0x00,0x00,0x00,0x00,
0x00,0x00,0x00,0x00,0x00,0x00,0x00,0x00,0x00,0x00,
0x00,0x00,0x00,0x00,0x00,0x00,0x00,0x00,0x00,0x00,
0x00,0x00,0x00,0x00,0x00,0x00,0x00,0x00,0x00,0x00,
0x00,0x00,0x00,0x00,0x00,0x00,0x00,0x00,0x00,0x00,
0x00,0x00,0x00,0x00,0x00,0x00,0x00,0x00,0x00,0x00,
0x00,0x00,0x00,0x00,0x00,0x00,0x00,0x00,0x00,0x00,
0x00,0x00,0x00,0x00,0x00,0x00,0x00,0x00,0x00,0x00,
0x00,0x00,0x00,0x00,0x00,0x00,0x00,0x00,0x00,0x00,
0x00,0x00,0x00,0x00,0x00,0x00,0x00,0x00,0x00,0x00,
0x00,0x00,0x00,0x00,0x00,0x00,0x00,0x00,0x00,0x00,
0x00,0x00,0x00,0x00,0x00,0x00,0x00,0x00,0x00,0x00,
0x00,0x00,0x00,0x00,0x00,0x00,0x00,0x00,0x00,0x00,
0x00,0x00,0x00,0x00,0x00,0x00,0x00,0x00,0x00,0x00,
0x00,0x00,0x00,0x00,0x00,0x00,0x00,0x00,0x00,0x00,
0x00,0x00,0x00,0x00,0x00,0x00,0x00,0x00,0x00,0x00,
0x00,0x00,0x00,0x00,0x00,0x00,0x00,0x00,0x00,0x00,
0x00,0x00,0x00,0x00,0x00,0x00,0x00,0x7f,0xff,0xbf,
0x40,0x00,0x00,0x00,0x00,0x00,0x00,0x00,0x00,0x00,
0x00,0x00,0x00,0x00,0x00,0x00,0x00,0x00,0x00,0x00,
0x00,0x00,0x00,0x00,0x00,0x00,0x00,0x00,0x00,0x00,
0x00,0x00,0x00,0x00,0x00,0x00,0x00,0x00,0x00,0x00,
0x00,0x00,0x00,0x00,0x00,0x00,0x00,0x00,0x00,0x00,
0x00,0x00,0x00,0x00,0x00,0x00,0x00,0x00,0x00,0x00,
0x00,0x00,0x00,0x00,0x00,0x00,0x00,0x00,0x00,0x00,
0x00,0x00,0x00,0x00,0x00,0x00,0x00,0x00,0x00,0x00,
0x00,0x00,0x00,0x00,0x00,0x00,0x00,0x00,0x00,0x00,
0x00,0x00,0x00,0x00,0x00,0x00,0x00,0x00,0x00,0x00,
0x00,0x00,0x00,0x00,0x00,0x00,0x00,0x00,0x00,0x00,
0x00,0x00,0x00,0x00,0x00,0x00,0x00,0x00,0x00,0x00,
0x00,0x00,0x00,0x00,0x00,0x00,0x00,0x00,0x00,0x00,
0x00,0x00,0x00,0x00,0x00,0x00,0x00,0x00,0x00,0x00,
0x00,0x00,0x00,0x00,0x00,0x00,0x00,0x00,0x00,0x00,
0x00,0x00,0x00,0x00,0x00,0x00,0x00,0x00,0x00,0x00,
0x00,0x00,0x00,0x00,0x00,0x00,0x00,0x00,0x00,0x00,
0x00,0x00,0x00,0x00,0x00,0x00,0x00,0x00,0x00,0x00,
0x00,0x00,0x00,0x00,0x00,0x00,0x00,0x00,0x00,0x00,
0x00,0x00,0x00,0x00,0x00,0x00,0x00,0x00,0x00,0x00,
0x00,0x00,0x00,0x00,0x00,0x00,0x00,0x00,0x00,0x00,
0x00,0x00,0x00,0x00,0x00,0x00,0x00,0x00,0x00,0x00,
0x00,0x00,0x00,0x00,0x00,0x00,0x00,0x00,0x00,0x00,
0x00,0x00,0x00,0x00,0x00,0x00,0x00,0x00,0x00,0x00,
0x00,0x00,0x00,0x00,0x00,0x00,0x00,0x00,0x00,0x00,
0x00,0x00,0x00,0x7f,0xff,0xbf,0x40,0x00,0x00,0x00,
0x00,0x00,0x00,0x00,0x00,0x00,0x00,0x00,0x00,0x00,
0x00,0x00,0x00,0x00,0x00,0x00,0x00,0x00,0x00,0x00,
0x00,0x00,0x00,0x00,0x00,0x00,0x00,0x00,0x00,0x00,
0x00,0x00,0x00,0x00,0x00,0x00,0x00,0x00,0x00,0x00,
0x00,0x00,0x00,0x00,0x00,0x00,0x00,0x00,0x00,0x00,
0x00,0x00,0x00,0x00,0x00,0x00,0x00,0x00,0x00,0x00,
0x00,0x00,0x00,0x00,0x00,0x00,0x00,0x00,0x00,0x00,
0x00,0x00,0x00,0x00,0x00,0x00,0x00,0x00,0x00,0x00,
0x00,0x00,0x00,0x00,0x00,0x00,0x00,0x00,0x00,0x00,
0x00,0x00,0x00,0x00,0x00,0x00,0x00,0x00,0x00,0x00,
0x00,0x00,0x00,0x00,0x00,0x00,0x00,0x00,0x00,0x00,
0x00,0x00,0x00,0x00,0x00,0x00,0x00,0x00,0x00,0x00,
0x00,0x00,0x00,0x00,0x00,0x00,0x00,0x00,0x00,0x00,
0x00,0x00,0x00,0x00,0x00,0x00,0x00,0x00,0x00,0x00,
0x00,0x00,0x00,0x00,0x00,0x00,0x00,0x00,0x00,0x00,
0x00,0x00,0x00,0x00,0x00,0x00,0x00,0x00,0x00,0x00,
0x00,0x00,0x00,0x00,0x00,0x00,0x00,0x00,0x00,0x00,
0x00,0x00,0x00,0x00,0x00,0x00,0x00,0x00,0x00,0x00,
0x00,0x00,0x00,0x00,0x00,0x00,0x00,0x00,0x00,0x00,
0x00,0x00,0x00,0x00,0x00,0x00,0x00,0x00,0x00,0x00,
0x00,0x00,0x00,0x00,0x00,0x00,0x00,0x00,0x00,0x00,
0x00,0x00,0x00,0x00,0x00,0x00,0x00,0x00,0x00,0x00,
0x00,0x00,0x00,0x00,0x00,0x00,0x00,0x00,0x00,0x00,
0x00,0x00,0x00,0x00,0x00,0x00,0x00,0x00,0x00,0x00,
0x00,0x00,0x00,0x00,0x00,0x00,0x00,0x00,0x00,0x7f,
0xff,0xbf,0x40,0x00,0x00,0x00,0x00,0x00,0x00,0x00,
0x00,0x00,0x00,0x00,0x00,0x00,0x00,0x00,0x00,0x00,
0x00,0x00,0x00,0x00,0x00,0x00,0x00,0x00,0x00,0x00,
0x00,0x00,0x00,0x00,0x00,0x00,0x00,0x00,0x00,0x00,
0x00,0x00,0x00,0x00,0x00,0x00,0x00,0x00,0x00,0x00,
0x00,0x00,0x00,0x00,0x00,0x00,0x00,0x00,0x00,0x00,
0x00,0x00,0x00,0x00,0x00,0x00,0x00,0x00,0x00,0x00,
0x00,0x00,0x00,0x00,0x00,0x00,0x00,0x00,0x00,0x00,
0x00,0x00,0x00,0x00,0x00,0x00,0x00,0x00,0x00,0x00,
0x00,0x00,0x00,0x00,0x00,0x00,0x00,0x00,0x00,0x00,
0x00,0x00,0x00,0x00,0x00,0x00,0x00,0x00,0x00,0x00,
0x00,0x00,0x00,0x00,0x00,0x00,0x00,0x00,0x00,0x00,
0x00,0x00,0x00,0x00,0x00,0x00,0x00,0x00,0x00,0x00,
0x00,0x00,0x00,0x00,0x00,0x00,0x00,0x00,0x00,0x00,
0x00,0x00,0x00,0x00,0x00,0x00,0x00,0x00,0x00,0x00,
0x00,0x00,0x00,0x00,0x00,0x00,0x00,0x00,0x00,0x00,
0x00,0x00,0x00,0x00,0x00,0x00,0x00,0x00,0x00,0x00,
0x00,0x00,0x00,0x00,0x00,0x00,0x00,0x00,0x00,0x00,
0x00,0x00,0x00,0x00,0x00,0x00,0x00,0x00,0x00,0x00,
0x00,0x00,0x00,0x00,0x00,0x00,0x00,0x00,0x00,0x00,
0x00,0x00,0x00,0x00,0x00,0x00,0x00,0x00,0x00,0x00,
0x00,0x00,0x00,0x00,0x00,0x00,0x00,0x00,0x00,0x00,
0x00,0x00,0x00,0x00,0x00,0x00,0x00,0x00,0x00,0x00,
0x00,0x00,0x00,0x00,0x00,0x00,0x00,0x00,0x00,0x00,
0x00,0x00,0x00,0x00,0x00,0x00,0x00,0x00,0x00,0x00,
0x00,0x00,0x00,0x00,0x00,0x7f,0xff,0xcf,0x6f,0x40,
0x40,0x40,0x40,0x40,0x40,0x20,0x00,0x00,0x00,0x00,
0x00,0x00,0x00,0x00,0x00,0x00,0x00,0x00,0x00,0x00,
0x00,0x00,0x00,0x00,0x00,0x00,0x00,0x00,0x00,0x00,
0x00,0x00,0x00,0x00,0x00,0x00,0x00,0x00,0x00,0x00,
0x00,0x00,0x00,0x00,0x00,0x00,0x00,0x00,0x00,0x00,
0x00,0x00,0x00,0x00,0x00,0x00,0x00,0x00,0x00,0x00,
0x00,0x00,0x00,0x00,0x00,0x00,0x00,0x00,0x00,0x00,
0x00,0x00,0x00,0x00,0x00,0x00,0x00,0x00,0x00,0x00,
0x00,0x00,0x00,0x00,0x00,0x00,0x00,0x00,0x00,0x00,
0x00,0x00,0x00,0x00,0x00,0x00,0x00,0x00,0x00,0x00,
0x00,0x00,0x00,0x00,0x00,0x00,0x00,0x00,0x00,0x00,
0x00,0x00,0x00,0x00,0x00,0x00,0x00,0x00,0x00,0x00,
0x00,0x00,0x00,0x00,0x00,0x00,0x00,0x00,0x00,0x00,
0x00,0x00,0x00,0x00,0x00,0x00,0x00,0x00,0x00,0x00,
0x00,0x00,0x00,0x00,0x00,0x00,0x00,0x00,0x00,0x00,
0x00,0x00,0x00,0x00,0x00,0x00,0x00,0x00,0x00,0x00,
0x00,0x00,0x00,0x00,0x00,0x00,0x00,0x00,0x00,0x00,
0x00,0x00,0x00,0x00,0x00,0x00,0x00,0x00,0x00,0x00,
0x00,0x00,0x00,0x00,0x00,0x00,0x00,0x00,0x00,0x00,
0x00,0x00,0x00,0x00,0x00,0x00,0x00,0x00,0x00,0x00,
0x00,0x00,0x00,0x00,0x00,0x00,0x00,0x00,0x00,0x00,
0x00,0x00,0x00,0x00,0x00,0x00,0x00,0x00,0x00,0x00,
0x00,0x00,0x00,0x00,0x00,0x00,0x00,0x00,0x00,0x00,
0x00,0x00,0x00,0x00,0x00,0x00,0x00,0x00,0x00,0x00,
0x00,0x00,0x00,0x00,0x00,0x00,0x00,0x00,0x00,0x00,
0x00,0x7f,0xff,0xef,0xcf,0xbf,0xbf,0xbf,0xbf,0xbf,
0xbf,0x5f,0x00,0x00,0x00,0x00,0x00,0x00,0x00,0x00,
0x00,0x00,0x00,0x00,0x00,0x00,0x00,0x00,0x00,0x00,
0x00,0x00,0x00,0x00,0x00,0x00,0x00,0x00,0x00,0x00,
0x00,0x00,0x00,0x00,0x00,0x00,0x00,0x00,0x00,0x00,
0x00,0x00,0x00,0x00,0x00,0x00,0x00,0x00,0x00,0x00,
0x00,0x00,0x00,0x00,0x00,0x00,0x00,0x00,0x00,0x00,
0x00,0x00,0x00,0x00,0x00,0x00,0x00,0x00,0x00,0x00,
0x00,0x00,0x00,0x00,0x00,0x00,0x00,0x00,0x00,0x00,
0x00,0x00,0x00,0x00,0x00,0x00,0x00,0x00,0x00,0x00,
0x00,0x00,0x00,0x00,0x00,0x00,0x00,0x00,0x00,0x00,
0x00,0x00,0x00,0x00,0x00,0x00,0x00,0x00,0x00,0x00,
0x00,0x00,0x00,0x00,0x00,0x00,0x00,0x00,0x00,0x00,
0x00,0x00,0x00,0x00,0x00,0x00,0x00,0x00,0x00,0x00,
0x00,0x00,0x00,0x00,0x00,0x00,0x00,0x00,0x00,0x00,
0x00,0x00,0x00,0x00,0x00,0x00,0x00,0x00,0x00,0x00,
0x00,0x00,0x00,0x00,0x00,0x00,0x00,0x00,0x00,0x00,
0x00,0x00,0x00,0x00,0x00,0x00,0x00,0x00,0x00,0x00,
0x00,0x00,0x00,0x00,0x00,0x00,0x00,0x00,0x00,0x00,
0x00,0x00,0x00,0x00,0x00,0x00,0x00,0x00,0x00,0x00,
0x00,0x00,0x00,0x00,0x00,0x00,0x00,0x00,0x00,0x00,
0x00,0x00,0x00,0x00,0x00,0x00,0x00,0x00,0x00,0x00,
0x00,0x00,0x00,0x00,0x00,0x00,0x00,0x00,0x00,0x00,
0x00,0x00,0x00,0x00,0x00,0x00,0x00,0x00,0x00,0x00,
0x00,0x00,0x00,0x00,0x00,0x00,0x00,0x00,0x00,0x00,
0x00,0x00,0x00,0x00,0x00,0x00,0x00,0x7f,0xff,0xff,
0xff,0xff,0xff,0xff,0xff,0xff,0xff,0x7f,0x00,0x00,
0x00,0x00,0x00,0x00,0x00,0x00,0x00,0x00,0x00,0x00,
0x00,0x00,0x00,0x00,0x00,0x00,0x00,0x00,0x00,0x00,
0x00,0x00,0x00,0x00,0x00,0x00,0x00,0x00,0x00,0x00,
0x00,0x00,0x00,0x00,0x00,0x00,0x00,0x00,0x00,0x00,
0x00,0x00,0x00,0x00,0x00,0x00,0x00,0x00,0x00,0x00,
0x00,0x00,0x00,0x00,0x00,0x00,0x00,0x00,0x00,0x00,
0x00,0x00,0x00,0x00,0x00,0x00,0x00,0x00,0x00,0x00,
0x00,0x00,0x00,0x00,0x00,0x00,0x00,0x00,0x00,0x00,
0x00,0x00,0x00,0x00,0x00,0x00,0x00,0x00,0x00,0x00,
0x00,0x00,0x00,0x00,0x00,0x00,0x00,0x00,0x00,0x00,
0x00,0x00,0x00,0x00,0x00,0x00,0x00,0x00,0x00,0x00,
0x00,0x00,0x00,0x00,0x00,0x00,0x00,0x00,0x00,0x00,
0x00,0x00,0x00,0x00,0x00,0x00,0x00,0x00,0x00,0x00,
0x00,0x00,0x00,0x00,0x00,0x00,0x00,0x00,0x00,0x00,
0x00,0x00,0x00,0x00,0x00,0x00,0x00,0x00,0x00,0x00,
0x00,0x00,0x00,0x00,0x00,0x00,0x00,0x00,0x00,0x00,
0x00,0x00,0x00,0x00,0x00,0x00,0x00,0x00,0x00,0x00,
0x00,0x00,0x00,0x00,0x00,0x00,0x00,0x00,0x00,0x00,
0x00,0x00,0x00,0x00,0x00,0x00,0x00,0x00,0x00,0x00,
0x00,0x00,0x00,0x00,0x00,0x00,0x00,0x00,0x00,0x00,
0x00,0x00,0x00,0x00,0x00,0x00,0x00,0x00,0x00,0x00,
0x00,0x00,0x00,0x00,0x00,0x00,0x00,0x00,0x00,0x00,
0x00,0x00,0x00,0x00,0x00,0x00,0x00,0x00,0x00,0x00,
0x00,0x00,0x00,0x00,0x00,0x00,0x00,0x00,0x00,0x00,
0x00,0x00,0x00,0x3f,0x7f,0x7f,0x7f,0x7f,0x7f,0x7f,
0x7f,0x7f,0x7f,0x3f,0x00,0x00,0x00,0x00,0x00,0x00,
0x00,0x00,0x00,0x00,0x00,0x00,0x00,0x00,0x00,0x00,
0x00,0x00,0x00,0x00,0x00,0x00,0x00,0x00,0x00,0x00,
0x00,0x00,0x00,0x00,0x00,0x00,0x00,0x00,0x00,0x00,
0x00,0x00,0x00,0x00,0x00,0x00,0x00,0x00,0x00,0x00,
0x00,0x00,0x00,0x00,0x00,0x00,0x00,0x00,0x00,0x00,
0x00,0x00,0x00,0x00,0x00,0x00,0x00,0x00,0x00,0x00,
0x00,0x00,0x00,0x00,0x00,0x00,0x00,0x00,0x00,0x00,
0x00,0x00,0x00,0x00,0x00,0x00,0x00,0x00,0x00,0x00,
0x00,0x00,0x00,0x00,0x00,0x00,0x00,0x00,0x00,0x00,
0x00,0x00,0x00,0x00,0x00,0x00,0x00,0x00,0x00,0x00,
0x00,0x00,0x00,0x00,0x00,0x00,0x00,0x00,0x00,0x00,
0x00,0x00,0x00,0x00,0x00,0x00,0x00,0x00,0x00,0x00,
0x00,0x00,0x00,0x00,0x00,0x00,0x00,0x00,0x00,0x00,
0x00,0x00,0x00,0x00,0x00,0x00,0x00,0x00,0x00,0x00,
0x00,0x00,0x00,0x00,0x00,0x00,0x00,0x00,0x00,0x00,
0x00,0x00,0x00,0x00,0x00,0x00,0x00,0x00,0x00,0x00,
0x00,0x00,0x00,0x00,0x00,0x00,0x00,0x00,0x00,0x00,
0x00,0x00,0x00,0x00,0x00,0x00,0x00,0x00,0x00,0x00,
0x00,0x00,0x00,0x00,0x00,0x00,0x00,0x00,0x00,0x00,
0x00,0x00,0x00,0x00,0x00,0x00,0x00,0x00,0x00,0x00,
0x00,0x00,0x00,0x00,0x00,0x00,0x00,0x00,0x00,0x00,
0x00,0x00,0x00,0x00,0x00,0x00,0x00,0x00,0x00,0x00,
0x00,0x00,0x00,0x00,0x00,0x00,0x00,0x00,0x00,0x00,
0x00,0x00,0x00,0x00,0x00,0x00,0x00,0x00,0x00,0x00,
0x00,0x00,0x00,0x00,0x00,0x00,0x00,0x00,0x00,0x00,
0x00,0x00,0x00,0x00,0x00,0x00,0x00,0x00,0x00,0x00,
0x00,0x00,0x00,0x00,0x00,0x00,0x00,0x00,0x00,0x00,
0x00,0x00,0x00,0x00,0x00,0x00,0x00,0x00,0x00,0x00,
0x00,0x00,0x00,0x00,0x00,0x00,0x00,0x00,0x00,0x00,
0x00,0x00,0x00,0x00,0x00,0x00,0x00,0x00,0x00,0x00,
0x00,0x00,0x00,0x00,0x00,0x00,0x00,0x00,0x00,0x00,
0x00,0x00,0x00,0x00,0x00,0x00,0x00,0x00,0x00,0x00,
0x00,0x00,0x00,0x00,0x00,0x00,0x00,0x00,0x00,0x00,
0x00,0x00,0x00,0x00,0x00,0x00,0x00,0x00,0x00,0x00,
0x00,0x00,0x00,0x00,0x00,0x00,0x00,0x00,0x00,0x00,
0x00,0x00,0x00,0x00,0x00,0x00,0x00,0x00,0x00,0x00,
0x00,0x00,0x00,0x00,0x00,0x00,0x00,0x00,0x00,0x00,
0x00,0x00,0x00,0x00,0x00,0x00,0x00,0x00,0x00,0x00,
0x00,0x00,0x00,0x00,0x00,0x00,0x00,0x00,0x00,0x00,
0x00,0x00,0x00,0x00,0x00,0x00,0x00,0x00,0x00,0x00,
0x00,0x00,0x00,0x00,0x00,0x00,0x00,0x00,0x00,0x00,
0x00,0x00,0x00,0x00,0x00,0x00,0x00,0x00,0x00,0x00,
0x00,0x00,0x00,0x00,0x00,0x00,0x00,0x00,0x00,0x00,
0x00,0x00,0x00,0x00,0x00,0x00,0x00,0x00,0x00,0x00,
0x00,0x00,0x00,0x00,0x00,0x00,0x00,0x00,0x00,0x00,
0x00,0x00,0x00,0x00,0x00,0x00,0x00,0x00,0x00,0x00,
0x00,0x00,0x00,0x00,0x00,0x00,0x00,0x00,0x00,0x00,
0x00,0x00,0x00,0x00,0x00,0x00,0x00,0x00,0x00,0x00,
0x00,0x00,0x00,0x00,0x00,0x00,0x00,0x00,0x00,0x00,
0x00,0x00,0x00,0x00,0x00,0x00,0x00,0x00,0x00,0x00,
0x00,0x00,0x00,0x00,0x00,0x00,0x00,0x00,0x00,0x00,
0x00,0x00,0x00,0x00,0x00,0x00,0x00,0x00,0x00,0x00,
0x00,0x00,0x00,0x00,0x00,0x00,0x00,0x00,0x00,0x00,
0x00,0x00,0x00,0x00,0x00,0x00,0x00,0x00,0x00,0x00,
0x00,0x00,0x00,0x00,0x00,0x00,0x00,0x00,0x00,0x00,
0x00,0x00,0x00,0x00,0x00,0x00,0x00,0x00,0x00,0x00,
0x00,0x00,0x00,0x00,0x00,0x00,0x00,0x00,0x00,0x00,
0x00,0x00,0x00,0x00,0x00,0x00,0x00,0x00,0x00,0x00,
0x00,0x00,0x00,0x00,0x00,0x00,0x00,0x00,0x00,0x00,
0x00,0x00,0x00,0x00,0x00,0x00,0x00,0x00,0x00,0x00,
0x00,0x00,0x00,0x00,0x00,0x00,0x00,0x00,0x00,0x00,
0x00,0x00,0x00,0x00,0x00,0x00,0x00,0x00,0x00,0x00,
0x00,0x00,0x00,0x00,0x00,0x00,0x00,0x00,0x00,0x00,
0x00,0x00,0x00,0x00,0x00,0x00,0x00,0x00,0x00,0x00,
0x00,0x00,0x00,0x00,0x00,0x00,0x00,0x00,0x00,0x00,
0x00,0x00,0x00,0x00,0x00,0x00,0x00,0x00,0x00,0x00,
0x00,0x00,0x00,0x00,0x00,0x00,0x00,0x00,0x00,0x00,
0x00,0x00,0x00,0x00,0x00,0x00,0x00,0x00,0x00,0x00,
0x00,0x00,0x00,0x00,0x00,0x00,0x00,0x00,0x00,0x00,
0x00,0x00,0x00,0x00,0x00,0x00,0x00,0x00,0x00,0x00,
0x00,0x00,0x00,0x00,0x00,0x00,0x00,0x00,0x00,0x00,
0x00,0x00,0x00,0x00,0x00,0x00,0x00,0x00,0x00,0x00,
0x00,0x00,0x00,0x00,0x00,0x00,0x00,0x00,0x00,0x00,
0x00,0x00,0x00,0x00,0x00,0x00,0x00,0x00,0x00,0x00,
0x00,0x00,0x00,0x00,0x00,0x00,0x00,0x00,0x00,0x00,
0x00,0x00,0x00,0x00,0x00,0x00,0x00,0x00,0x00,0x00,
0x00,0x00,0x00,0x00,0x00,0x00,0x00,0x00,0x00,0x00,
0x00,0x00,0x00,0x00,0x00,0x00,0x00,0x00,0x00,0x00,
0x00,0x00,0x00,0x00,0x00,0x00,0x00,0x00,0x00,0x00,
0x00,0x00,0x00,0x00,0x00,0x00,0x00,0x00,0x00,0x00,
0x00,0x00,0x00,0x00,0x00,0x00,0x00,0x00,0x00,0x00,
0x00,0x00,0x00,0x00,0x00,0x00,0x00,0x00,0x00,0x00,
0x00,0x00,0x00,0x00,0x00,0x00,0x00,0x00,0x00,0x00,
0x00,0x00,0x00,0x00,0x00,0x00,0x00,0x00,0x00,0x00,
0x00,0x00,0x00,0x00,0x00,0x00,0x00,0x00,0x00,0x00,
0x00,0x00,0x00,0x00,0x00,0x00,0x00,0x00,0x00,0x00,
0x00,0x00,0x00,0x00,0x00,0x00,0x00,0x00,0x00,0x00,
0x00,0x00,0x00,0x00,0x00,0x00,0x00,0x00,0x00,0x00,
0x00,0x00,0x00,0x00,0x00,0x00,0x00,0x00,0x00,0x00,
0x00,0x00,0x00,0x00,0x00,0x00,0x00,0x00,0x00,0x00,
0x00,0x00,0x00,0x00,0x00,0x00,0x00,0x00,0x00,0x00,
0x00,0x00,0x00,0x00,0x00,0x00,0x00,0x00,0x00,0x00,
0x00,0x00,0x00,0x00,0x00,0x00,0x00,0x00,0x00,0x00,
0x00,0x00,0x00,0x00,0x00,0x00,0x00,0x00,0x00,0x00,
0x00,0x00,0x00,0x00,0x00,0x00,0x00,0x00,0x00,0x00,
0x00,0x00,0x00,0x00,0x00,0x00,0x00,0x00,0x00,0x00,
0x00,0x00,0x00,0x00,0x00,0x00,0x00,0x00,0x00,0x00,
0x00,0x00,0x00,0x00,0x00,0x00,0x00,0x00,0x00,0x00,
0x00,0x00,0x00,0x00,0x00,0x00,0x00,0x00,0x00,0x00,
0x00,0x00,0x00,0x00,0x00,0x00,0x00,0x00,0x00,0x00,
0x00,0x00,0x00,0x00,0x00,0x00,0x00,0x00,0x00,0x00,
0x00,0x00,0x00,0x00,0x00,0x00,0x00,0x00,0x00,0x00,
0x00,0x00,0x00,0x00,0x00,0x00,0x00,0x00,0x00,0x00,
0x00,0x00,0x00,0x00,0x00,0x00,0x00,0x00,0x00,0x00,
0x00,0x00,0x00,0x00,0x00,0x00,0x00,0x00,0x00,0x00,
0x00,0x00,0x00,0x00,0x00,0x00,0x00,0x00,0x00,0x00,
0x00,0x00,0x00,0x00,0x00,0x00,0x00,0x00,0x00,0x00,
0x00,0x00,0x00,0x00,0x00,0x00,0x00,0x00,0x00,0x00,
0x00,0x00,0x00,0x00,0x00,0x00,0x00,0x00,0x00,0x00,
0x00,0x00,0x00,0x00,0x00,0x00,0x00,0x00,0x00,0x00,
0x00,0x00,0x00,0x00,0x00,0x00,0x00,0x00,0x00,0x00,
0x00,0x00,0x00,0x00,0x00,0x00,0x00,0x00,0x00,0x00,
0x00,0x00,0x00,0x00,0x00,0x00,0x00,0x00,0x00,0x00,
0x00,0x00,0x00,0x00,0x00,0x00,0x00,0x00,0x00,0x00,
0x00,0x00,0x00,0x00,0x00,0x00,0x00,0x00,0x00,0x00,
0x00,0x00,0x00,0x00,0x00,0x00,0x00,0x00,0x00,0x00,
0x00,0x00,0x00,0x00,0x00,0x00,0x00,0x00,0x00,0x00,
0x00,0x00,0x00,0x00,0x00,0x00,0x00,0x00,0x00,0x00,
0x00,0x00,0x00,0x00,0x00,0x00,0x00,0x00,0x00,0x00,
0x00,0x00,0x00,0x00,0x00,0x00,0x00,0x00,0x00,0x00,
0x00,0x00,0x00,0x00,0x00,0x00,0x00,0x00,0x00,0x00,
0x00,0x00,0x00,0x00,0x00,0x00,0x00,0x00,0x00,0x00,
0x00,0x00,0x00,0x00,0x00,0x00,0x00,0x00,0x00,0x00,
0x00,0x00,0x00,0x00,0x00,0x00,0x00,0x00,0x00,0x00,
0x00,0x00,0x00,0x00,0x00,0x00,0x00,0x00,0x00,0x00,
0x00,0x00,0x00,0x00,0x00,0x00,0x00,0x00,0x00,0x00,
0x00,0x00,0x00,0x00,0x00,0x00,0x00,0x00,0x00,0x00,
0x00,0x00,0x00,0x00,0x00,0x00,0x00,0x00,0x00,0x00,
0x00,0x00,0x00,0x00,0x00,0x00,0x00,0x00,0x00,0x00,
0x00,0x00,0x00,0x00,0x00,0x00,0x00,0x00,0x00,0x00,
0x00,0x00,0x00,0x00,0x00,0x00,0x00,0x00,0x00,0x00,
0x00,0x00,0x00,0x00,0x00,0x00,0x00,0x00,0x00,0x00,
0x00,0x00,0x00,0x00,0x00,0x00,0x00,0x00,0x00,0x00,
0x00,0x00,0x00,0x00,0x00,0x00,0x00,0x00,0x00,0x00,
0x00,0x00,0x00,0x00,0x00,0x00,0x00,0x00,0x00,0x00,
0x00,0x00,0x00,0x00,0x00,0x00,0x00,0x00,0x00,0x00,
0x00,0x00,0x00,0x00,0x00,0x00,0x00,0x00,0x00,0x00,
0x00,0x00,0x00,0x00,0x00,0x00,0x00,0x00,0x00,0x00,
0x00,0x00,0x00,0x00,0x00,0x00,0x00,0x00,0x00,0x00,
0x00,0x00,0x00,0x00,0x00,0x00,0x00,0x00,0x00,0x00,
0x00,0x00,0x00,0x00,0x00,0x00,0x00,0x00,0x00,0x00,
0x00,0x00,0x00,0x00,0x00,0x00,0x00,0x00,0x00,0x00,
0x00,0x00,0x00,0x00,0x00,0x00,0x00,0x00,0x00,0x00,
0x00,0x00,0x00,0x00,0x00,0x00,0x00,0x00,0x00,0x00,
0x00,0x00,0x00,0x00,0x00,0x00,0x00,0x00,0x00,0x00,
0x00,0x00,0x00,0x00,0x00,0x00,0x00,0x00,0x00,0x00,
0x00,0x00,0x00,0x00,0x00,0x00,0x00,0x00,0x00,0x00,
0x00,0x00,0x00,0x00,0x00,0x00,0x00,0x00,0x00,0x00,
0x00,0x00,0x00,0x00,0x00,0x00,0x00,0x00,0x00,0x00,
0x00,0x00,0x00,0x00,0x00,0x00,0x00,0x00,0x00,0x00,
0x00,0x00,0x00,0x00,0x00,0x00,0x00,0x00,0x00,0x00,
0x00,0x00,0x00,0x00,0x00,0x00,0x00,0x00,0x00,0x00,
0x00,0x00,0x00,0x00,0x00,0x00,0x00,0x00,0x00,0x00,
0x00,0x00,0x00,0x00,0x00,0x00,0x00,0x00,0x00,0x00,
0x00,0x00,0x00,0x00,0x00,0x00,0x00,0x00,0x00,0x00,
0x00,0x00,0x00,0x00,0x00,0x00,0x00,0x00,0x00,0x00,
0x00,0x00,0x00,0x00,0x00,0x00,0x00,0x00,0x00,0x00,
0x00,0x00,0x00,0x00,0x00,0x00,0x00,0x00,0x00,0x00,
0x00,0x00,0x00,0x00,0x00,0x00,0x00,0x00,0x00,0x00,
0x00,0x00,0x00,0x00,0x00,0x00,0x00,0x00,0x00,0x00,
0x00,0x00,0x00,0x00,0x00,0x00,0x00,0x00,0x00,0x00,
0x00,0x00,0x00,0x00,0x00,0x00,0x00,0x00,0x00,0x00,
0x00,0x00,0x00,0x00,0x00,0x00,0x00,0x00,0x00,0x00,
0x00,0x00,0x00,0x00,0x00,0x00,0x00,0x00,0x00,0x00,
0x00,0x00,0x00,0x00,0x00,0x00,0x00,0x00,0x00,0x00,
0x00,0x00,0x00,0x00,0x00,0x00,0x00,0x00,0x00,0x00,
0x00,0x00,0x00,0x00,0x00,0x00,0x00,0x00,0x00,0x00,
0x00,0x00,0x00,0x00,0x00,0x00,0x00,0x00,0x00,0x00,
0x00,0x00,0x00,0x00,0x00,0x00,0x00,0x00,0x00,0x00,
0x00,0x00,0x00,0x00,0x00,0x00,0x00,0x00,0x00,0x00,
0x00,0x00,0x00,0x00,0x00,0x00,0x00,0x00,0x00,0x00,
0x00,0x00,0x00,0x00,0x00,0x00,0x00,0x00,0x00,0x00,
0x00,0x00,0x00,0x00,0x00,0x00,0x00,0x00,0x00,0x00,
0x00,0x00,0x00,0x00,0x00,0x00,0x00,0x00,0x00,0x00,
0x00,0x00,0x00,0x00,0x00,0x00,0x00,0x00,0x00,0x00,
0x00,0x00,0x00,0x00,0x00,0x00,0x00,0x00,0x00,0x00,
0x00,0x00,0x00,0x00,0x00,0x00,0x00,0x00,0x00,0x00,
0x00,0x00,0x00,0x00,0x00,0x00,0x00,0x00,0x00,0x00,
0x00,0x00,0x00,0x00,0x00,0x00,0x00,0x00,0x00,0x00,
0x00,0x00,0x00,0x00,0x00,0x00,0x00,0x00,0x00,0x00,
0x00,0x00,0x00,0x00,0x00,0x00,0x00,0x00,0x00,0x00,
0x00,0x00,0x00,0x00,0x00,0x00,0x00,0x00,0x00,0x00,
0x00,0x00,0x00,0x00,0x00,0x00,0x00,0x00,0x00,0x00,
0x00,0x00,0x00,0x00,0x00,0x00,0x00,0x00,0x00,0x00,
0x00,0x00,0x00,0x00,0x00,0x00,0x00,0x00,0x00,0x00,
0x00,0x00,0x00,0x00,0x00,0x00,0x00,0x00,0x00,0x00,
0x00,0x00,0x00,0x00,0x00,0x00,0x00,0x00,0x00,0x00,
0x00,0x00,0x00,0x00,0x00,0x00,0x00,0x00,0x00,0x00,
0x00,0x00,0x00,0x00,0x00,0x00,0x00,0x00,0x00,0x00,
0x00,0x00,0x00,0x00,0x00,0x00,0x00,0x00,0x00,0x00,
0x00,0x00,0x00,0x00,0x00,0x00,0x00,0x00,0x00,0x00,
0x00,0x00,0x00,0x00,0x00,0x00,0x00,0x00,0x00,0x00,
0x00,0x00,0x00,0x00,0x00,0x00,0x00,0x00,0x00,0x00,
0x00,0x00,0x00,0x00,0x00,0x00,0x00,0x00,0x00,0x00,
0x00,0x00,0x00,0x00,0x00,0x00,0x00,0x00,0x00,0x00,
0x00,0x00,0x00,0x00,0x00,0x00,0x00,0x00,0x00,0x00,
0x00,0x00,0x00,0x00,0x00,0x00,0x00,0x00,0x00,0x00,
0x00,0x00,0x00,0x00,0x00,0x00,0x00,0x00,0x00,0x00,
0x00,0x00,0x00,0x00,0x00,0x00,0x00,0x00,0x00,0x00,
0x00,0x00,0x00,0x00,0x00,0x00,0x00,0x00,0x00,0x00,
0x00,0x00,0x00,0x00,0x00,0x00,0x00,0x00,0x00,0x00,
0x00,0x00,0x00,0x00,0x00,0x00,0x00,0x00,0x00,0x00,
0x00,0x00,0x00,0x00,0x00,0x00,0x00,0x00,0x00,0x00,
0x00,0x00,0x00,0x00,0x00,0x00,0x00,0x00,0x00,0x00,
0x00,0x00,0x00,0x00,0x00,0x00,0x00,0x00,0x00,0x00,
0x00,0x00,0x00,0x00,0x00,0x00,0x00,0x00,0x00,0x00,
0x00,0x00,0x00,0x00,0x00,0x00,0x00,0x00,0x00,0x00,
0x00,0x00,0x00,0x00,0x00,0x00,0x00,0x00,0x00,0x00,
0x00,0x00,0x00,0x00,0x00,0x00,0x00,0x00,0x00,0x00,
0x00,0x00,0x00,0x00,0x00,0x00,0x00,0x00,0x00,0x00,
0x00,0x00,0x00,0x00,0x00,0x00,0x00,0x00,0x00,0x00,
0x00,0x00,0x00,0x00,0x00,0x00,0x00,0x00,0x00,0x00,
0x00,0x00,0x00,0x00,0x00,0x00,0x00,0x00,0x00,0x00,
0x00,0x00,0x00,0x00,0x00,0x00,0x00,0x00,0x00,0x00,
0x00,0x00,0x00,0x00,0x00,0x00,0x00,0x00,0x00,0x00,
0x00,0x00,0x00,0x00,0x00,0x00,0x00,0x00,0x00,0x00,
0x00,0x00,0x00,0x00,0x00,0x00,0x00,0x00,0x00,0x00,
0x00,0x00,0x00,0x00,0x00,0x00,0x00,0x00,0x00,0x00,
0x00,0x00,0x00,0x00,0x00,0x00,0x00,0x00,0x00,0x00,
0x00,0x00,0x00,0x00,0x00,0x00,0x00,0x00,0x00,0x00,
0x00,0x00,0x00,0x00,0x00,0x00,0x00,0x00,0x00,0x00,
0x00,0x00,0x00,0x00,0x00,0x00,0x00,0x00,0x00,0x00,
0x00,0x00,0x00,0x00,0x00,0x00,0x00,0x00,0x00,0x00,
0x00,0x00,0x00,0x00,0x00,0x00,0x00,0x00,0x00,0x00,
0x00,0x00,0x00,0x00,0x00,0x00,0x00,0x00,0x00,0x00,
0x00,0x00,0x00,0x00,0x00,0x00,0x00,0x00,0x00,0x00,
0x00,0x00,0x00,0x00,0x00,0x00,0x00,0x00,0x00,0x00,
0x00,0x00,0x00,0x00,0x00,0x00,0x00,0x00,0x00,0x00,
0x00,0x00,0x00,0x00,0x00,0x00,0x00,0x00,0x00,0x00,
0x00,0x00,0x00,0x00,0x00,0x00,0x00,0x00,0x00,0x00,
0x00,0x00,0x00,0x00,0x00,0x00,0x00,0x00,0x00,0x00,
0x00,0x00,0x00,0x00,0x00,0x00,0x00,0x00,0x00,0x00,
0x00,0x00,0x00,0x00,0x00,0x00,0x00,0x00,0x00,0x00,
0x00,0x00,0x00,0x00,0x00,0x00,0x00,0x00,0x00,0x00,
0x00,0x00,0x00,0x00,0x00,0x00,0x00,0x00,0x00,0x00,
0x00,0x00,0x00,0x00,0x00,0x00,0x00,0x00,0x00,0x00,
0x00,0x00,0x00,0x00,0x00,0x00,0x00,0x00,0x00,0x00,
0x00,0x00,0x00,0x00,0x00,0x00,0x00,0x00,0x00,0x00,
0x00,0x00,0x00,0x00,0x00,0x00,0x00,0x00,0x00,0x00,
0x00,0x00,0x00,0x00,0x00,0x00,0x00,0x00,0x00,0x00,
0x00,0x00,0x00,0x00,0x00,0x00,0x00,0x00,0x00,0x00,
0x00,0x00,0x00,0x00,0x00,0x00,0x00,0x00,0x00,0x00,
0x00,0x00,0x00,0x00,0x00,0x00,0x00,0x00,0x00,0x00,
0x00,0x00,0x00,0x00,0x00,0x00,0x00,0x00,0x00,0x00,
0x00,0x00,0x00,0x00,0x00,0x00,0x00,0x00,0x00,0x00,
0x00,0x00,0x00,0x00,0x00,0x00,0x00,0x00,0x00,0x00,
0x00,0x00,0x00,0x00,0x00,0x00,0x00,0x00,0x00,0x00,
0x00,0x00,0x00,0x00,0x00,0x00,0x00,0x00,0x00,0x00,
0x00,0x00,0x00,0x00,0x00,0x00,0x00,0x00,0x00,0x00,
0x00,0x00,0x00,0x00,0x00,0x00,0x00,0x00,0x00,0x00,
0x00,0x00,0x00,0x00,0x00,0x00,0x00,0x00,0x00,0x00,
0x00,0x00,0x00,0x00,0x00,0x00,0x00,0x00,0x00,0x00,
0x00,0x00,0x00,0x00,0x00,0x00,0x00,0x00,0x00,0x00,
0x00,0x00,0x00,0x00,0x00,0x00,0x00,0x00,0x00,0x00,
0x00,0x00,0x00,0x00,0x00,0x00,0x00,0x00,0x00,0x00,
0x00,0x00,0x00,0x00,0x00,0x00,0x00,0x00,0x00,0x00,
0x00,0x00,0x00,0x00,0x00,0x00,0x00,0x00,0x00,0x00,
0x00,0x00,0x00,0x00,0x00,0x00,0x00,0x00,0x00,0x00,
0x00,0x00,0x00,0x00,0x00,0x00,0x00,0x00,0x00,0x00,
0x00,0x00,0x00,0x00,0x00,0x00,0x00,0x00,0x00,0x00,
0x00,0x00,0x00,0x00,0x00,0x00,0x00,0x00,0x00,0x00,
0x00,0x00,0x00,0x00,0x00,0x00,0x00,0x00,0x00,0x00,
0x00,0x00,0x00,0x00,0x00,0x00,0x00,0x00,0x00,0x00,
0x00,0x00,0x00,0x00,0x00,0x00,0x00,0x00,0x00,0x00,
0x00,0x00,0x00,0x00,0x00,0x00,0x00,0x00,0x00,0x00,
0x00,0x00,0x00,0x00,0x00,0x00,0x00,0x00,0x00,0x00,
0x00,0x00,0x00,0x00,0x00,0x00,0x00,0x00,0x00,0x00,
0x00,0x00,0x00,0x00,0x00,0x00,0x00,0x00,0x00,0x00,
0x00,0x00,0x00,0x00,0x00,0x00,0x00,0x00,0x00,0x00,
0x00,0x00,0x00,0x00,0x00,0x00,0x00,0x00,0x00,0x00,
0x00,0x00,0x00,0x00,0x00,0x00,0x00,0x00,0x00,0x00,
0x00,0x00,0x00,0x00,0x00,0x00,0x00,0x00,0x00,0x00,
0x00,0x00,0x00,0x00,0x00,0x00,0x00,0x00,0x00,0x00,
0x00,0x00,0x00,0x00,0x00,0x00,0x00,0x00,0x00,0x00,
0x00,0x00,0x00,0x00,0x00,0x00,0x00,0x00,0x00,0x00,
0x00,0x00,0x00,0x00,0x00,0x00,0x00,0x00,0x00,0x00,
0x00,0x00,0x00,0x00,0x00,0x00,0x00,0x00,0x00,0x00,
0x00,0x00,0x00,0x00,0x00,0x00,0x00,0x00,0x00,0x00,
0x00,0x00,0x00,0x00,0x00,0x00,0x00,0x00,0x00,0x00,
0x00,0x00,0x00,0x00,0x00,0x00,0x00,0x00,0x00,0x00,
0x00,0x00,0x00,0x00,0x00,0x00,0x00,0x00,0x00,0x00,
0x00,0x00,0x00,0x00,0x00,0x00,0x00,0x00,0x00,0x00,
0x00,0x00,0x00,0x00,0x00,0x00,0x00,0x00,0x00,0x00,
0x00,0x00,0x00,0x00,0x00,0x00,0x00,0x00,0x00,0x00,
0x00,0x00,0x00,0x00,0x00,0x00,0x00,0x00,0x00,0x00,
0x00,0x00,0x00,0x00,0x00,0x00,0x00,0x00,0x00,0x00,
0x00,0x00,0x00,0x00,0x00,0x00,0x00,0x00,0x00,0x00,
0x00,0x00,0x00,0x00,0x00,0x00,0x00,0x00,0x00,0x00,
0x00,0x00,0x00,0x00,0x00,0x00,0x00,0x00,0x00,0x00,
0x00,0x00,0x00,0x00,0x00,0x00,0x00,0x00,0x00,0x00,
0x00,0x00,0x00,0x00,0x00,0x00,0x00,0x00,0x00,0x00,
0x00,0x00,0x00,0x00,0x00,0x00,0x00,0x00,0x00,0x00,
0x00,0x00,0x00,0x00,0x00,0x00,0x00,0x00,0x00,0x00,
0x00,0x00,0x00,0x00,0x00,0x00,0x00,0x00,0x00,0x00,
0x00,0x00,0x00,0x00,0x00,0x00,0x00,0x00,0x00,0x00,
0x00,0x00,0x00,0x00,0x00,0x00,0x00,0x00,0x00,0x00,
0x00,0x00,0x00,0x00,0x00,0x00,0x00,0x00,0x00,0x00,
0x00,0x00,0x00,0x00,0x00,0x00,0x00,0x00,0x00,0x00,
0x00,0x00,0x00,0x00,0x00,0x00,0x00,0x00,0x00,0x00,
0x00,0x00,0x00,0x00,0x00,0x00,0x00,0x00,0x00,0x00,
0x00,0x00,0x00,0x00,0x00,0x00,0x00,0x00,0x00,0x00,
0x00,0x00,0x00,0x00,0x00,0x00,0x00,0x00,0x00,0x00,
0x00,0x00,0x00,0x00,0x00,0x00,0x00,0x00,0x00,0x00,
0x00,0x00,0x00,0x00,0x00,0x00,0x00,0x00,0x00,0x00,
0x00,0x00,0x00,0x00,0x00,0x00,0x00,0x00,0x00,0x00,
0x00,0x00,0x00,0x00,0x00,0x00,0x00,0x00,0x00,0x00,
0x00,0x00,0x00,0x00,0x00,0x00,0x00,0x00,0x00,0x00,
0x00,0x00,0x00,0x00,0x00,0x00,0x00,0x00,0x00,0x00,
0x00,0x00,0x00,0x00,0x00,0x00,0x00,0x00,0x00,0x00,
0x00,0x00,0x00,0x00,0x00,0x00,0x00,0x00,0x00,0x00,
0x00,0x00,0x00,0x00,0x00,0x00,0x00,0x00,0x00,0x00,
0x00,0x00,0x00,0x00,0x00,0x00,0x00,0x00,0x00,0x00,
0x00,0x00,0x00,0x00,0x00,0x00,0x00,0x00,0x00,0x00,
0x00,0x00,0x00,0x00,0x00,0x00,0x00,0x00,0x00,0x00,
0x00,0x00,0x00,0x00,0x00,0x00,0x00,0x00,0x00,0x00,
0x00,0x00,0x00,0x00,0x00,0x00,0x00,0x00,0x00,0x00,
0x00,0x00,0x00,0x00,0x00,0x00,0x00,0x00,0x00,0x00,
0x00,0x00,0x00,0x00,0x00,0x00,0x00,0x00,0x00,0x00,
0x00,0x00,0x00,0x00,0x00,0x00,0x00,0x00,0x00,0x00,
0x00,0x00,0x00,0x00,0x00,0x00,0x00,0x00,0x00,0x00,
0x00,0x00,0x00,0x00,0x00,0x00,0x00,0x00,0x00,0x00,
0x00,0x00,0x00,0x00,0x00,0x00,0x00,0x00,0x00,0x00,
0x00,0x00,0x00,0x00,0x00,0x00,0x00,0x00,0x00,0x00,
0x00,0x00,0x00,0x00,0x00,0x00,0x00,0x00,0x00,0x00,
0x00,0x00,0x00,0x00,0x00,0x00,0x00,0x00,0x00,0x00,
0x00,0x00,0x00,0x00,0x00,0x00,0x00,0x00,0x00,0x00,
0x00,0x00,0x00,0x00,0x00,0x00,0x00,0x00,0x00,0x00,
0x00,0x00,0x00,0x00,0x00,0x00,0x00,0x00,0x00,0x00,
0x00,0x00,0x00,0x00,0x00,0x00,0x00,0x00,0x00,0x00,
0x00,0x00,0x00,0x00,0x00,0x00,0x00,0x00,0x00,0x00,
0x00,0x00,0x00,0x00,0x00,0x00,0x00,0x00,0x00,0x00,
0x00,0x00,0x00,0x00,0x00,0x00,0x00,0x00,0x00,0x00,
0x00,0x00,0x00,0x00,0x00,0x00,0x00,0x00,0x00,0x00,
0x00,0x00,0x00,0x00,0x00,0x00,0x00,0x00,0x00,0x00,
0x00,0x00,0x00,0x00,0x00,0x00,0x00,0x00,0x00,0x00,
0x00,0x00,0x00,0x00,0x00,0x00,0x00,0x00,0x00,0x00,
0x00,0x00,0x00,0x00,0x00,0x00,0x00,0x00,0x00,0x00,
0x00,0x00,0x00,0x00,0x00,0x00,0x00,0x00,0x00,0x00,
0x00,0x00,0x00,0x00,0x00,0x00,0x00,0x00,0x00,0x00,
0x00,0x00,0x00,0x00,0x00,0x00,0x00,0x00,0x00,0x00,
0x00,0x00,0x00,0x00,0x00,0x00,0x00,0x00,0x00,0x00,
0x00,0x00,0x00,0x00,0x00,0x00,0x00,0x00,0x00,0x00,
0x00,0x00,0x00,0x00,0x00,0x00,0x00,0x00,0x00,0x00,
0x00,0x00,0x00,0x00,0x00,0x00,0x00,0x00,0x00,0x00,
0x00,0x00,0x00,0x00,0x00,0x00,0x00,0x00,0x00,0x00,
0x00,0x00,0x00,0x00,0x00,0x00,0x00,0x00,0x00,0x00,
0x00,0x00,0x00,0x00,0x00,0x00,0x00,0x00,0x00,0x00,
0x00,0x00,0x00,0x00,0x00,0x00,0x00,0x00,0x00,0x00,
0x00,0x00,0x00,0x00,0x00,0x00,0x00,0x00,0x00,0x00,
0x00,0x00,0x00,0x00,0x00,0x00,0x00,0x00,0x00,0x00,
0x00,0x00,0x00,0x00,0x00,0x00,0x00,0x00,0x00,0x00,
0x00,0x00,0x00,0x00,0x00,0x00,0x00,0x00,0x00,0x00,
0x00,0x00,0x00,0x00,0x00,0x00,0x00,0x00,0x00,0x00,
0x00,0x00,0x00,0x00,0x00,0x00,0x00,0x00,0x00,0x00,
0x00,0x00,0x00,0x00,0x00,0x00,0x00,0x00,0x00,0x00,
0x00,0x00,0x00,0x00,0x00,0x00,0x00,0x00,0x00,0x00,
0x00,0x00,0x00,0x00,0x00,0x00,0x00,0x00,0x00,0x00,
0x00,0x00,0x00,0x00,0x00,0x00,0x00,0x00,0x00,0x00,
0x00,0x00,0x00,0x00,0x00,0x00,0x00,0x00,0x00,0x00,
0x00,0x00,0x00,0x00,0x00,0x00,0x00,0x00,0x00,0x00,
0x00,0x00,0x00,0x00,0x00,0x00,0x00,0x00,0x00,0x00,
0x00,0x00,0x00,0x00,0x00,0x00,0x00,0x00,0x00,0x00,
0x00,0x00,0x00,0x00,0x00,0x00,0x00,0x00,0x00,0x00,
0x00,0x00,0x00,0x00,0x00,0x00,0x00,0x00,0x00,0x00,
0x00,0x00,0x00,0x00,0x00,0x00,0x00,0x00,0x00,0x00,
0x00,0x00,0x00,0x00,0x00,0x00,0x00,0x00,0x00,0x00,
0x00,0x00,0x00,0x00,0x00,0x00,0x00,0x00,0x00,0x00,
0x00,0x00,0x00,0x00,0x00,0x00,0x00,0x00,0x00,0x00,
0x00,0x00,0x00,0x00,0x00,0x00,0x00,0x00,0x00,0x00,
0x00,0x00,0x00,0x00,0x00,0x00,0x00,0x00,0x00,0x00,
0x00,0x00,0x00,0x00,0x00,0x00,0x00,0x00,0x00,0x00,
0x00,0x00,0x00,0x00,0x00,0x00,0x00,0x00,0x00,0x00,
0x00,0x00,0x00,0x00,0x00,0x00,0x00,0x00,0x00,0x00,
0x00,0x00,0x00,0x00,0x00,0x00,0x00,0x00,0x00,0x00,
0x00,0x00,0x00,0x00,0x00,0x00,0x00,0x00,0x00,0x00,
0x00,0x00,0x00,0x00,0x00,0x00,0x00,0x00,0x00,0x00,
0x00,0x00,0x00,0x00,0x00,0x00,0x00,0x00,0x00,0x00,
0x00,0x00,0x00,0x00,0x00,0x00,0x00,0x00,0x00,0x00,
0x00,0x00,0x00,0x00,0x00,0x00,0x00,0x00,0x00,0x00,
0x00,0x00,0x00,0x00,0x00,0x00,0x00,0x00,0x00,0x00,
0x00,0x00,0x00,0x00,0x00,0x00,0x00,0x00,0x00,0x00,
0x00,0x00,0x00,0x00,0x00,0x00,0x00,0x00,0x00,0x00,
0x00,0x00,0x00,0x00,0x00,0x00,0x00,0x00,0x00,0x00,
0x00,0x00,0x00,0x00,0x00,0x00,0x00,0x00,0x00,0x00,
0x00,0x00,0x00,0x00,0x00,0x00,0x00,0x00,0x00,0x00,
0x00,0x00,0x00,0x00,0x00,0x00,0x00,0x00,0x00,0x00,
0x00,0x00,0x00,0x00,0x00,0x00,0x00,0x00,0x00,0x00,
0x00,0x00,0x00,0x00,0x00,0x00,0x00,0x00,0x00,0x00,
0x00,0x00,0x00,0x00,0x00,0x00,0x00,0x00,0x00,0x00,
0x00,0x00,0x00,0x00,0x00,0x00,0x00,0x00,0x00,0x00,
0x00,0x00,0x00,0x00,0x00,0x00,0x00,0x00,0x00,0x00,
0x00,0x00,0x00,0x00,0x00,0x00,0x00,0x00,0x00,0x00,
0x00,0x00,0x00,0x00,0x00,0x00,0x00,0x00,0x00,0x00,
0x00,0x00,0x00,0x00,0x00,0x00,0x00,0x00,0x00,0x00,
0x00,0x00,0x00,0x00,0x00,0x00,0x00,0x00,0x00,0x00,
0x00,0x00,0x00,0x00,0x00,0x00,0x00,0x00,0x00,0x00,
0x00,0x00,0x00,0x00,0x00,0x00,0x00,0x00,0x00,0x00,
0x00,0x00,0x00,0x00,0x00,0x00,0x00,0x00,0x00,0x00,
0x00,0x00,0x00,0x00,0x00,0x00,0x00,0x00,0x00,0x00,
0x00,0x00,0x00,0x00,0x00,0x00,0x00,0x00,0x00,0x00,
0x00,0x00,0x00,0x00,0x00,0x00,0x00,0x00,0x00,0x00,
0x00,0x00,0x00,0x00,0x00,0x00,0x00,0x00,0x00,0x00,
0x00,0x00,0x00,0x00,0x00,0x00,0x00,0x00,0x00,0x00,
0x00,0x00,0x00,0x00,0x00,0x00,0x00,0x00,0x00,0x00,
0x00,0x00,0x00,0x00,0x00,0x00,0x00,0x00,0x00,0x00,
0x00,0x00,0x00,0x00,0x00,0x00,0x00,0x00,0x00,0x00,
0x00,0x00,0x00,0x00,0x00,0x00,0x00,0x00,0x00,0x00,
0x00,0x00,0x00,0x00,0x00,0x00,0x00,0x00,0x00,0x00,
0x00,0x00,0x00,0x00,0x00,0x00,0x00,0x00,0x00,0x00,
0x00,0x00,0x00,0x00,0x00,0x00,0x00,0x00,0x00,0x00,
0x00,0x00,0x00,0x00,0x00,0x00,0x00,0x00,0x00,0x00,
0x00,0x00,0x00,0x00,0x00,0x00,0x00,0x00,0x00,0x00,
0x00,0x00,0x00,0x00,0x00,0x00,0x00,0x00,0x00,0x00,
0x00,0x00,0x00,0x00,0x00,0x00,0x00,0x00,0x00,0x00,
0x00,0x00,0x00,0x00,0x00,0x00,0x00,0x00,0x00,0x00,
0x00,0x00,0x00,0x00,0x00,0x00,0x00,0x00,0x00,0x00,
0x00,0x00,0x00,0x00,0x00,0x00,0x00,0x00,0x00,0x00,
0x00,0x00,0x00,0x00,0x00,0x00,0x00,0x00,0x00,0x00,
0x00,0x00,0x00,0x00,0x00,0x00,0x00,0x00,0x00,0x00,
0x00,0x00,0x00,0x00,0x00,0x00,0x00,0x00,0x00,0x00,
0x00,0x00,0x00,0x00,0x00,0x00,0x00,0x00,0x00,0x00,
0x00,0x00,0x00,0x00,0x00,0x00,0x00,0x00,0x00,0x00,
0x00,0x00,0x00,0x00,0x00,0x00,0x00,0x00,0x00,0x00,
0x00,0x00,0x00,0x00,0x00,0x00,0x00,0x00,0x00,0x00,
0x00,0x00,0x00,0x00,0x00,0x00,0x00,0x00,0x00,0x00,
0x00,0x00,0x00,0x00,0x00,0x00,0x00,0x00,0x00,0x00,
0x00,0x00,0x00,0x00,0x00,0x00,0x00,0x00,0x00,0x00,
0x00,0x00,0x00,0x00,0x00,0x00,0x00,0x00,0x00,0x00,
0x00,0x00,0x00,0x00,0x00,0x00,0x00,0x00,0x00,0x00,
0x00,0x00,0x00,0x00,0x00,0x00,0x00,0x00,0x00,0x00,
0x00,0x00,0x00,0x00,0x00,0x00,0x00,0x00,0x00,0x00,
0x00,0x00,0x00,0x00,0x00,0x00,0x00,0x00,0x00,0x00,
0x00,0x00,0x00,0x00,0x00,0x00,0x00,0x00,0x00,0x00,
0x00,0x00,0x00,0x00,0x00,0x00,0x00,0x00,0x00,0x00,
0x00,0x00,0x00,0x00,0x00,0x00,0x00,0x00,0x00,0x00,
0x00,0x00,0x00,0x00,0x00,0x00,0x00,0x00,0x00,0x00,
0x00,0x00,0x00,0x00,0x00,0x00,0x00,0x00,0x00,0x00,
0x00,0x00,0x00,0x00,0x00,0x00,0x00,0x00,0x00,0x00,
0x00,0x00,0x00,0x00,0x00,0x00,0x00,0x00,0x00,0x00,
0x00,0x00,0x00,0x00,0x00,0x00,0x00,0x00,0x00,0x00,
0x00,0x00,0x00,0x00,0x00,0x00,0x00,0x00,0x00,0x00,
0x00,0x00,0x00,0x00,0x00,0x00,0x00,0x00,0x00,0x00,
0x00,0x00,0x00,0x00,0x00,0x00,0x00,0x00,0x00,0x00,
0x00,0x00,0x00,0x00,0x00,0x00,0x00,0x00,0x00,0x00,
0x00,0x00,0x00,0x00,0x00,0x00,0x00,0x00,0x00,0x00,
0x00,0x00,0x00,0x00,0x00,0x00,0x00,0x00,0x00,0x00,
0x00,0x00,0x00,0x00,0x00,0x00,0x00,0x00,0x00,0x00,
0x00,0x00,0x00,0x00,0x00,0x00,0x00,0x00,0x00,0x00,
0x00,0x00,0x00,0x00,0x00,0x00,0x00,0x00,0x00,0x00,
0x00,0x00,0x00,0x00,0x00,0x00,0x00,0x00,0x00,0x00,
0x00,0x00,0x00,0x00,0x00,0x00,0x00,0x00,0x00,0x00,
0x00,0x00,0x00,0x00,0x00,0x00,0x00,0x00,0x00,0x00,
0x00,0x00,0x00,0x00,0x00,0x00,0x00,0x00,0x00,0x00,
0x00,0x00,0x00,0x00,0x00,0x00,0x00,0x00,0x00,0x00,
0x00,0x00,0x00,0x00,0x00,0x00,0x00,0x00,0x00,0x00,
0x00,0x00,0x00,0x00,0x00,0x00,0x00,0x00,0x00,0x00,
0x00,0x00,0x00,0x00,0x00,0x00,0x00,0x00,0x00,0x00,
0x00,0x00,0x00,0x00,0x00,0x00,0x00,0x00,0x00,0x00,
0x00,0x00,0x00,0x00,0x00,0x00,0x00,0x00,0x00,0x00,
0x00,0x00,0x00,0x00,0x00,0x00,0x00,0x00,0x00,0x00,
0x00,0x00,0x00,0x00,0x00,0x00,0x00,0x00,0x00,0x00,
0x00,0x00,0x00,0x00,0x00,0x00,0x00,0x00,0x00,0x00,
0x00,0x00,0x00,0x00,0x00,0x00,0x00,0x00,0x00,0x00,
0x00,0x00,0x00,0x00,0x00,0x00,0x00,0x00,0x00,0x00,
0x00,0x00,0x00,0x00,0x00,0x00,0x00,0x00,0x00,0x00,
0x00,0x00,0x00,0x00,0x00,0x00,0x00,0x00,0x00,0x00,
0x00,0x00,0x00,0x00,0x00,0x00,0x00,0x00,0x00,0x00,
0x00,0x00,0x00,0x00,0x00,0x00,0x00,0x00,0x00,0x00,
0x00,0x00,0x00,0x00,0x00,0x00,0x00,0x00,0x00,0x00,
0x00,0x00,0x00,0x00,0x00,0x00,0x00,0x00,0x00,0x00,
0x00,0x00,0x00,0x00,0x00,0x00,0x00,0x00,0x00,0x00,
0x00,0x00,0x00,0x00,0x00,0x00,0x00,0x00,0x00,0x00,
0x00,0x00,0x00,0x00,0x00,0x00,0x00,0x00,0x00,0x00,
0x00,0x00,0x00,0x00,0x00,0x00,0x00,0x00,0x00,0x00,
0x00,0x00,0x00,0x00,0x00,0x00,0x00,0x00,0x00,0x00,
0x00,0x00,0x00,0x00,0x00,0x00,0x00,0x00,0x00,0x00,
0x00,0x00,0x00,0x00,0x00,0x00,0x00,0x00,0x00,0x00,
0x00,0x00,0x00,0x00,0x00,0x00,0x00,0x00,0x00,0x00,
0x00,0x00,0x00,0x00,0x00,0x00,0x00,0x00,0x00,0x00,
0x00,0x00,0x00,0x00,0x00,0x00,0x00,0x00,0x00,0x00,
0x00,0x00,0x00,0x00,0x00,0x00,0x00,0x00,0x00,0x00,
0x00,0x00,0x00,0x00,0x00,0x00,0x00,0x00,0x00,0x00,
0x00,0x00,0x00,0x00,0x00,0x00,0x00,0x00,0x00,0x00,
0x00,0x00,0x00,0x00,0x00,0x00,0x00,0x00,0x00,0x00,
0x00,0x00,0x00,0x00,0x00,0x00,0x00,0x00,0x00,0x00,
0x00,0x00,0x00,0x00,0x00,0x00,0x00,0x00,0x00,0x00,
0x00,0x00,0x00,0x00,0x00,0x00,0x00,0x00,0x00,0x00,
0x00,0x00,0x00,0x00,0x00,0x00,0x00,0x00,0x00,0x00,
0x00,0x00,0x00,0x00,0x00,0x00,0x00,0x00,0x00,0x00,
0x00,0x00,0x00,0x00,0x00,0x00,0x00,0x00,0x00,0x00,
0x00,0x00,0x00,0x00,0x00,0x00,0x00,0x00,0x00,0x00,
0x00,0x00,0x00,0x00,0x00,0x00,0x00,0x00,0x00,0x00,
0x00,0x00,0x00,0x00,0x00,0x00,0x00,0x00,0x00,0x00,
0x00,0x00,0x00,0x00,0x00,0x00,0x00,0x00,0x00,0x00,
0x00,0x00,0x00,0x00,0x00,0x00,0x00,0x00,0x00,0x00,
0x00,0x00,0x00,0x00,0x00,0x00,0x00,0x00,0x00,0x00,
0x00,0x00,0x00,0x00,0x00,0x00,0x00,0x00,0x00,0x00,
0x00,0x00,0x00,0x00,0x00,0x00,0x00,0x00,0x00,0x00,
0x00,0x00,0x00,0x00,0x00,0x00,0x00,0x00,0x00,0x00,
0x00,0x00,0x00,0x00,0x00,0x00,0x00,0x00,0x00,0x00,
0x00,0x00,0x00,0x00,0x00,0x00,0x00,0x00,0x00,0x00,
0x00,0x00,0x00,0x00,0x00,0x00,0x00,0x00,0x00,0x00,
0x00,0x00,0x00,0x00,0x00,0x00,0x00,0x00,0x00,0x00,
0x00,0x00,0x00,0x00,0x00,0x00,0x00,0x00,0x00,0x00,
0x00,0x00,0x00,0x00,0x00,0x00,0x00,0x00,0x00,0x00,
0x00,0x00,0x00,0x00,0x00,0x00,0x00,0x00,0x00,0x00,
0x00,0x00,0x00,0x00,0x00,0x00,0x00,0x00,0x00,0x00,
0x00,0x00,0x00,0x00,0x00,0x00,0x00,0x00,0x00,0x00,
0x00,0x00,0x00,0x00,0x00,0x00,0x00,0x00,0x00,0x00,
0x00,0x00,0x00,0x00,0x00,0x00,0x00,0x00,0x00,0x00,
0x00,0x00,0x00,0x00,0x00,0x00,0x00,0x00,0x00,0x00,
0x00,0x00,0x00,0x00,0x00,0x00,0x00,0x00,0x00,0x00,
0x00,0x00,0x00,0x00,0x00,0x00,0x00,0x00,0x00,0x00,
0x00,0x00,0x00,0x00,0x00,0x00,0x00,0x00,0x00,0x00,
0x00,0x00,0x00,0x00,0x00,0x00,0x00,0x00,0x00,0x00,
0x00,0x00,0x00,0x00,0x00,0x00,0x00,0x00,0x00,0x00,
0x00,0x00,0x00,0x00,0x00,0x00,0x00,0x00,0x00,0x00,
0x00,0x00,0x00,0x00,0x00,0x00,0x00,0x00,0x00,0x00,
0x00,0x00,0x00,0x00,0x00,0x00,0x00,0x00,0x00,0x00,
0x00,0x00,0x00,0x00,0x00,0x00,0x00,0x00,0x00,0x00,
0x00,0x00,0x00,0x00,0x00,0x00,0x00,0x00,0x00,0x00,
0x00,0x00,0x00,0x00,0x00,0x00,0x00,0x00,0x00,0x00,
0x00,0x00,0x00,0x00,0x00,0x00,0x00,0x00,0x00,0x00,
0x00,0x00,0x00,0x00,0x00,0x00,0x00,0x00,0x00,0x00,
0x00,0x00,0x00,0x00,0x00,0x00,0x00,0x00,0x00,0x00,
0x00,0x00,0x00,0x00,0x00,0x00,0x00,0x00,0x00,0x00,
0x00,0x00,0x00,0x00,0x00,0x00,0x00,0x00,0x00,0x00,
0x00,0x00,0x00,0x00,0x00,0x00,0x00,0x00,0x00,0x00,
0x00,0x00,0x00,0x00,0x00,0x00,0x00,0x00,0x00,0x00,
0x00,0x00,0x00,0x00,0x00,0x00,0x00,0x00,0x00,0x00,
0x00,0x00,0x00,0x00,0x00,0x00,0x00,0x00,0x00,0x00,
0x00,0x00,0x00,0x00,0x00,0x00,0x00,0x00,0x00,0x00,
0x00,0x00,0x00,0x00,0x00,0x00,0x00,0x00,0x00,0x00,
0x00,0x00,0x00,0x00,0x00,0x00,0x00,0x00,0x00,0x00,
0x00,0x00,0x00,0x00,0x00,0x00,0x00,0x00,0x00,0x00,
0x00,0x00,0x00,0x00,0x00,0x00,0x00,0x00,0x00,0x00,
0x00,0x00,0x00,0x00,0x00,0x00,0x00,0x00,0x00,0x00,
0x00,0x00,0x00,0x00,0x00,0x00,0x00,0x00,0x00,0x00,
0x00,0x00,0x00,0x00,0x00,0x00,0x00,0x00,0x00,0x00,
0x00,0x00,0x00,0x00,0x00,0x00,0x00,0x00,0x00,0x00,
0x00,0x00,0x00,0x00,0x00,0x00,0x00,0x00,0x00,0x00,
0x00,0x00,0x00,0x00,0x00,0x00,0x00,0x00,0x00,0x00,
0x00,0x00,0x00,0x00,0x00,0x00,0x00,0x00,0x00,0x00,
0x00,0x00,0x00,0x00,0x00,0x00,0x00,0x00,0x00,0x00,
0x00,0x00,0x00,0x00,0x00,0x00,0x00,0x00,0x00,0x00,
0x00,0x00,0x00,0x00,0x00,0x00,0x00,0x00,0x00,0x00,
0x00,0x00,0x00,0x00,0x00,0x00,0x00,0x00,0x00,0x00,
0x00,0x00,0x00,0x00,0x00,0x00,0x00,0x00,0x00,0x00,
0x00,0x00,0x00,0x00,0x00,0x00,0x00,0x00,0x00,0x00,
0x00,0x00,0x00,0x00,0x00,0x00,0x00,0x00,0x00,0x00,
0x00,0x00,0x00,0x00,0x00,0x00,0x00,0x00,0x00,0x00,
0x00,0x00,0x00,0x00,0x00,0x00,0x00,0x00,0x00,0x00,
0x00,0x00,0x00,0x00,0x00,0x00,0x00,0x00,0x00,0x00,
0x00,0x00,0x00,0x00,0x00,0x00,0x00,0x00,0x00,0x00,
0x00,0x00,0x00,0x00,0x00,0x00,0x00,0x00,0x00,0x00,
0x00,0x00,0x00,0x00,0x00,0x00,0x00,0x00,0x00,0x00,
0x00,0x00,0x00,0x00,0x00,0x00,0x00,0x00,0x00,0x00,
0x00,0x00,0x00,0x00,0x00,0x00,0x00,0x00,0x00,0x00,
0x00,0x00,0x00,0x00,0x00,0x00,0x00,0x00,0x00,0x00,
0x00,0x00,0x00,0x00,0x00,0x00,0x00,0x00,0x00,0x00,
0x00,0x00,0x00,0x00,0x00,0x00,0x00,0x00,0x00,0x00,
0x00,0x00,0x00,0x00,0x00,0x00,0x00,0x00,0x00,0x00,
0x00,0x00,0x00,0x00,0x00,0x00,0x00,0x00,0x00,0x00,
0x00,0x00,0x00,0x00,0x00,0x00,0x00,0x00,0x00,0x00,
0x00,0x00,0x00,0x00,0x00,0x00,0x00,0x00,0x00,0x00,
0x00,0x00,0x00,0x00,0x00,0x00,0x00,0x00,0x00,0x00,
0x00,0x00,0x00,0x00,0x00,0x00,0x00,0x00,0x00,0x00,
0x00,0x00,0x00,0x00,0x00,0x00,0x00,0x00,0x00,0x00,
0x00,0x00,0x00,0x00,0x00,0x00,0x00,0x00,0x00,0x00,
0x00,0x00,0x00,0x00,0x00,0x00,0x00,0x00,0x00,0x00,
0x00,0x00,0x00,0x00,0x00,0x00,0x00,0x00,0x00,0x00,
0x00,0x00,0x00,0x00,0x00,0x00,0x00,0x00,0x00,0x00,
0x00,0x00,0x00,0x00,0x00,0x00,0x00,0x00,0x00,0x00,
0x00,0x00,0x00,0x00,0x00,0x00,0x00,0x00,0x00,0x00,
0x00,0x00,0x00,0x00,0x00,0x00,0x00,0x00,0x00,0x00,
0x00,0x00,0x00,0x00,0x00,0x00,0x00,0x00,0x00,0x00,
0x00,0x00,0x00,0x00,0x00,0x00,0x00,0x00,0x00,0x00,
0x00,0x00,0x00,0x00,0x00,0x00,0x00,0x00,0x00,0x00,
0x00,0x00,0x00,0x00,0x00,0x00,0x00,0x00,0x00,0x00,
0x00,0x00,0x00,0x00,0x00,0x00,0x00,0x00,0x00,0x00,
0x00,0x00,0x00,0x00,0x00,0x00,0x00,0x00,0x00,0x00,
0x00,0x00,0x00,0x00,0x00,0x00,0x00,0x00,0x00,0x00,
0x00,0x00,0x00,0x00,0x00,0x00,0x00,0x00,0x00,0x00,
0x00,0x00,0x00,0x00,0x00,0x00,0x00,0x00,0x00,0x00,
0x00,0x00,0x00,0x00,0x00,0x00,0x00,0x00,0x00,0x00,
0x00,0x00,0x00,0x00,0x00,0x00,0x00,0x00,0x00,0x00,
0x00,0x00,0x00,0x00,0x00,0x00,0x00,0x00,0x00,0x00,
0x00,0x00,0x00,0x00,0x00,0x00,0x00,0x00,0x00,0x00,
0x00,0x00,0x00,0x00,0x00,0x00,0x00,0x00,0x00,0x00,
0x00,0x00,0x00,0x00,0x00,0x00,0x00,0x00,0x00,0x00,
0x00,0x00,0x00,0x00,0x00,0x00,0x00,0x00,0x00,0x00,
0x00,0x00,0x00,0x00,0x00,0x00,0x00,0x00,0x00,0x00,
0x00,0x00,0x00,0x00,0x00,0x00,0x00,0x00,0x00,0x00,
0x00,0x00,0x00,0x00,0x00,0x00,0x00,0x00,0x00,0x00,
0x00,0x00,0x00,0x00,0x00,0x00,0x00,0x00,0x00,0x00,
0x00,0x00,0x00,0x00,0x00,0x00,0x00,0x00,0x00,0x00,
0x00,0x00,0x00,0x00,0x00,0x00,0x00,0x00,0x00,0x00,
0x00,0x00,0x00,0x00,0x00,0x00,0x00,0x00,0x00,0x00,
0x00,0x00,0x00,0x00,0x00,0x00,0x00,0x00,0x00,0x00,
0x00,0x00,0x00,0x00,0x00,0x00,0x00,0x00,0x00,0x00,
0x00,0x00,0x00,0x00,0x00,0x00,0x00,0x00,0x00,0x00,
0x00,0x00,0x00,0x00,0x00,0x00,0x00,0x00,0x00,0x00,
0x00,0x00,0x00,0x00,0x00,0x00,0x00,0x00,0x00,0x00,
0x00,0x00,0x00,0x00,0x00,0x00,0x00,0x00,0x00,0x00,
0x00,0x00,0x00,0x00,0x00,0x00,0x00,0x00,0x00,0x00,
0x00,0x00,0x00,0x00,0x00,0x00,0x00,0x00,0x00,0x00,
0x00,0x00,0x00,0x00,0x00,0x00,0x00,0x00,0x00,0x00,
0x00,0x00,0x00,0x00,0x00,0x00,0x00,0x00,0x00,0x00,
0x00,0x00,0x00,0x00,0x00,0x00,0x00,0x00,0x00,0x00,
0x00,0x00,0x00,0x00,0x00,0x00,0x00,0x00,0x00,0x00,
0x00,0x00,0x00,0x00,0x00,0x00,0x00,0x00,0x00,0x00,
0x00,0x00,0x00,0x00,0x00,0x00,0x00,0x00,0x00,0x00,
0x00,0x00,0x00,0x00,0x00,0x00,0x00,0x00,0x00,0x00,
0x00,0x00,0x00,0x00,0x00,0x00,0x00,0x00,0x00,0x00,
0x00,0x00,0x00,0x00,0x00,0x00,0x00,0x00,0x00,0x00,
0x00,0x00,0x00,0x00,0x00,0x00,0x00,0x00,0x00,0x00,
0x00,0x00,0x00,0x00,0x00,0x00,0x00,0x00,0x00,0x00,
0x00,0x00,0x00,0x00,0x00,0x00,0x00,0x00,0x00,0x00,
0x00,0x00,0x00,0x00,0x00,0x00,0x00,0x00,0x00,0x00,
0x00,0x00,0x00,0x00,0x00,0x00,0x00,0x00,0x00,0x00,
0x00,0x00,0x00,0x00,0x00,0x00,0x00,0x00,0x00,0x00,
0x00,0x00,0x00,0x00,0x00,0x00,0x00,0x00,0x00,0x00,
0x00,0x00,0x00,0x00,0x00,0x00,0x00,0x00,0x00,0x00,
0x00,0x00,0x00,0x00,0x00,0x00,0x00,0x00,0x00,0x00,
0x00,0x00,0x00,0x00,0x00,0x00,0x00,0x00,0x00,0x00,
0x00,0x00,0x00,0x00,0x00,0x00,0x00,0x00,0x00,0x00,
0x00,0x00,0x00,0x00,0x00,0x00,0x00,0x00,0x00,0x00,
0x00,0x00,0x00,0x00,0x00,0x00,0x00,0x00,0x00,0x00,
0x00,0x00,0x00,0x00,0x00,0x00,0x00,0x00,0x00,0x00,
0x00,0x00,0x00,0x00,0x00,0x00,0x00,0x00,0x00,0x00,
0x00,0x00,0x00,0x00,0x00,0x00,0x00,0x00,0x00,0x00,
0x00,0x00,0x00,0x00,0x00,0x00,0x00,0x00,0x00,0x00,
0x00,0x00,0x00,0x00,0x00,0x00,0x00,0x00,0x00,0x00,
0x00,0x00,0x00,0x00,0x00,0x00,0x00,0x00,0x00,0x00,
0x00,0x00,0x00,0x00,0x00,0x00,0x00,0x00,0x00,0x00,
0x00,0x00,0x00,0x00,0x00,0x00,0x00,0x00,0x00,0x00,
0x00,0x00,0x00,0x00,0x00,0x00,0x00,0x00,0x00,0x00,
0x00,0x00,0x00,0x00,0x00,0x00,0x00,0x00,0x00,0x00,
0x00,0x00,0x00,0x00,0x00,0x00,0x00,0x00,0x00,0x00,
0x00,0x00,0x00,0x00,0x00,0x00,0x00,0x00,0x00,0x00,
0x00,0x00,0x00,0x00,0x00,0x00,0x00,0x00,0x00,0x00,
0x00,0x00,0x00,0x00,0x00,0x00,0x00,0x00,0x00,0x00,
0x00,0x00,0x00,0x00,0x00,0x00,0x00,0x00,0x00,0x00,
0x00,0x00,0x00,0x00,0x00,0x00,0x00,0x00,0x00,0x00,
0x00,0x00,0x00,0x00,0x00,0x00,0x00,0x00,0x00,0x00,
0x00,0x00,0x00,0x00,0x00,0x00,0x00,0x00,0x00,0x00,
0x00,0x00,0x00,0x00,0x00,0x00,0x00,0x00,0x00,0x00,
0x00,0x00,0x00,0x00,0x00,0x00,0x00,0x00,0x00,0x00,
0x00,0x00,0x00,0x00,0x00,0x00,0x00,0x00,0x00,0x00,
0x00,0x00,0x00,0x00,0x00,0x00,0x00,0x00,0x00,0x00,
0x00,0x00,0x00,0x00,0x00,0x00,0x00,0x00,0x00,0x00,
0x00,0x00,0x00,0x00,0x00,0x00,0x00,0x00,0x00,0x00,
0x00,0x00,0x00,0x00,0x00,0x00,0x00,0x00,0x00,0x00,
0x00,0x00,0x00,0x00,0x00,0x00,0x00,0x00,0x00,0x00,
0x00,0x00,0x00,0x00,0x00,0x00,0x00,0x00,0x00,0x00,
0x00,0x00,0x00,0x00,0x00,0x00,0x00,0x00,0x00,0x00,
0x00,0x00,0x00,0x00,0x00,0x00,0x00,0x00,0x00,0x00,
0x00,0x00,0x00,0x00,0x00,0x00,0x00,0x00,0x00,0x00,
0x00,0x00,0x00,0x00,0x00,0x00,0x00,0x00,0x00,0x00,
0x00,0x00,0x00,0x00,0x00,0x00,0x00,0x00,0x00,0x00,
0x00,0x00,0x00,0x00,0x00,0x00,0x00,0x00,0x00,0x00,
0x00,0x00,0x00,0x00,0x00,0x00,0x00,0x00,0x00,0x00,
0x00,0x00,0x00,0x00,0x00,0x00,0x00,0x00,0x00,0x00,
0x00,0x00,0x00,0x00,0x00,0x00,0x00,0x00,0x00,0x00,
0x00,0x00,0x00,0x00,0x00,0x00,0x00,0x00,0x00,0x00,
0x00,0x00,0x00,0x00,0x00,0x00,0x00,0x00,0x00,0x00,
0x00,0x00,0x00,0x00,0x00,0x00,0x00,0x00,0x00,0x00,
0x00,0x00,0x00,0x00,0x00,0x00,0x00,0x00,0x00,0x00,
0x00,0x00,0x00,0x00,0x00,0x00,0x00,0x00,0x00,0x00,
0x00,0x00,0x00,0x00,0x00,0x00,0x00,0x00,0x00,0x00,
0x00,0x00,0x00,0x00,0x00,0x00,0x00,0x00,0x00,0x00,
0x00,0x00,0x00,0x00,0x00,0x00,0x00,0x00,0x00,0x00,
0x00,0x00,0x00,0x00,0x00,0x00,0x00,0x00,0x00,0x00,
0x00,0x00,0x00,0x00,0x00,0x00,0x00,0x00,0x00,0x00,
0x00,0x00,0x00,0x00,0x00,0x00,0x00,0x00,0x00,0x00,
0x00,0x00,0x00,0x00,0x00,0x00,0x00,0x00,0x00,0x00,
0x00,0x00,0x00,0x00,0x00,0x00,0x00,0x00,0x00,0x00,
0x00,0x00,0x00,0x00,0x00,0x00,0x00,0x00,0x00,0x00,
0x00,0x00,0x00,0x00,0x00,0x00,0x00,0x00,0x00,0x00,
0x00,0x00,0x00,0x00,0x00,0x00,0x00,0x00,0x00,0x00,
0x00,0x00,0x00,0x00,0x00,0x00,0x00,0x00,0x00,0x00,
0x00,0x00,0x00,0x00,0x00,0x00,0x00,0x00,0x00,0x00,
0x00,0x00,0x00,0x00,0x00,0x00,0x00,0x00,0x00,0x00,
0x00,0x00,0x00,0x00,0x00,0x00,0x00,0x00,0x00,0x00,
0x00,0x00,0x00,0x00,0x00,0x00,0x00,0x00,0x00,0x00,
0x00,0x00,0x00,0x00,0x00,0x00,0x00,0x00,0x00,0x00,
0x00,0x00,0x00,0x00,0x00,0x00,0x00,0x00,0x00,0x00,
0x00,0x00,0x00,0x00,0x00,0x00,0x00,0x00,0x00,0x00,
0x00,0x00,0x00,0x00,0x00,0x00,0x00,0x00,0x00,0x00,
0x00,0x00,0x00,0x00,0x00,0x00,0x00,0x00,0x00,0x00,
0x00,0x00,0x00,0x00,0x00,0x00,0x00,0x00,0x00,0x00,
0x00,0x00,0x00,0x00,0x00,0x00,0x00,0x00,0x00,0x00,
0x00,0x00,0x00,0x00,0x00,0x00,0x00,0x00,0x00,0x00,
0x00,0x00,0x00,0x00,0x00,0x00,0x00,0x00,0x00,0x00,
0x00,0x00,0x00,0x00,0x00,0x00,0x00,0x00,0x00,0x00,
0x00,0x00,0x00,0x00,0x00,0x00,0x00,0x00,0x00,0x00,
0x00,0x00,0x00,0x00,0x00,0x00,0x00,0x00,0x00,0x00,
0x00,0x00,0x00,0x00,0x00,0x00,0x00,0x00,0x00,0x00,
0x00,0x00,0x00,0x00,0x00,0x00,0x00,0x00,0x00,0x00,
0x00,0x00,0x00,0x00,0x00,0x00,0x00,0x00,0x00,0x00,
0x00,0x00,0x00,0x00,0x00,0x00,0x00,0x00,0x00,0x00,
0x00,0x00,0x00,0x00,0x00,0x00,0x00,0x00,0x00,0x00,
0x00,0x00,0x00,0x00,0x00,0x00,0x00,0x00,0x00,0x00,
0x00,0x00,0x00,0x00,0x00,0x00,0x00,0x00,0x00,0x00,
0x00,0x00,0x00,0x00,0x00,0x00,0x00,0x00,0x00,0x00,
0x00,0x00,0x00,0x00,0x00,0x00,0x00,0x00,0x00,0x00,
0x00,0x00,0x00,0x00,0x00,0x00,0x00,0x00,0x00,0x00,
0x00,0x00,0x00,0x00,0x00,0x00,0x00,0x00,0x00,0x00,
0x00,0x00,0x00,0x00,0x00,0x00,0x00,0x00,0x00,0x00,
0x00,0x00,0x00,0x00,0x00,0x00,0x00,0x00,0x00,0x00,
0x00,0x00,0x00,0x00,0x00,0x00,0x00,0x00,0x00,0x00,
0x00,0x00,0x00,0x00,0x00,0x00,0x00,0x00,0x00,0x00,
0x00,0x00,0x00,0x00,0x00,0x00,0x00,0x00,0x00,0x00,
0x00,0x00,0x00,0x00,0x00,0x00,0x00,0x00,0x00,0x00,
0x00,0x00,0x00,0x00,0x00,0x00,0x00,0x00,0x00,0x00,
0x00,0x00,0x00,0x00,0x00,0x00,0x00,0x00,0x00,0x00,
0x00,0x00,0x00,0x00,0x00,0x00,0x00,0x00,0x00,0x00,
0x00,0x00,0x00,0x00,0x00,0x00,0x00,0x00,0x00,0x00,
0x00,0x00,0x00,0x00,0x00,0x00,0x00,0x00,0x00,0x00,
0x00,0x00,0x00,0x00,0x00,0x00,0x00,0x00,0x00,0x00,
0x00,0x00,0x00,0x00,0x00,0x00,0x00,0x00,0x00,0x00,
0x00,0x00,0x00,0x00,0x00,0x00,0x00,0x00,0x00,0x00,
0x00,0x00,0x00,0x00,0x00,0x00,0x00,0x00,0x00,0x00,
0x00,0x00,0x00,0x00,0x00,0x00,0x00,0x00,0x00,0x00,
0x00,0x00,0x00,0x00,0x00,0x00,0x00,0x00,0x00,0x00,
0x00,0x00,0x00,0x00,0x00,0x00,0x00,0x00,0x00,0x00,
0x00,0x00,0x00,0x00,0x00,0x00,0x00,0x00,0x00,0x00,
0x00,0x00,0x00,0x00,0x00,0x00,0x00,0x00,0x00,0x00,
0x00,0x00,0x00,0x00,0x00,0x00,0x00,0x00,0x00,0x00,
0x00,0x00,0x00,0x00,0x00,0x00,0x00,0x00,0x00,0x00,
0x00,0x00,0x00,0x00,0x00,0x00,0x00,0x00,0x00,0x00,
0x00,0x00,0x00,0x00,0x00,0x00,0x00,0x00,0x00,0x00,
0x00,0x00,0x00,0x00,0x00,0x00,0x00,0x00,0x00,0x00,
0x00,0x00,0x00,0x00,0x00,0x00,0x00,0x00,0x00,0x00,
0x00,0x00,0x00,0x00,0x00,0x00,0x00,0x00,0x00,0x00,
0x00,0x00,0x00,0x00,0x00,0x00,0x00,0x00,0x00,0x00,
0x00,0x00,0x00,0x00,0x00,0x00,0x00,0x00,0x00,0x00,
0x00,0x00,0x00,0x00,0x00,0x00,0x00,0x00,0x00,0x00,
0x00,0x00,0x00,0x00,0x00,0x00,0x00,0x00,0x00,0x00,
0x00,0x00,0x00,0x00,0x00,0x00,0x00,0x00,0x00,0x00,
0x00,0x00,0x00,0x00,0x00,0x00,0x00,0x00,0x00,0x00,
0x00,0x00,0x00,0x00,0x00,0x00,0x00,0x00,0x00,0x00,
0x00,0x00,0x00,0x00,0x00,0x00,0x00,0x00,0x00,0x00,
0x00,0x00,0x00,0x00,0x00,0x00,0x00,0x00,0x00,0x00,
0x00,0x00,0x00,0x00,0x00,0x00,0x00,0x00,0x00,0x00,
0x00,0x00,0x00,0x00,0x00,0x00,0x00,0x00,0x00,0x00,
0x00,0x00,0x00,0x00,0x00,0x00,0x00,0x00,0x00,0x00,
0x00,0x00,0x00,0x00,0x00,0x00,0x00,0x00,0x00,0x00,
0x00,0x00,0x00,0x00,0x00,0x00,0x00,0x00,0x00,0x00,
0x00,0x00,0x00,0x00,0x00,0x00,0x00,0x00,0x00,0x00,
0x00,0x00,0x00,0x00,0x00,0x00,0x00,0x00,0x00,0x00,
0x00,0x00,0x00,0x00,0x00,0x00,0x00,0x00,0x00,0x00,
0x00,0x00,0x00,0x00,0x00,0x00,0x00,0x00,0x00,0x00,
0x00,0x00,0x00,0x00,0x00,0x00,0x00,0x00,0x00,0x00,
0x00,0x00,0x00,0x00,0x00,0x00,0x00,0x00,0x00,0x00,
0x00,0x00,0x00,0x00,0x00,0x00,0x00,0x00,0x00,0x00,
0x00,0x00,0x00,0x00,0x00,0x00,0x00,0x00,0x00,0x00,
0x00,0x00,0x00,0x00,0x00,0x00,0x00,0x00,0x00,0x00,
0x00,0x00,0x00,0x00,0x00,0x00,0x00,0x00,0x00,0x00,
0x00,0x00,0x00,0x00,0x00,0x00,0x00,0x00,0x00,0x00,
0x00,0x00,0x00,0x00,0x00,0x00,0x00,0x00,0x00,0x00,
0x00,0x00,0x00,0x00,0x00,0x00,0x00,0x00,0x00,0x00,
0x00,0x00,0x00,0x00,0x00,0x00,0x00,0x00,0x00,0x00,
0x00,0x00,0x00,0x00,0x00,0x00,0x00,0x00,0x00,0x00,
0x00,0x00,0x00,0x00,0x00,0x00,0x00,0x00,0x00,0x00,
0x00,0x00,0x00,0x00,0x00,0x00,0x00,0x00,0x00,0x00,
0x00,0x00,0x00,0x00,0x00,0x00,0x00,0x00,0x00,0x00,
0x00,0x00,0x00,0x00,0x00,0x00,0x00,0x00,0x00,0x00,
0x00,0x00,0x00,0x00,0x00,0x00,0x00,0x00,0x00,0x00,
0x00,0x00,0x00,0x00,0x00,0x00,0x00,0x00,0x00,0x00,
0x00,0x00,0x00,0x00,0x00,0x00,0x00,0x00,0x00,0x00,
0x00,0x00,0x00,0x00,0x00,0x00,0x00,0x00,0x00,0x00,
0x00,0x00,0x00,0x00,0x00,0x00,0x00,0x00,0x00,0x00,
0x00,0x00,0x00,0x00,0x00,0x00,0x00,0x00,0x00,0x00,
0x00,0x00,0x00,0x00,0x00,0x00,0x00,0x00,0x00,0x00,
0x00,0x00,0x00,0x00,0x00,0x00,0x00,0x00,0x00,0x00,
0x00,0x00,0x00,0x00,0x00,0x00,0x00,0x00,0x00,0x00,
0x00,0x00,0x00,0x00,0x00,0x00,0x00,0x00,0x00,0x00,
0x00,0x00,0x00,0x00,0x00,0x00,0x00,0x00,0x00,0x00,
0x00,0x00,0x00,0x00,0x00,0x00,0x00,0x00,0x00,0x00,
0x00,0x00,0x00,0x00,0x00,0x00,0x00,0x00,0x00,0x00,
0x00,0x00,0x00,0x00,0x00,0x00,0x00,0x00,0x00,0x00,
0x00,0x00,0x00,0x00,0x00,0x00,0x00,0x00,0x00,0x00,
0x00,0x00,0x00,0x00,0x00,0x00,0x00,0x00,0x00,0x00,
0x00,0x00,0x00,0x00,0x00,0x00,0x00,0x00,0x00,0x00,
0x00,0x00,0x00,0x00,0x00,0x00,0x00,0x00,0x00,0x00,
0x00,0x00,0x00,0x00,0x00,0x00,0x00,0x00,0x00,0x00,
0x00,0x00,0x00,0x00,0x00,0x00,0x00,0x00,0x00,0x00,
0x00,0x00,0x00,0x00,0x00,0x00,0x00,0x00,0x00,0x00,
0x00,0x00,0x00,0x00,0x00,0x00,0x00,0x00,0x00,0x00,
0x00,0x00,0x00,0x00,0x00,0x00,0x00,0x00,0x00,0x00,
0x00,0x00,0x00,0x00,0x00,0x00,0x00,0x00,0x00,0x00,
0x00,0x00,0x00,0x00,0x00,0x00,0x00,0x00,0x00,0x00,
0x00,0x00,0x00,0x00,0x00,0x00,0x00,0x00,0x00,0x00,
0x00,0x00,0x00,0x00,0x00,0x00,0x00,0x00,0x00,0x00,
0x00,0x00,0x00,0x00,0x00,0x00,0x00,0x00,0x00,0x00,
0x00,0x00,0x00,0x00,0x00,0x00,0x00,0x00,0x00,0x00,
0x00,0x00,0x00,0x00,0x00,0x00,0x00,0x00,0x00,0x00,
0x00,0x00,0x00,0x00,0x00,0x00,0x00,0x00,0x00,0x00,
0x00,0x00,0x00,0x00,0x00,0x00,0x00,0x00,0x00,0x00,
0x00,0x00,0x00,0x00,0x00,0x00,0x00,0x00,0x00,0x00,
0x00,0x00,0x00,0x00,0x00,0x00,0x00,0x00,0x00,0x00,
0x00,0x00,0x00,0x00,0x00,0x00,0x00,0x00,0x00,0x00,
0x00,0x00,0x00,0x00,0x00,0x00,0x00,0x00,0x00,0x00,
0x00,0x00,0x00,0x00,0x00,0x00,0x00,0x00,0x00,0x00,
0x00,0x00,0x00,0x00,0x00,0x00,0x00,0x00,0x00,0x00,
0x00,0x00,0x00,0x00,0x00,0x00,0x00,0x00,0x00,0x00,
0x00,0x00,0x00,0x00,0x00,0x00,0x00,0x00,0x00,0x00,
0x00,0x00,0x00,0x00,0x00,0x00,0x00,0x00,0x00,0x00,
0x00,0x00,0x00,0x00,0x00,0x00,0x00,0x00,0x00,0x00,
0x00,0x00,0x00,0x00,0x00,0x00,0x00,0x00,0x00,0x00,
0x00,0x00,0x00,0x00,0x00,0x00,0x00,0x00,0x00,0x00,
0x00,0x00,0x00,0x00,0x00,0x00,0x00,0x00,0x00,0x00,
0x00,0x00,0x00,0x00,0x00,0x00,0x00,0x00,0x00,0x00,
0x00,0x00,0x00,0x00,0x00,0x00,0x00,0x00,0x00,0x00,
0x00,0x00,0x00,0x00,0x00,0x00,0x00,0x00,0x00,0x00,
0x00,0x00,0x00,0x00,0x00,0x00,0x00,0x00,0x00,0x00,
0x00,0x00,0x00,0x00,0x00,0x00,0x00,0x00,0x00,0x00,
0x00,0x00,0x00,0x00,0x00,0x00,0x00,0x00,0x00,0x00,
0x00,0x00,0x00,0x00,0x00,0x00,0x00,0x00,0x00,0x00,
0x00,0x00,0x00,0x00,0x00,0x00,0x00,0x00,0x00,0x00,
0x00,0x00,0x00,0x00,0x00,0x00,0x00,0x00,0x00,0x00,
0x00,0x00,0x00,0x00,0x00,0x00,0x00,0x00,0x00,0x00,
0x00,0x00,0x00,0x00,0x00,0x00,0x00,0x00,0x00,0x00,
0x00,0x00,0x00,0x00,0x00,0x00,0x00,0x00,0x00,0x00,
0x00,0x00,0x00,0x00,0x00,0x00,0x00,0x00,0x00,0x00,
0x00,0x00,0x00,0x00,0x00,0x00,0x00,0x00,0x00,0x00,
0x00,0x00,0x00,0x00,0x00,0x00,0x00,0x00,0x00,0x00,
0x00,0x00,0x00,0x00,0x00,0x00,0x00,0x00,0x00,0x00,
0x00,0x00,0x00,0x00,0x00,0x00,0x00,0x00,0x00,0x00,
0x00,0x00,0x00,0x00,0x00,0x00,0x00,0x00,0x00,0x00,
0x00,0x00,0x00,0x00,0x00,0x00,0x00,0x00,0x00,0x00,
0x00,0x00,0x00,0x00,0x00,0x00,0x00,0x00,0x00,0x00,
0x00,0x00,0x00,0x00,0x00,0x00,0x00,0x00,0x00,0x00,
0x00,0x00,0x00,0x00,0x00,0x00,0x00,0x00,0x00,0x00,
0x00,0x00,0x00,0x00,0x00,0x00,0x00,0x00,0x00,0x00,
0x00,0x00,0x00,0x00,0x00,0x00,0x00,0x00,0x00,0x00,
0x00,0x00,0x00,0x00,0x00,0x00,0x00,0x00,0x00,0x00,
0x00,0x00,0x00,0x00,0x00,0x00,0x00,0x00,0x00,0x00,
0x00,0x00,0x00,0x00,0x00,0x00,0x00,0x00,0x00,0x00,
0x00,0x00,0x00,0x00,0x00,0x00,0x00,0x00,0x00,0x00,
0x00,0x00,0x00,0x00,0x00,0x00,0x00,0x00,0x00,0x00,
0x00,0x00,0x00,0x00,0x00,0x00,0x00,0x00,0x00,0x00,
0x00,0x00,0x00,0x00,0x00,0x00,0x00,0x00,0x00,0x00,
0x00,0x00,0x00,0x00,0x00,0x00,0x00,0x00,0x00,0x00,
0x00,0x00,0x00,0x00,0x00,0x00,0x00,0x00,0x00,0x00,
0x00,0x00,0x00,0x00,0x00,0x00,0x00,0x00,0x00,0x00,
0x00,0x00,0x00,0x00,0x00,0x00,0x00,0x00,0x00,0x00,
0x00,0x00,0x00,0x00,0x00,0x00,0x00,0x00,0x00,0x00,
0x00,0x00,0x00,0x00,0x00,0x00,0x00,0x00,0x00,0x00,
0x00,0x00,0x00,0x00,0x00,0x00,0x00,0x00,0x00,0x00,
0x00,0x00,0x00,0x00,0x00,0x00,0x00,0x00,0x00,0x00,
0x00,0x00,0x00,0x00,0x00,0x00,0x00,0x00,0x00,0x00,
0x00,0x00,0x00,0x00,0x00,0x00,0x00,0x00,0x00,0x00,
0x00,0x00,0x00,0x00,0x00,0x00,0x00,0x00,0x00,0x00,
0x00,0x00,0x00,0x00,0x00,0x00,0x00,0x00,0x00,0x00,
0x00,0x00,0x00,0x00,0x00,0x00,0x00,0x00,0x00,0x00,
0x00,0x00,0x00,0x00,0x00,0x00,0x00,0x00,0x00,0x00,
0x00,0x00,0x00,0x00,0x00,0x00,0x00,0x00,0x00,0x00,
0x00,0x00,0x00,0x00,0x00,0x00,0x00,0x00,0x00,0x00,
0x00,0x00,0x00,0x00,0x00,0x00,0x00,0x00,0x00,0x00,
0x00,0x00,0x00,0x00,0x00,0x00,0x00,0x00,0x00,0x00,
0x00,0x00,0x00,0x00,0x00,0x00,0x00,0x00,0x00,0x00,
0x00,0x00,0x00,0x00,0x00,0x00,0x00,0x00,0x00,0x00,
0x00,0x00,0x00,0x00,0x00,0x00,0x00,0x00,0x00,0x00,
0x00,0x00,0x00,0x00,0x00,0x00,0x00,0x00,0x00,0x00,
0x00,0x00,0x00,0x00,0x00,0x00,0x00,0x00,0x00,0x00,
0x00,0x00,0x00,0x00,0x00,0x00,0x00,0x00,0x00,0x00,
0x00,0x00,0x00,0x00,0x00,0x00,0x00,0x00,0x00,0x00,
0x00,0x00,0x00,0x00,0x00,0x00,0x00,0x00,0x00,0x00,
0x00,0x00,0x00,0x00,0x00,0x00,0x00,0x00,0x00,0x00,
0x00,0x00,0x00,0x00,0x00,0x00,0x00,0x00,0x00,0x00,
0x00,0x00,0x00,0x00,0x00,0x00,0x00,0x00,0x00,0x00,
0x00,0x00,0x00,0x00,0x00,0x00,0x00,0x00,0x00,0x00,
0x00,0x00,0x00,0x00,0x00,0x00,0x00,0x00,0x00,0x00,
0x00,0x00,0x00,0x00,0x00,0x00,0x00,0x00,0x00,0x00,
0x00,0x00,0x00,0x00,0x00,0x00,0x00,0x00,0x00,0x00,
0x00,0x00,0x00,0x00,0x00,0x00,0x00,0x00,0x00,0x00,
0x00,0x00,0x00,0x00,0x00,0x00,0x00,0x00,0x00,0x00,
0x00,0x00,0x00,0x00,0x00,0x00,0x00,0x00,0x00,0x00,
0x00,0x00,0x00,0x00,0x00,0x00,0x00,0x00,0x00,0x00,
0x00,0x00,0x00,0x00,0x00,0x00,0x00,0x00,0x00,0x00,
0x00,0x00,0x00,0x00,0x00,0x00,0x00,0x00,0x00,0x00,
0x00,0x00,0x00,0x00,0x00,0x00,0x00,0x00,0x00,0x00,
0x00,0x00,0x00,0x00,0x00,0x00,0x00,0x00,0x00,0x00,
0x00,0x00,0x00,0x00,0x00,0x00,0x00,0x00,0x00,0x00,
0x00,0x00,0x00,0x00,0x00,0x00,0x00,0x00,0x00,0x00,
0x00,0x00,0x00,0x00,0x00,0x00,0x00,0x00,0x00,0x00,
0x00,0x00,0x00,0x00,0x00,0x00,0x00,0x00,0x00,0x00,
0x00,0x00,0x00,0x00,0x00,0x00,0x00,0x00,0x00,0x00,
0x00,0x00,0x00,0x00,0x00,0x00,0x00,0x00,0x00,0x00,
0x00,0x00,0x00,0x00,0x00,0x00,0x00,0x00,0x00,0x00,
0x00,0x00,0x00,0x00,0x00,0x00,0x00,0x00,0x00,0x00,
0x00,0x00,0x00,0x00,0x00,0x00,0x00,0x00,0x00,0x00,
0x00,0x00,0x00,0x00,0x00,0x00,0x00,0x00,0x00,0x00,
0x00,0x00,0x00,0x00,0x00,0x00,0x00,0x00,0x00,0x00,
0x00,0x00,0x00,0x00,0x00,0x00,0x00,0x00,0x00,0x00,
0x00,0x00,0x00,0x00,0x00,0x00,0x00,0x00,0x00,0x00,
0x00,0x00,0x00,0x00,0x00,0x00,0x00,0x00,0x00,0x00,
0x00,0x00,0x00,0x00,0x00,0x00,0x00,0x00,0x00,0x00,
0x00,0x00,0x00,0x00,0x00,0x00,0x00,0x00,0x00,0x00,
0x00,0x00,0x00,0x00,0x00,0x00,0x00,0x00,0x00,0x00,
0x00,0x00,0x00,0x00,0x00,0x00,0x00,0x00,0x00,0x00,
0x00,0x00,0x00,0x00,0x00,0x00,0x00,0x00,0x00,0x00,
0x00,0x00,0x00,0x00,0x00,0x00,0x00,0x00,0x00,0x00,
0x00,0x00,0x00,0x00,0x00,0x00,0x00,0x00,0x00,0x00,
0x00,0x00,0x00,0x00,0x00,0x00,0x00,0x00,0x00,0x00,
0x00,0x00,0x00,0x00,0x00,0x00,0x00,0x00,0x00,0x00,
0x00,0x00,0x00,0x00,0x00,0x00,0x00,0x00,0x00,0x00,
0x00,0x00,0x00,0x00,0x00,0x00,0x00,0x00,0x00,0x00,
0x00,0x00,0x00,0x00,0x00,0x00,0x00,0x00,0x00,0x00,
0x00,0x00,0x00,0x00,0x00,0x00,0x00,0x00,0x00,0x00,
0x00,0x00,0x00,0x00,0x00,0x00,0x00,0x00,0x00,0x00,
0x00,0x00,0x00,0x00,0x00,0x00,0x00,0x00,0x00,0x00,
0x00,0x00,0x00,0x00,0x00,0x00,0x00,0x00,0x00,0x00,
0x00,0x00,0x00,0x00,0x00,0x00,0x00,0x00,0x00,0x00,
0x00,0x00,0x00,0x00,0x00,0x00,0x00,0x00,0x00,0x00,
0x00,0x00,0x00,0x00,0x00,0x00,0x00,0x00,0x00,0x00,
0x00,0x00,0x00,0x00,0x00,0x00,0x00,0x00,0x00,0x00,
0x00,0x00,0x00,0x00,0x00,0x00,0x00,0x00,0x00,0x00,
0x00,0x00,0x00,0x00,0x00,0x00,0x00,0x00,0x00,0x00,
0x00,0x00,0x00,0x00,0x00,0x00,0x00,0x00,0x00,0x00,
0x00,0x00,0x00,0x00,0x00,0x00,0x00,0x00,0x00,0x00,
0x00,0x00,0x00,0x00,0x00,0x00,0x00,0x00,0x00,0x00,
0x00,0x00,0x00,0x00,0x00,0x00,0x00,0x00,0x00,0x00,
0x00,0x00,0x00,0x00,0x00,0x00,0x00,0x00,0x00,0x00,
0x00,0x00,0x00,0x00,0x00,0x00,0x00,0x00,0x00,0x00,
0x00,0x00,0x00,0x00,0x00,0x00,0x00,0x00,0x00,0x00,
0x00,0x00,0x00,0x00,0x00,0x00,0x00,0x00,0x00,0x00,
0x00,0x00,0x00,0x00,0x00,0x00,0x00,0x00,0x00,0x00,
0x00,0x00,0x00,0x00,0x00,0x00,0x00,0x00,0x00,0x00,
0x00,0x00,0x00,0x00,0x00,0x00,0x00,0x00,0x00,0x00,
0x00,0x00,0x00,0x00,0x00,0x00,0x00,0x00,0x00,0x00,
0x00,0x00,0x00,0x00,0x00,0x00,0x00,0x00,0x00,0x00,
0x00,0x00,0x00,0x00,0x00,0x00,0x00,0x00,0x00,0x00,
0x00,0x00,0x00,0x00,0x00,0x00,0x00,0x00,0x00,0x00,
0x00,0x00,0x00,0x00,0x00,0x00,0x00,0x00,0x00,0x00,
0x00,0x00,0x00,0x00,0x00,0x00,0x00,0x00,0x00,0x00,
0x00,0x00,0x00,0x00,0x00,0x00,0x00,0x00,0x00,0x00,
0x00,0x00,0x00,0x00,0x00,0x00,0x00,0x00,0x00,0x00,
0x00,0x00,0x00,0x00,0x00,0x00,0x00,0x00,0x00,0x00,
0x00,0x00,0x00,0x00,0x00,0x00,0x00,0x00,0x00,0x00,
0x00,0x00,0x00,0x00,0x00,0x00,0x00,0x00,0x00,0x00,
0x00,0x00,0x00,0x00,0x00,0x00,0x00,0x00,0x00,0x00,
0x00,0x00,0x00,0x00,0x00,0x00,0x00,0x00,0x00,0x00,
0x00,0x00,0x00,0x00,0x00,0x00,0x00,0x00,0x00,0x00,
0x00,0x00,0x00,0x00,0x00,0x00,0x00,0x00,0x00,0x00,
0x00,0x00,0x00,0x00,0x00,0x00,0x00,0x00,0x00,0x00,
0x00,0x00,0x00,0x00,0x00,0x00,0x00,0x00,0x00,0x00,
0x00,0x00,0x00,0x00,0x00,0x00,0x00,0x00,0x00,0x00,
0x00,0x00,0x00,0x00,0x00,0x00,0x00,0x00,0x00,0x00,
0x00,0x00,0x00,0x00,0x00,0x00,0x00,0x00,0x00,0x00,
0x00,0x00,0x00,0x00,0x00,0x00,0x00,0x00,0x00,0x00,
0x00,0x00,0x00,0x00,0x00,0x00,0x00,0x00,0x00,0x00,
0x00,0x00,0x00,0x00,0x00,0x00,0x00,0x00,0x00,0x00,
0x00,0x00,0x00,0x00,0x00,0x00,0x00,0x00,0x00,0x00,
0x00,0x00,0x00,0x00,0x00,0x00,0x00,0x00,0x00,0x00,
0x00,0x00,0x00,0x00,0x00,0x00,0x00,0x00,0x00,0x00,
0x00,0x00,0x00,0x00,0x00,0x00,0x00,0x00,0x00,0x00,
0x00,0x00,0x00,0x00,0x00,0x00,0x00,0x00,0x00,0x00,
0x00,0x00,0x00,0x00,0x00,0x00,0x00,0x00,0x00,0x00,
0x00,0x00,0x00,0x00,0x00,0x00,0x00,0x00,0x00,0x00,
0x00,0x00,0x00,0x00,0x00,0x00,0x00,0x00,0x00,0x00,
0x00,0x00,0x00,0x00,0x00,0x00,0x00,0x00,0x00,0x00,
0x00,0x00,0x00,0x00,0x00,0x00,0x00,0x00,0x00,0x00,
0x00,0x00,0x00,0x00,0x00,0x00,0x00,0x00,0x00,0x00,
0x00,0x00,0x00,0x00,0x00,0x00,0x00,0x00,0x00,0x00,
0x00,0x00,0x00,0x00,0x00,0x00,0x00,0x00,0x00,0x00,
0x00,0x00,0x00,0x00,0x00,0x00,0x00,0x00,0x00,0x00,
0x00,0x00,0x00,0x00,0x00,0x00,0x00,0x00,0x00,0x00,
0x00,0x00,0x00,0x00,0x00,0x00,0x00,0x00,0x00,0x00,
0x00,0x00,0x00,0x00,0x00,0x00,0x00,0x00,0x00,0x00,
0x00,0x00,0x00,0x00,0x00,0x00,0x00,0x00,0x00,0x00,
0x00,0x00,0x00,0x00,0x00,0x00,0x00,0x00,0x00,0x00,
0x00,0x00,0x00,0x00,0x00,0x00,0x00,0x00,0x00,0x00,
0x00,0x00,0x00,0x00,0x00,0x00,0x00,0x00,0x00,0x00,
0x00,0x00,0x00,0x00,0x00,0x00,0x00,0x00,0x00,0x00,
0x00,0x00,0x00,0x00,0x00,0x00,0x00,0x00,0x00,0x00,
0x00,0x00,0x00,0x00,0x00,0x00,0x00,0x00,0x00,0x00,
0x00,0x00,0x00,0x00,0x00,0x00,0x00,0x00,0x00,0x00,
0x00,0x00,0x00,0x00,0x00,0x00,0x00,0x00,0x00,0x00,
0x00,0x00,0x00,0x00,0x00,0x00,0x00,0x00,0x00,0x00,
0x00,0x00,0x00,0x00,0x00,0x00,0x00,0x00,0x00,0x00,
0x00,0x00,0x00,0x00,0x00,0x00,0x00,0x00,0x00,0x00,
0x00,0x00,0x00,0x00,0x00,0x00,0x00,0x00,0x00,0x00,
0x00,0x00,0x00,0x00,0x00,0x00,0x00,0x00,0x00,0x00,
0x00,0x00,0x00,0x00,0x00,0x00,0x00,0x00,0x00,0x00,
0x00,0x00,0x00,0x00,0x00,0x00,0x00,0x00,0x00,0x00,
0x00,0x00,0x00,0x00,0x00,0x00,0x00,0x00,0x00,0x00,
0x00,0x00,0x00,0x00,0x00,0x00,0x00,0x00,0x00,0x00,
0x00,0x00,0x00,0x00,0x00,0x00,0x00,0x00,0x00,0x00,
0x00,0x00,0x00,0x00,0x00,0x00,0x00,0x00,0x00,0x00,
0x00,0x00,0x00,0x00,0x00,0x00,0x00,0x00,0x00,0x00,
0x00,0x00,0x00,0x00,0x00,0x00,0x00,0x00,0x00,0x00,
0x00,0x00,0x00,0x00,0x00,0x00,0x00,0x00,0x00,0x00,
0x00,0x00,0x00,0x00,0x00,0x00,0x00,0x00,0x00,0x00,
0x00,0x00,0x00,0x00,0x00,0x00,0x00,0x00,0x00,0x00,
0x00,0x00,0x00,0x00,0x00,0x00,0x00,0x00,0x00,0x00,
0x00,0x00,0x00,0x00,0x00,0x00,0x00,0x00,0x00,0x00,
0x00,0x00,0x00,0x00,0x00,0x00,0x00,0x00,0x00,0x00,
0x00,0x00,0x00,0x00,0x00,0x00,0x00,0x00,0x00,0x00,
0x00,0x00,0x00,0x00,0x00,0x00,0x00,0x00,0x00,0x00,
0x00,0x00,0x00,0x00,0x00,0x00,0x00,0x00,0x00,0x00,
0x00,0x00,0x00,0x00,0x00,0x00,0x00,0x00,0x00,0x00,
0x00,0x00,0x00,0x00,0x00,0x00,0x00,0x00,0x00,0x00,
0x00,0x00,0x00,0x00,0x00,0x00,0x00,0x00,0x00,0x00,
0x00,0x00,0x00,0x00,0x00,0x00,0x00,0x00,0x00,0x00,
0x00,0x00,0x00,0x00,0x00,0x00,0x00,0x00,0x00,0x00,
0x00,0x00,0x00,0x00,0x00,0x00,0x00,0x00,0x00,0x00,
0x00,0x00,0x00,0x00,0x00,0x00,0x00,0x00,0x00,0x00,
0x00,0x00,0x00,0x00,0x00,0x00,0x00,0x00,0x00,0x00,
0x00,0x00,0x00,0x00,0x00,0x00,0x00,0x00,0x00,0x00,
0x00,0x00,0x00,0x00,0x00,0x00,0x00,0x00,0x00,0x00,
0x00,0x00,0x00,0x00,0x00,0x00,0x00,0x00,0x00,0x00,
0x00,0x00,0x00,0x00,0x00,0x00,0x00,0x00,0x00,0x00,
0x00,0x00,0x00,0x00,0x00,0x00,0x00,0x00,0x00,0x00,
0x00,0x00,0x00,0x00,0x00,0x00,0x00,0x00,0x00,0x00,
0x00,0x00,0x00,0x00,0x00,0x00,0x00,0x00,0x00,0x00,
0x00,0x00,0x00,0x00,0x00,0x00,0x00,0x00,0x00,0x00,
0x00,0x00,0x00,0x00,0x00,0x00,0x00,0x00,0x00,0x00,
0x00,0x00,0x00,0x00,0x00,0x00,0x00,0x00,0x00,0x00,
0x00,0x00,0x00,0x00,0x00,0x00,0x00,0x00,0x00,0x00,
0x00,0x00,0x00,0x00,0x00,0x00,0x00,0x00,0x00,0x00,
0x00,0x00,0x00,0x00,0x00,0x00,0x00,0x00,0x00,0x00,
0x00,0x00,0x00,0x00,0x00,0x00,0x00,0x00,0x00,0x00,
0x00,0x00,0x00,0x00,0x00,0x00,0x00,0x00,0x00,0x00,
0x00,0x00,0x00,0x00,0x00,0x00,0x00,0x00,0x00,0x00,
0x00,0x00,0x00,0x00,0x00,0x00,0x00,0x00,0x00,0x00,
0x00,0x00,0x00,0x00,0x00,0x00,0x00,0x00,0x00,0x00,
0x00,0x00,0x00,0x00,0x00,0x00,0x00,0x00,0x00,0x00,
0x00,0x00,0x00,0x00,0x00,0x00,0x00,0x00,0x00,0x00,
0x00,0x00,0x00,0x00,0x00,0x00,0x00,0x00,0x00,0x00,
0x00,0x00,0x00,0x00,0x00,0x00,0x00,0x00,0x00,0x00,
0x00,0x00,0x00,0x00,0x00,0x00,0x00,0x00,0x00,0x00,
0x00,0x00,0x00,0x00,0x00,0x00,0x00,0x00,0x00,0x00,
0x00,0x00,0x00,0x00,0x00,0x00,0x00,0x00,0x00,0x00,
0x00,0x00,0x00,0x00,0x00,0x00,0x00,0x00,0x00,0x00,
0x00,0x00,0x00,0x00,0x00,0x00,0x00,0x00,0x00,0x00,
0x00,0x00,0x00,0x00,0x00,0x00,0x00,0x00,0x00,0x00,
0x00,0x00,0x00,0x00,0x00,0x00,0x00,0x00,0x00,0x00,
0x00,0x00,0x00,0x00,0x00,0x00,0x00,0x00,0x00,0x00,
0x00,0x00,0x00,0x00,0x00,0x00,0x00,0x00,0x00,0x00,
0x00,0x00,0x00,0x00,0x00,0x00,0x00,0x00,0x00,0x00,
0x00,0x00,0x00,0x00,0x00,0x00,0x00,0x00,0x00,0x00,
0x00,0x00,0x00,0x00,0x00,0x00,0x00,0x00,0x00,0x00,
0x00,0x00,0x00,0x00,0x00,0x00,0x00,0x00,0x00,0x00,
0x00,0x00,0x00,0x00,0x00,0x00,0x00,0x00,0x00,0x00,
0x00,0x00,0x00,0x00,0x00,0x00,0x00,0x00,0x00,0x00,
0x00,0x00,0x00,0x00,0x00,0x00,0x00,0x00,0x00,0x00,
0x00,0x00,0x00,0x00,0x00,0x00,0x00,0x00,0x00,0x00,
0x00,0x00,0x00,0x00,0x00,0x00,0x00,0x00,0x00,0x00,
0x00,0x00,0x00,0x00,0x00,0x00,0x00,0x00,0x00,0x00,
0x00,0x00,0x00,0x00,0x00,0x00,0x00,0x00,0x00,0x00,
0x00,0x00,0x00,0x00,0x00,0x00,0x00,0x00,0x00,0x00,
0x00,0x00,0x00,0x00,0x00,0x00,0x00,0x00,0x00,0x00,
0x00,0x00,0x00,0x00,0x00,0x00,0x00,0x00,0x00,0x00,
0x00,0x00,0x00,0x00,0x00,0x00,0x00,0x00,0x00,0x00,
0x00,0x00,0x00,0x00,0x00,0x00,0x00,0x00,0x00,0x00,
0x00,0x00,0x00,0x00,0x00,0x00,0x00,0x00,0x00,0x00,
0x00,0x00,0x00,0x00,0x00,0x00,0x00,0x00,0x00,0x00,
0x00,0x00,0x00,0x00,0x00,0x00,0x00,0x00,0x00,0x00,
0x00,0x00,0x00,0x00,0x00,0x00,0x00,0x00,0x00,0x00,
0x00,0x00,0x00,0x00,0x00,0x00,0x00,0x00,0x00,0x00,
0x00,0x00,0x00,0x00,0x00,0x00,0x00,0x00,0x00,0x00,
0x00,0x00,0x00,0x00,0x00,0x00,0x00,0x00,0x00,0x00,
0x00,0x00,0x00,0x00,0x00,0x00,0x00,0x00,0x00,0x00,
0x00,0x00,0x00,0x00,0x00,0x00,0x00,0x00,0x00,0x00,
0x00,0x00,0x00,0x00,0x00,0x00,0x00,0x00,0x00,0x00,
0x00,0x00,0x00,0x00,0x00,0x00,0x00,0x00,0x00,0x00,
0x00,0x00,0x00,0x00,0x00,0x00,0x00,0x00,0x00,0x00,
0x00,0x00,0x00,0x00,0x00,0x00,0x00,0x00,0x00,0x00,
0x00,0x00,0x00,0x00,0x00,0x00,0x00,0x00,0x00,0x00,
0x00,0x00,0x00,0x00,0x00,0x00,0x00,0x00,0x00,0x00,
0x00,0x00,0x00,0x00,0x00,0x00,0x00,0x00,0x00,0x00,
0x00,0x00,0x00,0x00,0x00,0x00,0x00,0x00,0x00,0x00,
0x00,0x00,0x00,0x00,0x00,0x00,0x00,0x00,0x00,0x00,
0x00,0x00,0x00,0x00,0x00,0x00,0x00,0x00,0x00,0x00,
0x00,0x00,0x00,0x00,0x00,0x00,0x00,0x00,0x00,0x00,
0x00,0x00,0x00,0x00,0x00,0x00,0x00,0x00,0x00,0x00,
0x00,0x00,0x00,0x00,0x00,0x00,0x00,0x00,0x00,0x00,
0x00,0x00,0x00,0x00,0x00,0x00,0x00,0x00,0x00,0x00,
0x00,0x00,0x00,0x00,0x00,0x00,0x00,0x00,0x00,0x00,
0x00,0x00,0x00,0x00,0x00,0x00,0x00,0x00,0x00,0x00,
0x00,0x00,0x00,0x00,0x00,0x00,0x00,0x00,0x00,0x00,
0x00,0x00,0x00,0x00,0x00,0x00,0x00,0x00,0x00,0x00,
0x00,0x00,0x00,0x00,0x00,0x00,0x00,0x00,0x00,0x00,
0x00,0x00,0x00,0x00,0x00,0x00,0x00,0x00,0x00,0x00,
0x00,0x00,0x00,0x00,0x00,0x00,0x00,0x00,0x00,0x00,
0x00,0x00,0x00,0x00,0x00,0x00,0x00,0x00,0x00,0x00,
0x00,0x00,0x00,0x00,0x00,0x00,0x00,0x00,0x00,0x00,
0x00,0x00,0x00,0x00,0x00,0x00,0x00,0x00,0x00,0x00,
0x00,0x00,0x00,0x00,0x00,0x00,0x00,0x00,0x00,0x00,
0x00,0x00,0x00,0x00,0x00,0x00,0x00,0x00,0x00,0x00,
0x00,0x00,0x00,0x00,0x00,0x00,0x00,0x00,0x00,0x00,
0x00,0x00,0x00,0x00,0x00,0x00,0x00,0x00,0x00,0x00,
0x00,0x00,0x00,0x00,0x00,0x00,0x00,0x00,0x00,0x00,
0x00,0x00,0x00,0x00,0x00,0x00,0x00,0x00,0x00,0x00,
0x00,0x00,0x00,0x00,0x00,0x00,0x00,0x00,0x00,0x00,
0x00,0x00,0x00,0x00,0x00,0x00,0x00,0x00,0x00,0x00,
0x00,0x00,0x00,0x00,0x00,0x00,0x00,0x00,0x00,0x00,
0x00,0x00,0x00,0x00,0x00,0x00,0x00,0x00,0x00,0x00,
0x00,0x00,0x00,0x00,0x00,0x00,0x00,0x00,0x00,0x00,
0x00,0x00,0x00,0x00,0x00,0x00,0x00,0x00,0x00,0x00,
0x00,0x00,0x00,0x00,0x00,0x00,0x00,0x00,0x00,0x00,
0x00,0x00,0x00,0x00,0x00,0x00,0x00,0x00,0x00,0x00,
0x00,0x00,0x00,0x00,0x00,0x00,0x00,0x00,0x00,0x00,
0x00,0x00,0x00,0x00,0x00,0x00,0x00,0x00,0x00,0x00,
0x00,0x00,0x00,0x00,0x00,0x00,0x00,0x00,0x00,0x00,
0x00,0x00,0x00,0x00,0x00,0x00,0x00,0x00,0x00,0x00,
0x00,0x00,0x00,0x00,0x00,0x00,0x00,0x00,0x00,0x00,
0x00,0x00,0x00,0x00,0x00,0x00,0x00,0x00,0x00,0x00,
0x00,0x00,0x00,0x00,0x00,0x00,0x00,0x00,0x00,0x00,
0x00,0x00,0x00,0x00,0x00,0x00,0x00,0x00,0x00,0x00,
0x00,0x00,0x00,0x00,0x00,0x00,0x00,0x00,0x00,0x00,
0x00,0x00,0x00,0x00,0x00,0x00,0x00,0x00,0x00,0x00,
0x00,0x00,0x00,0x00,0x00,0x00,0x00,0x00,0x00,0x00,
0x00,0x00,0x00,0x00,0x00,0x00,0x00,0x00,0x00,0x00,
0x00,0x00,0x00,0x00,0x00,0x00,0x00,0x00,0x00,0x00,
0x00,0x00,0x00,0x00,0x00,0x00,0x00,0x00,0x00,0x00,
0x00,0x00,0x00,0x00,0x00,0x00,0x00,0x00,0x00,0x00,
0x00,0x00,0x00,0x00,0x00,0x00,0x00,0x00,0x00,0x00,
0x00,0x00,0x00,0x00,0x00,0x00,0x00,0x00,0x00,0x00,
0x00,0x00,0x00,0x00,0x00,0x00,0x00,0x00,0x00,0x00,
0x00,0x00,0x00,0x00,0x00,0x00,0x00,0x00,0x00,0x00,
0x00,0x00,0x00,0x00,0x00,0x00,0x00,0x00,0x00,0x00,
0x00,0x00,0x00,0x00,0x00,0x00,0x00,0x00,0x00,0x00,
0x00,0x00,0x00,0x00,0x00,0x00,0x00,0x00,0x00,0x00,
0x00,0x00,0x00,0x00,0x00,0x00,0x00,0x00,0x00,0x00,
0x00,0x00,0x00,0x00,0x00,0x00,0x00,0x00,0x00,0x00,
0x00,0x00,0x00,0x00,0x00,0x00,0x00,0x00,0x00,0x00,
0x00,0x00,0x00,0x00,0x00,0x00,0x00,0x00,0x00,0x00,
0x00,0x00,0x00,0x00,0x00,0x00,0x00,0x00,0x00,0x00,
0x00,0x00,0x00,0x00,0x00,0x00,0x00,0x00,0x00,0x00,
0x00,0x00,0x00,0x00,0x00,0x00,0x00,0x00,0x00,0x00,
0x00,0x00,0x00,0x00,0x00,0x00,0x00,0x00,0x00,0x00,
0x00,0x00,0x00,0x00,0x00,0x00,0x00,0x00,0x00,0x00,
0x00,0x00,0x00,0x00,0x00,0x00,0x00,0x00,0x00,0x00,
0x00,0x00,0x00,0x00,0x00,0x00,0x00,0x00,0x00,0x00,
0x00,0x00,0x00,0x00,0x00,0x00,0x00,0x00,0x00,0x00,
0x00,0x00,0x00,0x00,0x00,0x00,0x00,0x00,0x00,0x00,
0x00,0x00,0x00,0x00,0x00,0x00,0x00,0x00,0x00,0x00,
0x00,0x00,0x00,0x00,0x00,0x00,0x00,0x00,0x00,0x00,
0x00,0x00,0x00,0x00,0x00,0x00,0x00,0x00,0x00,0x00,
0x00,0x00,0x00,0x00,0x00,0x00,0x00,0x00,0x00,0x00,
0x00,0x00,0x00,0x00,0x00,0x00,0x00,0x00,0x00,0x00,
0x00,0x00,0x00,0x00,0x00,0x00,0x00,0x00,0x00,0x00,
0x00,0x00,0x00,0x00,0x00,0x00,0x00,0x00,0x00,0x00,
0x00,0x00,0x00,0x00,0x00,0x00,0x00,0x00,0x00,0x00,
0x00,0x00,0x00,0x00,0x00,0x00,0x00,0x00,0x00,0x00,
0x00,0x00,0x00,0x00,0x00,0x00,0x00,0x00,0x00,0x00,
0x00,0x00,0x00,0x00,0x00,0x00,0x00,0x00,0x00,0x00,
0x00,0x00,0x00,0x00,0x00,0x00,0x00,0x00,0x00,0x00,
0x00,0x00,0x00,0x00,0x00,0x00,0x00,0x00,0x00,0x00,
0x00,0x00,0x00,0x00,0x00,0x00,0x00,0x00,0x00,0x00,
0x00,0x00,0x00,0x00,0x00,0x00,0x00,0x00,0x00,0x00,
0x00,0x00,0x00,0x00,0x00,0x00,0x00,0x00,0x00,0x00,
0x00,0x00,0x00,0x00,0x00,0x00,0x00,0x00,0x00,0x00,
0x00,0x00,0x00,0x00,0x00,0x00,0x00,0x00,0x00,0x00,
0x00,0x00,0x00,0x00,0x00,0x00,0x00,0x00,0x00,0x00,
0x00,0x00,0x00,0x00,0x00,0x00,0x00,0x00,0x00,0x00,
0x00,0x00,0x00,0x00,0x00,0x00,0x00,0x00,0x00,0x00,
0x00,0x00,0x00,0x00,0x00,0x00,0x00,0x00,0x00,0x00,
0x00,0x00,0x00,0x00,0x00,0x00,0x00,0x00,0x00,0x00,
0x00,0x00,0x00,0x00,0x00,0x00,0x00,0x00,0x00,0x00,
0x00,0x00,0x00,0x00,0x00,0x00,0x00,0x00,0x00,0x00,
0x00,0x00,0x00,0x00,0x00,0x00,0x00,0x00,0x00,0x00,
0x00,0x00,0x00,0x00,0x00,0x00,0x00,0x00,0x00,0x00,
0x00,0x00,0x00,0x00,0x00,0x00,0x00,0x00,0x00,0x00,
0x00,0x00,0x00,0x00,0x00,0x00,0x00,0x00,0x00,0x00,
0x00,0x00,0x00,0x00,0x00,0x00,0x00,0x00,0x00,0x00,
0x00,0x00,0x00,0x00,0x00,0x00,0x00,0x00,0x00,0x00,
0x00,0x00,0x00,0x00,0x00,0x00,0x00,0x00,0x00,0x00,
0x00,0x00,0x00,0x00,0x00,0x00,0x00,0x00,0x00,0x00,
0x00,0x00,0x00,0x00,0x00,0x00,0x00,0x00,0x00,0x00,
0x00,0x00,0x00,0x00,0x00,0x00,0x00,0x00,0x00,0x00,
0x00,0x00,0x00,0x00,0x00,0x00,0x00,0x00,0x00,0x00,
0x00,0x00,0x00,0x00,0x00,0x00,0x00,0x00,0x00,0x00,
0x00,0x00,0x00,0x00,0x00,0x00,0x00,0x00,0x00,0x00,
0x00,0x00,0x00,0x00,0x00,0x00,0x00,0x00,0x00,0x00,
0x00,0x00,0x00,0x00,0x00,0x00,0x00,0x00,0x00,0x00,
0x00,0x00,0x00,0x00,0x00,0x00,0x00,0x00,0x00,0x00,
0x00,0x00,0x00,0x00,0x00,0x00,0x00,0x00,0x00,0x00,
0x00,0x00,0x00,0x00,0x00,0x00,0x00,0x00,0x00,0x00,
0x00,0x00,0x00,0x00,0x00,0x00,0x00,0x00,0x00,0x00,
0x00,0x00,0x00,0x00,0x00,0x00,0x00,0x00,0x00,0x00,
0x00,0x00,0x00,0x00,0x00,0x00,0x00,0x00,0x00,0x00,
0x00,0x00,0x00,0x00,0x00,0x00,0x00,0x00,0x00,0x00,
0x00,0x00,0x00,0x00,0x00,0x00,0x00,0x00,0x00,0x00,
0x00,0x00,0x00,0x00,0x00,0x00,0x00,0x00,0x00,0x00,
0x00,0x00,0x00,0x00,0x00,0x00,0x00,0x00,0x00,0x00,
0x00,0x00,0x00,0x00,0x00,0x00,0x00,0x00,0x00,0x00,
0x00,0x00,0x00,0x00,0x00,0x00,0x00,0x00,0x00,0x00,
0x00,0x00,0x00,0x00,0x00,0x00,0x00,0x00,0x00,0x00,
0x00,0x00,0x00,0x00,0x00,0x00,0x00,0x00,0x00,0x00,
0x00,0x00,0x00,0x00,0x00,0x00,0x00,0x00,0x00,0x00,
0x00,0x00,0x00,0x00,0x00,0x00,0x00,0x00,0x00,0x00,
0x00,0x00,0x00,0x00,0x00,0x00,0x00,0x00,0x00,0x00,
0x00,0x00,0x00,0x00,0x00,0x00,0x00,0x00,0x00,0x00,
0x00,0x00,0x00,0x00,0x00,0x00,0x00,0x00,0x00,0x00,
0x00,0x00,0x00,0x00,0x00,0x00,0x00,0x00,0x00,0x00,
0x00,0x00,0x00,0x00,0x00,0x00,0x00,0x00,0x00,0x00,
0x00,0x00,0x00,0x00,0x00,0x00,0x00,0x00,0x00,0x00,
0x00,0x00,0x00,0x00,0x00,0x00,0x00,0x00,0x00,0x00,
0x00,0x00,0x00,0x00,0x00,0x00,0x00,0x00,0x00,0x00,
0x00,0x00,0x00,0x00,0x00,0x00,0x00,0x00,0x00,0x00,
0x00,0x00,0x00,0x00,0x00,0x00,0x00,0x00,0x00,0x00,
0x00,0x00,0x00,0x00,0x00,0x00,0x00,0x00,0x00,0x00,
0x00,0x00,0x00,0x00,0x00,0x00,0x00,0x00,0x00,0x00,
0x00,0x00,0x00,0x00,0x00,0x00,0x00,0x00,0x00,0x00,
0x00,0x00,0x00,0x00,0x00,0x00,0x00,0x00,0x00,0x00,
0x00,0x00,0x00,0x00,0x00,0x00,0x00,0x00,0x00,0x00,
0x00,0x00,0x00,0x00,0x00,0x00,0x00,0x00,0x00,0x00,
0x00,0x00,0x00,0x00,0x00,0x00,0x00,0x00,0x00,0x00,
0x00,0x00,0x00,0x00,0x00,0x00,0x00,0x00,0x00,0x00,
0x00,0x00,0x00,0x00,0x00,0x00,0x00,0x00,0x00,0x00,
0x00,0x00,0x00,0x00,0x00,0x00,0x00,0x00,0x00,0x00,
0x00,0x00,0x00,0x00,0x00,0x00,0x00,0x00,0x00,0x00,
0x00,0x00,0x00,0x00,0x00,0x00,0x00,0x00,0x00,0x00,
0x00,0x00,0x00,0x00,0x00,0x00,0x00,0x00,0x00,0x00,
0x00,0x00,0x00,0x00,0x00,0x00,0x00,0x00,0x00,0x00,
0x00,0x00,0x00,0x00,0x00,0x00,0x00,0x00,0x00,0x00,
0x00,0x00,0x00,0x00,0x00,0x00,0x00,0x00,0x00,0x00,
0x00,0x00,0x00,0x00,0x00,0x00,0x00,0x00,0x00,0x00,
0x00,0x00,0x00,0x00,0x00,0x00,0x00,0x00,0x00,0x00,
0x00,0x00,0x00,0x00,0x00,0x00,0x00,0x00,0x00,0x00,
0x00,0x00,0x00,0x00,0x00,0x00,0x00,0x00,0x00,0x00,
0x00,0x00,0x00,0x00,0x00,0x00,0x00,0x00,0x00,0x00,
0x00,0x00,0x00,0x00,0x00,0x00,0x00,0x00,0x00,0x00,
0x00,0x00,0x00,0x00,0x00,0x00,0x00,0x00,0x00,0x00,
0x00,0x00,0x00,0x00,0x00,0x00,0x00,0x00,0x00,0x00,
0x00,0x00,0x00,0x00,0x00,0x00,0x00,0x00,0x00,0x00,
0x00,0x00,0x00,0x00,0x00,0x00,0x00,0x00,0x00,0x00,
0x00,0x00,0x00,0x00,0x00,0x00,0x00,0x00,0x00,0x00,
0x00,0x00,0x00,0x00,0x00,0x00,0x00,0x00,0x00,0x00,
0x00,0x00,0x00,0x00,0x00,0x00,0x00,0x00,0x00,0x00,
0x00,0x00,0x00,0x00,0x00,0x00,0x00,0x00,0x00,0x00,
0x00,0x00,0x00,0x00,0x00,0x00,0x00,0x00,0x00,0x00,
0x00,0x00,0x00,0x00,0x00,0x00,0x00,0x00,0x00,0x00,
0x00,0x00,0x00,0x00,0x00,0x00,0x00,0x00,0x00,0x00,
0x00,0x00,0x00,0x00,0x00,0x00,0x00,0x00,0x00,0x00,
0x00,0x00,0x00,0x00,0x00,0x00,0x00,0x00,0x00,0x00,
0x00,0x00,0x00,0x00,0x00,0x00,0x00,0x00,0x00,0x00,
0x00,0x00,0x00,0x00,0x00,0x00,0x00,0x00,0x00,0x00,
0x00,0x00,0x00,0x00,0x00,0x00,0x00,0x00,0x00,0x00,
0x00,0x00,0x00,0x00,0x00,0x00,0x00,0x00,0x00,0x00,
0x00,0x00,0x00,0x00,0x00,0x00,0x00,0x00,0x00,0x00,
0x00,0x00,0x00,0x00,0x00,0x00,0x00,0x00,0x00,0x00,
0x00,0x00,0x00,0x00,0x00,0x00,0x00,0x00,0x00,0x00,
0x00,0x00,0x00,0x00,0x00,0x00,0x00,0x00,0x00,0x00,
0x00,0x00,0x00,0x00,0x00,0x00,0x00,0x00,0x00,0x00,
0x00,0x00,0x00,0x00,0x00,0x00,0x00,0x00,0x00,0x00,
0x00,0x00,0x00,0x00,0x00,0x00,0x00,0x00,0x00,0x00,
0x00,0x00,0x00,0x00,0x00,0x00,0x00,0x00,0x00,0x00,
0x00,0x00,0x00,0x00,0x00,0x00,0x00,0x00,0x00,0x00,
0x00,0x00,0x00,0x00,0x00,0x00,0x00,0x00,0x00,0x00,
0x00,0x00,0x00,0x00,0x00,0x00,0x00,0x00,0x00,0x00,
0x00,0x00,0x00,0x00,0x00,0x00,0x00,0x00,0x00,0x00,
0x00,0x00,0x00,0x00,0x00,0x00,0x00,0x00,0x00,0x00,
0x00,0x00,0x00,0x00,0x00,0x00,0x00,0x00,0x00,0x00,
0x00,0x00,0x00,0x00,0x00,0x00,0x00,0x00,0x00,0x00,
0x00,0x00,0x00,0x00,0x00,0x00,0x00,0x00,0x00,0x00,
0x00,0x00,0x00,0x00,0x00,0x00,0x00,0x00,0x00,0x00,
0x00,0x00,0x00,0x00,0x00,0x00,0x00,0x00,0x00,0x00,
0x00,0x00,0x00,0x00,0x00,0x00,0x00,0x00,0x00,0x00,
0x00,0x00,0x00,0x00,0x00,0x00,0x00,0x00,0x00,0x00,
0x00,0x00,0x00,0x00,0x00,0x00,0x00,0x00,0x00,0x00,
0x00,0x00,0x00,0x00,0x00,0x00,0x00,0x00,0x00,0x00,
0x00,0x00,0x00,0x00,0x00,0x00,0x00,0x00,0x00,0x00,
0x00,0x00,0x00,0x00,0x00,0x00,0x00,0x00,0x00,0x00,
0x00,0x00,0x00,0x00,0x00,0x00,0x00,0x00,0x00,0x00,
0x00,0x00,0x00,0x00,0x00,0x00,0x00,0x00,0x00,0x00,
0x00,0x00,0x00,0x00,0x00,0x00,0x00,0x00,0x00,0x00,
0x00,0x00,0x00,0x00,0x00,0x00,0x00,0x00,0x00,0x00,
0x00,0x00,0x00,0x00,0x00,0x00,0x00,0x00,0x00,0x00,
0x00,0x00,0x00,0x00,0x00,0x00,0x00,0x00,0x00,0x00,
0x00,0x00,0x00,0x00,0x00,0x00,0x00,0x00,0x00,0x00,
0x00,0x00,0x00,0x00,0x00,0x00,0x00,0x00,0x00,0x00,
0x00,0x00,0x00,0x00,0x00,0x00,0x00,0x00,0x00,0x00,
0x00,0x00,0x00,0x00,0x00,0x00,0x00,0x00,0x00,0x00,
0x00,0x00,0x00,0x00,0x00,0x00,0x00,0x00,0x00,0x00,
0x00,0x00,0x00,0x00,0x00,0x00,0x00,0x00,0x00,0x00,
0x00,0x00,0x00,0x00,0x00,0x00,0x00,0x00,0x00,0x00,
0x00,0x00,0x00,0x00,0x00,0x00,0x00,0x00,0x00,0x00,
0x00,0x00,0x00,0x00,0x00,0x00,0x00,0x00,0x00,0x00,
0x00,0x00,0x00,0x00,0x00,0x00,0x00,0x00,0x00,0x00,
0x00,0x00,0x00,0x00,0x00,0x00,0x00,0x00,0x00,0x00,
0x00,0x00,0x00,0x00,0x00,0x00,0x00,0x00,0x00,0x00,
0x00,0x00,0x00,0x00,0x00,0x00,0x00,0x00,0x00,0x00,
0x00,0x00,0x00,0x00,0x00,0x00,0x00,0x00,0x00,0x00,
0x00,0x00,0x00,0x00,0x00,0x00,0x00,0x00,0x00,0x00,
0x00,0x00,0x00,0x00,0x00,0x00,0x00,0x00,0x00,0x00,
0x00,0x00,0x00,0x00,0x00,0x00,0x00,0x00,0x00,0x00,
0x00,0x00,0x00,0x00,0x00,0x00,0x00,0x00,0x00,0x00,
0x00,0x00,0x00,0x00,0x00,0x00,0x00,0x00,0x00,0x00,
0x00,0x00,0x00,0x00,0x00,0x00,0x00,0x00,0x00,0x00,
0x00,0x00,0x00,0x00,0x00,0x00,0x00,0x00,0x00,0x00,
0x00,0x00,0x00,0x00,0x00,0x00,0x00,0x00,0x00,0x00,
0x00,0x00,0x00,0x00,0x00,0x00,0x00,0x00,0x00,0x00,
0x00,0x00,0x00,0x00,0x00,0x00,0x00,0x00,0x00,0x00,
0x00,0x00,0x00,0x00,0x00,0x00,0x00,0x00,0x00,0x00,
0x00,0x00,0x00,0x00,0x00,0x00,0x00,0x00,0x00,0x00,
0x00,0x00,0x00,0x00,0x00,0x00,0x00,0x00,0x00,0x00,
0x00,0x00,0x00,0x00,0x00,0x00,0x00,0x00,0x00,0x00,
0x00,0x00,0x00,0x00,0x00,0x00,0x00,0x00,0x00,0x00,
0x00,0x00,0x00,0x00,0x00,0x00,0x00,0x00,0x00,0x00,
0x00,0x00,0x00,0x00,0x00,0x00,0x00,0x00,0x00,0x00,
0x00,0x00,0x00,0x00,0x00,0x00,0x00,0x00,0x00,0x00,
0x00,0x00,0x00,0x00,0x00,0x00,0x00,0x00,0x00,0x00,
0x00,0x00,0x00,0x00,0x00,0x00,0x00,0x00,0x00,0x00,
0x00,0x00,0x00,0x00,0x00,0x00,0x00,0x00,0x00,0x00,
0x00,0x00,0x00,0x00,0x00,0x00,0x00,0x00,0x00,0x00,
0x00,0x00,0x00,0x00,0x00,0x00,0x00,0x00,0x00,0x00,
0x00,0x00,0x00,0x00,0x00,0x00,0x00,0x00,0x00,0x00,
0x00,0x00,0x00,0x00,0x00,0x00,0x00,0x00,0x00,0x00,
0x00,0x00,0x00,0x00,0x00,0x00,0x00,0x00,0x00,0x00,
0x00,0x00,0x00,0x00,0x00,0x00,0x00,0x00,0x00,0x00,
0x00,0x00,0x00,0x00,0x00,0x00,0x00,0x00,0x00,0x00,
0x00,0x00,0x00,0x00,0x00,0x00,0x00,0x00,0x00,0x00,
0x00,0x00,0x00,0x00,0x00,0x00,0x00,0x00,0x00,0x00,
0x00,0x00,0x00,0x00,0x00,0x00,0x00,0x00,0x00,0x00,
0x00,0x00,0x00,0x00,0x00,0x00,0x00,0x00,0x00,0x00,
0x00,0x00,0x00,0x00,0x00,0x00,0x00,0x00,0x00,0x00,
0x00,0x00,0x00,0x00,0x00,0x00,0x00,0x00,0x00,0x00,
0x00,0x00,0x00,0x00,0x00,0x00,0x00,0x00,0x00,0x00,
0x00,0x00,0x00,0x00,0x00,0x00,0x00,0x00,0x00,0x00,
0x00,0x00,0x00,0x00,0x00,0x00,0x00,0x00,0x00,0x00,
0x00,0x00,0x00,0x00,0x00,0x00,0x00,0x00,0x00,0x00,
0x00,0x00,0x00,0x00,0x00,0x00,0x00,0x00,0x00,0x00,
0x00,0x00,0x00,0x00,0x00,0x00,0x00,0x00,0x00,0x00,
0x00,0x00,0x00,0x00,0x00,0x00,0x00,0x00,0x00,0x00,
0x00,0x00,0x00,0x00,0x00,0x00,0x00,0x00,0x00,0x00,
0x00,0x00,0x00,0x00,0x00,0x00,0x00,0x00,0x00,0x00,
0x00,0x00,0x00,0x00,0x00,0x00,0x00,0x00,0x00,0x00,
0x00,0x00,0x00,0x00,0x00,0x00,0x00,0x00,0x00,0x00,
0x00,0x00,0x00,0x00,0x00,0x00,0x00,0x00,0x00,0x00,
0x00,0x00,0x00,0x00,0x00,0x00,0x00,0x00,0x00,0x00,
0x00,0x00,0x00,0x00,0x00,0x00,0x00,0x00,0x00,0x00,
0x00,0x00,0x00,0x00,0x00,0x00,0x00,0x00,0x00,0x00,
0x00,0x00,0x00,0x00,0x00,0x00,0x00,0x00,0x00,0x00,
0x00,0x00,0x00,0x00,0x00,0x00,0x00,0x00,0x00,0x00,
0x00,0x00,0x00,0x00,0x00,0x00,0x00,0x00,0x00,0x00,
0x00,0x00,0x00,0x00,0x00,0x00,0x00,0x00,0x00,0x00,
0x00,0x00,0x00,0x00,0x00,0x00,0x00,0x00,0x00,0x00,
0x00,0x00,0x00,0x00,0x00,0x00,0x00,0x00,0x00,0x00,
0x00,0x00,0x00,0x00,0x00,0x00,0x00,0x00,0x00,0x00,
0x00,0x00,0x00,0x00,0x00,0x00,0x00,0x00,0x00,0x00,
0x00,0x00,0x00,0x00,0x00,0x00,0x00,0x00,0x00,0x00,
0x00,0x00,0x00,0x00,0x00,0x00,0x00,0x00,0x00,0x00,
0x00,0x00,0x00,0x00,0x00,0x00,0x00,0x00,0x00,0x00,
0x00,0x00,0x00,0x00,0x00,0x00,0x00,0x00,0x00,0x00,
0x00,0x00,0x00,0x00,0x00,0x00,0x00,0x00,0x00,0x00,
0x00,0x00,0x00,0x00,0x00,0x00,0x00,0x00,0x00,0x00,
0x00,0x00,0x00,0x00,0x00,0x00,0x00,0x00,0x00,0x00,
0x00,0x00,0x00,0x00,0x00,0x00,0x00,0x00,0x00,0x00,
0x00,0x00,0x00,0x00,0x00,0x00,0x00,0x00,0x00,0x00,
0x00,0x00,0x00,0x00,0x00,0x00,0x00,0x00,0x00,0x00,
0x00,0x00,0x00,0x00,0x00,0x00,0x00,0x00,0x00,0x00,
0x00,0x00,0x00,0x00,0x00,0x00,0x00,0x00,0x00,0x00,
0x00,0x00,0x00,0x00,0x00,0x00,0x00,0x00,0x00,0x00,
0x00,0x00,0x00,0x00,0x00,0x00,0x00,0x00,0x00,0x00,
0x00,0x00,0x00,0x00,0x00,0x00,0x00,0x00,0x00,0x00,
0x00,0x00,0x00,0x00,0x00,0x00,0x00,0x00,0x00,0x00,
0x00,0x00,0x00,0x00,0x00,0x00,0x00,0x00,0x00,0x00,
0x00,0x00,0x00,0x00,0x00,0x00,0x00,0x00,0x00,0x00,
0x00,0x00,0x00,0x00,0x00,0x00,0x00,0x00,0x00,0x00,
0x00,0x00,0x00,0x00,0x00,0x00,0x00,0x00,0x00,0x00,
0x00,0x00,0x00,0x00,0x00,0x00,0x00,0x00,0x00,0x00,
0x00,0x00,0x00,0x00,0x00,0x00,0x00,0x00,0x00,0x00,
0x00,0x00,0x00,0x00,0x00,0x00,0x00,0x00,0x00,0x00,
0x00,0x00,0x00,0x00,0x00,0x00,0x00,0x00,0x00,0x00,
0x00,0x00,0x00,0x00,0x00,0x00,0x00,0x00,0x00,0x00,
0x00,0x00,0x00,0x00,0x00,0x00,0x00,0x00,0x00,0x00,
0x00,0x00,0x00,0x00,0x00,0x00,0x00,0x00,0x00,0x00,
0x00,0x00,0x00,0x00,0x00,0x00,0x00,0x00,0x00,0x00,
0x00,0x00,0x00,0x00,0x00,0x00,0x00,0x00,0x00,0x00,
0x00,0x00,0x00,0x00,0x00,0x00,0x00,0x00,0x00,0x00,
0x00,0x00,0x00,0x00,0x00,0x00,0x00,0x00,0x00,0x00,
0x00,0x00,0x00,0x00,0x00,0x00,0x00,0x00,0x00,0x00,
0x00,0x00,0x00,0x00,0x00,0x00,0x00,0x00,0x00,0x00,
0x00,0x00,0x00,0x00,0x00,0x00,0x00,0x00,0x00,0x00,
0x00,0x00,0x00,0x00,0x00,0x00,0x00,0x00,0x00,0x00,
0x00,0x00,0x00,0x00,0x00,0x00,0x00,0x00,0x00,0x00,
0x00,0x00,0x00,0x00,0x00,0x00,0x00,0x00,0x00,0x00,
0x00,0x00,0x00,0x00,0x00,0x00,0x00,0x00,0x00,0x00,
0x00,0x00,0x00,0x00,0x00,0x00,0x00,0x00,0x00,0x00,
0x00,0x00,0x00,0x00,0x00,0x00,0x00,0x00,0x00,0x00,
0x00,0x00,0x00,0x00,0x00,0x00,0x00,0x00,0x00,0x00,
0x00,0x00,0x00,0x00,0x00,0x00,0x00,0x00,0x00,0x00,
0x00,0x00,0x00,0x00,0x00,0x00,0x00,0x00,0x00,0x00,
0x00,0x00,0x00,0x00,0x00,0x00,0x00,0x00,0x00,0x00,
0x00,0x00,0x00,0x00,0x00,0x00,0x00,0x00,0x00,0x00,
0x00,0x00,0x00,0x00,0x00,0x00,0x00,0x00,0x00,0x00,
0x00,0x00,0x00,0x00,0x00,0x00,0x00,0x00,0x00,0x00,
0x00,0x00,0x00,0x00,0x00,0x00,0x00,0x00,0x00,0x00,
0x00,0x00,0x00,0x00,0x00,0x00,0x00,0x00,0x00,0x00,
0x00,0x00,0x00,0x00,0x00,0x00,0x00,0x00,0x00,0x00,
0x00,0x00,0x00,0x00,0x00,0x00,0x00,0x00,0x00,0x00,
0x00,0x00,0x00,0x00,0x00,0x00,0x00,0x00,0x00,0x00,
0x00,0x00,0x00,0x00,0x00,0x00,0x00,0x00,0x00,0x00,
0x00,0x00,0x00,0x00,0x00,0x00,0x00,0x00,0x00,0x00,
0x00,0x00,0x00,0x00,0x00,0x00,0x00,0x00,0x00,0x00,
0x00,0x00,0x00,0x00,0x00,0x00,0x00,0x00,0x00,0x00,
0x00,0x00,0x00,0x00,0x00,0x00,0x00,0x00,0x00,0x00,
0x00,0x00,0x00,0x00,0x00,0x00,0x00,0x00,0x00,0x00,
0x00,0x00,0x00,0x00,0x00,0x00,0x00,0x00,0x00,0x00,
0x00,0x00,0x00,0x00,0x00,0x00,0x00,0x00,0x00,0x00,
0x00,0x00,0x00,0x00,0x00,0x00,0x00,0x00,0x00,0x00,
0x00,0x00,0x00,0x00,0x00,0x00,0x00,0x00,0x00,0x00,
0x00,0x00,0x00,0x00,0x00,0x00,0x00,0x00,0x00,0x00,
0x00,0x00,0x00,0x00,0x00,0x00,0x00,0x00,0x00,0x00,
0x00,0x00,0x00,0x00,0x00,0x00,0x00,0x00,0x00,0x00,
0x00,0x00,0x00,0x00,0x00,0x00,0x00,0x00,0x00,0x00,
0x00,0x00,0x00,0x00,0x00,0x00,0x00,0x00,0x00,0x00,
0x00,0x00,0x00,0x00,0x00,0x00,0x00,0x00,0x00,0x00,
0x00,0x00,0x00,0x00,0x00,0x00,0x00,0x00,0x00,0x00,
0x00,0x00,0x00,0x00,0x00,0x00,0x00,0x00,0x00,0x00,
0x00,0x00,0x00,0x00,0x00,0x00,0x00,0x00,0x00,0x00,
0x00,0x00,0x00,0x00,0x00,0x00,0x00,0x00,0x00,0x00,
0x00,0x00,0x00,0x00,0x00,0x00,0x00,0x00,0x00,0x00,
0x00,0x00,0x00,0x00,0x00,0x00,0x00,0x00,0x00,0x00,
0x00,0x00,0x00,0x00,0x00,0x00,0x00,0x00,0x00,0x00,
0x00,0x00,0x00,0x00,0x00,0x00,0x00,0x00,0x00,0x00,
0x00,0x00,0x00,0x00,0x00,0x00,0x00,0x00,0x00,0x00,
0x00,0x00,0x00,0x00,0x00,0x00,0x00,0x00,0x00,0x00,
0x00,0x00,0x00,0x00,0x00,0x00,0x00,0x00,0x00,0x00,
0x00,0x00,0x00,0x00,0x00,0x00,0x00,0x00,0x00,0x00,
0x00,0x00,0x00,0x00,0x00,0x00,0x00,0x00,0x00,0x00,
0x00,0x00,0x00,0x00,0x00,0x00,0x00,0x00,0x00,0x00,
0x00,0x00,0x00,0x00,0x00,0x00,0x00,0x00,0x00,0x00,
0x00,0x00,0x00,0x00,0x00,0x00,0x00,0x00,0x00,0x00,
0x00,0x00,0x00,0x00,0x00,0x00,0x00,0x00,0x00,0x00,
0x00,0x00,0x00,0x00,0x00,0x00,0x00,0x00,0x00,0x00,
0x00,0x00,0x00,0x00,0x00,0x00,0x00,0x00,0x00,0x00,
0x00,0x00,0x00,0x00,0x00,0x00,0x00,0x00,0x00,0x00,
0x00,0x00,0x00,0x00,0x00,0x00,0x00,0x00,0x00,0x00,
0x00,0x00,0x00,0x00,0x00,0x00,0x00,0x00,0x00,0x00,
0x00,0x00,0x00,0x00,0x00,0x00,0x00,0x00,0x00,0x00,
0x00,0x00,0x00,0x00,0x00,0x00,0x00,0x00,0x00,0x00,
0x00,0x00,0x00,0x00,0x00,0x00,0x00,0x00,0x00,0x00,
0x00,0x00,0x00,0x00,0x00,0x00,0x00,0x00,0x00,0x00,
0x00,0x00,0x00,0x00,0x00,0x00,0x00,0x00,0x00,0x00,
0x00,0x00,0x00,0x00,0x00,0x00,0x00,0x00,0x00,0x00,
0x00,0x00,0x00,0x00,0x00,0x00,0x00,0x00,0x00,0x00,
0x00,0x00,0x00,0x00,0x00,0x00,0x00,0x00,0x00,0x00,
0x00,0x00,0x00,0x00,0x00,0x00,0x00,0x00,0x00,0x00,
0x00,0x00,0x00,0x00,0x00,0x00,0x00,0x00,0x00,0x00,
0x00,0x00,0x00,0x00,0x00,0x00,0x00,0x00,0x00,0x00,
0x00,0x00,0x00,0x00,0x00,0x00,0x00,0x00,0x00,0x00,
0x00,0x00,0x00,0x00,0x00,0x00,0x00,0x00,0x00,0x00,
0x00,0x00,0x00,0x00,0x00,0x00,0x00,0x00,0x00,0x00,
0x00,0x00,0x00,0x00,0x00,0x00,0x00,0x00,0x00,0x00,
0x00,0x00,0x00,0x00,0x00,0x00,0x00,0x00,0x00,0x00,
0x00,0x00,0x00,0x00,0x00,0x00,0x00,0x00,0x00,0x00,
0x00,0x00,0x00,0x00,0x00,0x00,0x00,0x00,0x00,0x00,
0x00,0x00,0x00,0x00,0x00,0x00,0x00,0x00,0x00,0x00,
0x00,0x00,0x00,0x00,0x00,0x00,0x00,0x00,0x00,0x00,
0x00,0x00,0x00,0x00,0x00,0x00,0x00,0x00,0x00,0x00,
0x00,0x00,0x00,0x00,0x00,0x00,0x00,0x00,0x00,0x00,
0x00,0x00,0x00,0x00,0x00,0x00,0x00,0x00,0x00,0x00,
0x00,0x00,0x00,0x00,0x00,0x00,0x00,0x00,0x00,0x00,
0x00,0x00,0x00,0x00,0x00,0x00,0x00,0x00,0x00,0x00,
0x00,0x00,0x00,0x00,0x00,0x00,0x00,0x00,0x00,0x00,
0x00,0x00,0x00,0x00,0x00,0x00,0x00,0x00,0x00,0x00,
0x00,0x00,0x00,0x00,0x00,0x00,0x00,0x00,0x00,0x00,
0x00,0x00,0x00,0x00,0x00,0x00,0x00,0x00,0x00,0x00,
0x00,0x00,0x00,0x00,0x00,0x00,0x00,0x00,0x00,0x00,
0x00,0x00,0x00,0x00,0x00,0x00,0x00,0x00,0x00,0x00,
0x00,0x00,0x00,0x00,0x00,0x00,0x00,0x00,0x00,0x00,
0x00,0x00,0x00,0x00,0x00,0x00,0x00,0x00,0x00,0x00,
0x00,0x00,0x00,0x00,0x00,0x00,0x00,0x00,0x00,0x00,
0x00,0x00,0x00,0x00,0x00,0x00,0x00,0x00,0x00,0x00,
0x00,0x00,0x00,0x00,0x00,0x00,0x00,0x00,0x00,0x00,
0x00,0x00,0x00,0x00,0x00,0x00,0x00,0x00,0x00,0x00,
0x00,0x00,0x00,0x00,0x00,0x00,0x00,0x00,0x00,0x00,
0x00,0x00,0x00,0x00,0x00,0x00,0x00,0x00,0x00,0x00,
0x00,0x00,0x00,0x00,0x00,0x00,0x00,0x00,0x00,0x00,
0x00,0x00,0x00,0x00,0x00,0x00,0x00,0x00,0x00,0x00,
0x00,0x00,0x00,0x00,0x00,0x00,0x00,0x00,0x00,0x00,
0x00,0x00,0x00,0x00,0x00,0x00,0x00,0x00,0x00,0x00,
0x00,0x00,0x00,0x00,0x00,0x00,0x00,0x00,0x00,0x00,
0x00,0x00,0x00,0x00,0x00,0x00,0x00,0x00,0x00,0x00,
0x00,0x00,0x00,0x00,0x00,0x00,0x00,0x00,0x00,0x00,
0x00,0x00,0x00,0x00,0x00,0x00,0x00,0x00,0x00,0x00,
0x00,0x00,0x00,0x00,0x00,0x00,0x00,0x00,0x00,0x00,
0x00,0x00,0x00,0x00,0x00,0x00,0x00,0x00,0x00,0x00,
0x00,0x00,0x00,0x00,0x00,0x00,0x00,0x00,0x00,0x00,
0x00,0x00,0x00,0x00,0x00,0x00,0x00,0x00,0x00,0x00,
0x00,0x00,0x00,0x00,0x00,0x00,0x00,0x00,0x00,0x00,
0x00,0x00,0x00,0x00,0x00,0x00,0x00,0x00,0x00,0x00,
0x00,0x00,0x00,0x00,0x00,0x00,0x00,0x00,0x00,0x00,
0x00,0x00,0x00,0x00,0x00,0x00,0x00,0x00,0x00,0x00,
0x00,0x00,0x00,0x00,0x00,0x00,0x00,0x00,0x00,0x00,
0x00,0x00,0x00,0x00,0x00,0x00,0x00,0x00,0x00,0x00,
0x00,0x00,0x00,0x00,0x00,0x00,0x00,0x00,0x00,0x00,
0x00,0x00,0x00,0x00,0x00,0x00,0x00,0x00,0x00,0x00,
0x00,0x00,0x00,0x00,0x00,0x00,0x00,0x00,0x00,0x00,
0x00,0x00,0x00,0x00,0x00,0x00,0x00,0x00,0x00,0x00,
0x00,0x00,0x00,0x00,0x00,0x00,0x00,0x00,0x00,0x00,
0x00,0x00,0x00,0x00,0x00,0x00,0x00,0x00,0x00,0x00,
0x00,0x00,0x00,0x00,0x00,0x00,0x00,0x00,0x00,0x00,
0x00,0x00,0x00,0x00,0x00,0x00,0x00,0x00,0x00,0x00,
0x00,0x00,0x00,0x00,0x00,0x00,0x00,0x00,0x00,0x00,
0x00,0x00,0x00,0x00,0x00,0x00,0x00,0x00,0x00,0x00,
0x00,0x00,0x00,0x00,0x00,0x00,0x00,0x00,0x00,0x00,
0x00,0x00,0x00,0x00,0x00,0x00,0x00,0x00,0x00,0x00,
0x00,0x00,0x00,0x00,0x00,0x00,0x00,0x00,0x00,0x00,
0x00,0x00,0x00,0x00,0x00,0x00,0x00,0x00,0x00,0x00,
0x00,0x00,0x00,0x00,0x00,0x00,0x00,0x00,0x00,0x00,
0x00,0x00,0x00,0x00,0x00,0x00,0x00,0x00,0x00,0x00,
0x00,0x00,0x00,0x00,0x00,0x00,0x00,0x00,0x00,0x00,
0x00,0x00,0x00,0x00,0x00,0x00,0x00,0x00,0x00,0x00,
0x00,0x00,0x00,0x00,0x00,0x00,0x00,0x00,0x00,0x00,
0x00,0x00,0x00,0x00,0x00,0x00,0x00,0x00,0x00,0x00,
0x00,0x00,0x00,0x00,0x00,0x00,0x00,0x00,0x00,0x00,
0x00,0x00,0x00,0x00,0x00,0x00,0x00,0x00,0x00,0x00,
0x00,0x00,0x00,0x00,0x00,0x00,0x00,0x00,0x00,0x00,
0x00,0x00,0x00,0x00,0x00,0x00,0x00,0x00,0x00,0x00,
0x00,0x00,0x00,0x00,0x00,0x00,0x00,0x00,0x00,0x00,
0x00,0x00,0x00,0x00,0x00,0x00,0x00,0x00,0x00,0x00,
0x00,0x00,0x00,0x00,0x00,0x00,0x00,0x00,0x00,0x00,
0x00,0x00,0x00,0x00,0x00,0x00,0x00,0x00,0x00,0x00,
0x00,0x00,0x00,0x00,0x00,0x00,0x00,0x00,0x00,0x00,
0x00,0x00,0x00,0x00,0x00,0x00,0x00,0x00,0x00,0x00,
0x00,0x00,0x00,0x00,0x00,0x00,0x00,0x00,0x00,0x00,
0x00,0x00,0x00,0x00,0x00,0x00,0x00,0x00,0x00,0x00,
0x00,0x00,0x00,0x00,0x00,0x00,0x00,0x00,0x00,0x00,
0x00,0x00,0x00,0x00,0x00,0x00,0x00,0x00,0x00,0x00,
0x00,0x00,0x00,0x00,0x00,0x00,0x00,0x00,0x00,0x00,
0x00,0x00,0x00,0x00,0x00,0x00,0x00,0x00,0x00,0x00,
0x00,0x00,0x00,0x00,0x00,0x00,0x00,0x00,0x00,0x00,
0x00,0x00,0x00,0x00,0x00,0x00,0x00,0x00,0x00,0x00,
0x00,0x00,0x00,0x00,0x00,0x00,0x00,0x00,0x00,0x00,
0x00,0x00,0x00,0x00,0x00,0x00,0x00,0x00,0x00,0x00,
0x00,0x00,0x00,0x00,0x00,0x00,0x00,0x00,0x00,0x00,
0x00,0x00,0x00,0x00,0x00,0x00,0x00,0x00,0x00,0x00,
0x00,0x00,0x00,0x00,0x00,0x00,0x00,0x00,0x00,0x00,
0x00,0x00,0x00,0x00,0x00,0x00,0x00,0x00,0x00,0x00,
0x00,0x00,0x00,0x00,0x00,0x00,0x00,0x00,0x00,0x00,
0x00,0x00,0x00,0x00,0x00,0x00,0x00,0x00,0x00,0x00,
0x00,0x00,0x00,0x00,0x00,0x00,0x00,0x00,0x00,0x00,
0x00,0x00,0x00,0x00,0x00,0x00,0x00,0x00,0x00,0x00,
0x00,0x00,0x00,0x00,0x00,0x00,0x00,0x00,0x00,0x00,
0x00,0x00,0x00,0x00,0x00,0x00,0x00,0x00,0x00,0x00,
0x00,0x00,0x00,0x00,0x00,0x00,0x00,0x00,0x00,0x00,
0x00,0x00,0x00,0x00,0x00,0x00,0x00,0x00,0x00,0x00,
0x00,0x00,0x00,0x00,0x00,0x00,0x00,0x00,0x00,0x00,
0x00,0x00,0x00,0x00,0x00,0x00,0x00,0x00,0x00,0x00,
0x00,0x00,0x00,0x00,0x00,0x00,0x00,0x00,0x00,0x00,
0x00,0x00,0x00,0x00,0x00,0x00,0x00,0x00,0x00,0x00,
0x00,0x00,0x00,0x00,0x00,0x00,0x00,0x00,0x00,0x00,
0x00,0x00,0x00,0x00,0x00,0x00,0x00,0x00,0x00,0x00,
0x00,0x00,0x00,0x00,0x00,0x00,0x00,0x00,0x00,0x00,
0x00,0x00,0x00,0x00,0x00,0x00,0x00,0x00,0x00,0x00,
0x00,0x00,0x00,0x00,0x00,0x00,0x00,0x00,0x00,0x00,
0x00,0x00,0x00,0x00,0x00,0x00,0x00,0x00,0x00,0x00,
0x00,0x00,0x00,0x00,0x00,0x00,0x00,0x00,0x00,0x00,
0x00,0x00,0x00,0x00,0x00,0x00,0x00,0x00,0x00,0x00,
0x00,0x00,0x00,0x00,0x00,0x00,0x00,0x00,0x00,0x00,
0x00,0x00,0x00,0x00,0x00,0x00,0x00,0x00,0x00,0x00,
0x00,0x00,0x00,0x00,0x00,0x00,0x00,0x00,0x00,0x00,
0x00,0x00,0x00,0x00,0x00,0x00,0x00,0x00,0x00,0x00,
0x00,0x00,0x00,0x00,0x00,0x00,0x00,0x00,0x00,0x00,
0x00,0x00,0x00,0x00,0x00,0x00,0x00,0x00,0x00,0x00,
0x00,0x00,0x00,0x00,0x00,0x00,0x00,0x00,0x00,0x00,
0x00,0x00,0x00,0x00,0x00,0x00,0x00,0x00,0x00,0x00,
0x00,0x00,0x00,0x00,0x00,0x00,0x00,0x00,0x00,0x00,
0x00,0x00,0x00,0x00,0x00,0x00,0x00,0x00,0x00,0x00,
0x00,0x00,0x00,0x00,0x00,0x00,0x00,0x00,0x00,0x00,
0x00,0x00,0x00,0x00,0x00,0x00,0x00,0x00,0x00,0x00,
0x00,0x00,0x00,0x00,0x00,0x00,0x00,0x00,0x00,0x00,
0x00,0x00,0x00,0x00,0x00,0x00,0x00,0x00,0x00,0x00,
0x00,0x00,0x00,0x00,0x00,0x00,0x00,0x00,0x00,0x00,
0x00,0x00,0x00,0x00,0x00,0x00,0x00,0x00,0x00,0x00,
0x00,0x00,0x00,0x00,0x00,0x00,0x00,0x00,0x00,0x00,
0x00,0x00,0x00,0x00,0x00,0x00,0x00,0x00,0x00,0x00,
0x00,0x00,0x00,0x00,0x00,0x00,0x00,0x00,0x00,0x00,
0x00,0x00,0x00,0x00,0x00,0x00,0x00,0x00,0x00,0x00,
0x00,0x00,0x00,0x00,0x00,0x00,0x00,0x00,0x00,0x00,
0x00,0x00,0x00,0x00,0x00,0x00,0x00,0x00,0x00,0x00,
0x00,0x00,0x00,0x00,0x00,0x00,0x00,0x00,0x00,0x00,
0x00,0x00,0x00,0x00,0x00,0x00,0x00,0x00,0x00,0x00,
0x00,0x00,0x00,0x00,0x00,0x00,0x00,0x00,0x00,0x00,
0x00,0x00,0x00,0x00,0x00,0x00,0x00,0x00,0x00,0x00,
0x00,0x00,0x00,0x00,0x00,0x00,0x00,0x00,0x00,0x00,
0x00,0x00,0x00,0x00,0x00,0x00,0x00,0x00,0x00,0x00,
0x00,0x00,0x00,0x00,0x00,0x00,0x00,0x00,0x00,0x00,
0x00,0x00,0x00,0x00,0x00,0x00,0x00,0x00,0x00,0x00,
0x00,0x00,0x00,0x00,0x00,0x00,0x00,0x00,0x00,0x00,
0x00,0x00,0x00,0x00,0x00,0x00,0x00,0x00,0x00,0x00,
0x00,0x00,0x00,0x00,0x00,0x00,0x00,0x00,0x00,0x00,
0x00,0x00,0x00,0x00,0x00,0x00,0x00,0x00,0x00,0x00,
0x00,0x00,0x00,0x00,0x00,0x00,0x00,0x00,0x00,0x00,
0x00,0x00,0x00,0x00,0x00,0x00,0x00,0x00,0x00,0x00,
0x00,0x00,0x00,0x00,0x00,0x00,0x00,0x00,0x00,0x00,
0x00,0x00,0x00,0x00,0x00,0x00,0x00,0x00,0x00,0x00,
0x00,0x00,0x00,0x00,0x00,0x00,0x00,0x00,0x00,0x00,
0x00,0x00,0x00,0x00,0x00,0x00,0x00,0x00,0x00,0x00,
0x00,0x00,0x00,0x00,0x00,0x00,0x00,0x00,0x00,0x00,
0x00,0x00,0x00,0x00,0x00,0x00,0x00,0x00,0x00,0x00,
0x00,0x00,0x00,0x00,0x00,0x00,0x00,0x00,0x00,0x00,
0x00,0x00,0x00,0x00,0x00,0x00,0x00,0x00,0x00,0x00,
0x00,0x00,0x00,0x00,0x00,0x00,0x00,0x00,0x00,0x00,
0x00,0x00,0x00,0x00,0x00,0x00,0x00,0x00,0x00,0x00,
0x00,0x00,0x00,0x00,0x00,0x00,0x00,0x00,0x00,0x00,
0x00,0x00,0x00,0x00,0x00,0x00,0x00,0x00,0x00,0x00,
0x00,0x00,0x00,0x00,0x00,0x00,0x00,0x00,0x00,0x00,
0x00,0x00,0x00,0x00,0x00,0x00,0x00,0x00,0x00,0x00,
0x00,0x00,0x00,0x00,0x00,0x00,0x00,0x00,0x00,0x00,
0x00,0x00,0x00,0x00,0x00,0x00,0x00,0x00,0x00,0x00,
0x00,0x00,0x00,0x00,0x00,0x00,0x00,0x00,0x00,0x00,
0x00,0x00,0x00,0x00,0x00,0x00,0x00,0x00,0x00,0x00,
0x00,0x00,0x00,0x00,0x00,0x00,0x00,0x00,0x00,0x00,
0x00,0x00,0x00,0x00,0x00,0x00,0x00,0x00,0x00,0x00,
0x00,0x00,0x00,0x00,0x00,0x00,0x00,0x00,0x00,0x00,
0x00,0x00,0x00,0x00,0x00,0x00,0x00,0x00,0x00,0x00,
0x00,0x00,0x00,0x00,0x00,0x00,0x00,0x00,0x00,0x00,
0x00,0x00,0x00,0x00,0x00,0x00,0x00,0x00,0x00,0x00,
0x00,0x00,0x00,0x00,0x00,0x00,0x00,0x00,0x00,0x00,
0x00,0x00,0x00,0x00,0x00,0x00,0x00,0x00,0x00,0x00,
0x00,0x00,0x00,0x00,0x00,0x00,0x00,0x00,0x00,0x00,
0x00,0x00,0x00,0x00,0x00,0x00,0x00,0x00,0x00,0x00,
0x00,0x00,0x00,0x00,0x00,0x00,0x00,0x00,0x00,0x00,
0x00,0x00,0x00,0x00,0x00,0x00,0x00,0x00,0x00,0x00,
0x00,0x00,0x00,0x00,0x00,0x00,0x00,0x00,0x00,0x00,
0x00,0x00,0x00,0x00,0x00,0x00,0x00,0x00,0x00,0x00,
0x00,0x00,0x00,0x00,0x00,0x00,0x00,0x00,0x00,0x00,
0x00,0x00,0x00,0x00,0x00,0x00,0x00,0x00,0x00,0x00,
0x00,0x00,0x00,0x00,0x00,0x00,0x00,0x00,0x00,0x00,
0x00,0x00,0x00,0x00,0x00,0x00,0x00,0x00,0x00,0x00,
0x00,0x00,0x00,0x00,0x00,0x00,0x00,0x00,0x00,0x00,
0x00,0x00,0x00,0x00,0x00,0x00,0x00,0x00,0x00,0x00,
0x00,0x00,0x00,0x00,0x00,0x00,0x00,0x00,0x00,0x00,
0x00,0x00,0x00,0x00,0x00,0x00,0x00,0x00,0x00,0x00,
0x00,0x00,0x00,0x00,0x00,0x00,0x00,0x00,0x00,0x00,
0x00,0x00,0x00,0x00,0x00,0x00,0x00,0x00,0x00,0x00,
0x00,0x00,0x00,0x00,0x00,0x00,0x00,0x00,0x00,0x00,
0x00,0x00,0x00,0x00,0x00,0x00,0x00,0x00,0x00,0x00,
0x00,0x00,0x00,0x00,0x00,0x00,0x00,0x00,0x00,0x00,
0x00,0x00,0x00,0x00,0x00,0x00,0x00,0x00,0x00,0x00,
0x00,0x00,0x00,0x00,0x00,0x00,0x00,0x00,0x00,0x00,
0x00,0x00,0x00,0x00,0x00,0x00,0x00,0x00,0x00,0x00,
0x00,0x00,0x00,0x00,0x00,0x00,0x00,0x00,0x00,0x00,
0x00,0x00,0x00,0x00,0x00,0x00,0x00,0x00,0x00,0x00,
0x00,0x00,0x00,0x00,0x00,0x00,0x00,0x00,0x00,0x00,
0x00,0x00,0x00,0x00,0x00,0x00,0x00,0x00,0x00,0x00,
0x00,0x00,0x00,0x00,0x00,0x00,0x00,0x00,0x00,0x00,
0x00,0x00,0x00,0x00,0x00,0x00,0x00,0x00,0x00,0x00,
0x00,0x00,0x00,0x00,0x00,0x00,0x00,0x00,0x00,0x00,
0x00,0x00,0x00,0x00,0x00,0x00,0x00,0x00,0x00,0x00,
0x00,0x00,0x00,0x00,0x00,0x00,0x00,0x00,0x00,0x00,
0x00,0x00,0x00,0x00,0x00,0x00,0x00,0x00,0x00,0x00,
0x00,0x00,0x00,0x00,0x00,0x00,0x00,0x00,0x00,0x00,
0x00,0x00,0x00,0x00,0x00,0x00,0x00,0x00,0x00,0x00,
0x00,0x00,0x00,0x00,0x00,0x00,0x00,0x00,0x00,0x00,
0x00,0x00,0x00,0x00,0x00,0x00,0x00,0x00,0x00,0x00,
0x00,0x00,0x00,0x00,0x00,0x00,0x00,0x00,0x00,0x00,
0x00,0x00,0x00,0x00,0x00,0x00,0x00,0x00,0x00,0x00,
0x00,0x00,0x00,0x00,0x00,0x00,0x00,0x00,0x00,0x00,
0x00,0x00,0x00,0x00,0x00,0x00,0x00,0x00,0x00,0x00,
0x00,0x00,0x00,0x00,0x00,0x00,0x00,0x00,0x00,0x00,
0x00,0x00,0x00,0x00,0x00,0x00,0x00,0x00,0x00,0x00,
0x00,0x00,0x00,0x00,0x00,0x00,0x00,0x00,0x00,0x00,
0x00,0x00,0x00,0x00,0x00,0x00,0x00,0x00,0x00,0x00,
0x00,0x00,0x00,0x00,0x00,0x00,0x00,0x00,0x00,0x00,
0x00,0x00,0x00,0x00,0x00,0x00,0x00,0x00,0x00,0x00,
0x00,0x00,0x00,0x00,0x00,0x00,0x00,0x00,0x00,0x00,
0x00,0x00,0x00,0x00,0x00,0x00,0x00,0x00,0x00,0x00,
0x00,0x00,0x00,0x00,0x00,0x00,0x00,0x00,0x00,0x00,
0x00,0x00,0x00,0x00,0x00,0x00,0x00,0x00,0x00,0x00,
0x00,0x00,0x00,0x00,0x00,0x00,0x00,0x00,0x00,0x00,
0x00,0x00,0x00,0x00,0x00,0x00,0x00,0x00,0x00,0x00,
0x00,0x00,0x00,0x00,0x00,0x00,0x00,0x00,0x00,0x00,
0x00,0x00,0x00,0x00,0x00,0x00,0x00,0x00,0x00,0x00,
0x00,0x00,0x00,0x00,0x00,0x00,0x00,0x00,0x00,0x00,
0x00,0x00,0x00,0x00,0x00,0x00,0x00,0x00,0x00,0x00,
0x00,0x00,0x00,0x00,0x00,0x00,0x00,0x00,0x00,0x00,
0x00,0x00,0x00,0x00,0x00,0x00,0x00,0x00,0x00,0x00,
0x00,0x00,0x00,0x00,0x00,0x00,0x00,0x00,0x00,0x00,
0x00,0x00,0x00,0x00,0x00,0x00,0x00,0x00,0x00,0x00,
0x00,0x00,0x00,0x00,0x00,0x00,0x00,0x00,0x00,0x00,
0x00,0x00,0x00,0x00,0x00,0x00,0x00,0x00,0x00,0x00,
0x00,0x00,0x00,0x00,0x00,0x00,0x00,0x00,0x00,0x00,
0x00,0x00,0x00,0x00,0x00,0x00,0x00,0x00,0x00,0x00,
0x00,0x00,0x00,0x00,0x00,0x00,0x00,0x00,0x00,0x00,
0x00,0x00,0x00,0x00,0x00,0x00,0x00,0x00,0x00,0x00,
0x00,0x00,0x00,0x00,0x00,0x00,0x00,0x00,0x00,0x00,
0x00,0x00,0x00,0x00,0x00,0x00,0x00,0x00,0x00,0x00,
0x00,0x00,0x00,0x00,0x00,0x00,0x00,0x00,0x00,0x00,
0x00,0x00,0x00,0x00,0x00,0x00,0x00,0x00,0x00,0x00,
0x00,0x00,0x00,0x00,0x00,0x00,0x00,0x00,0x00,0x00,
0x00,0x00,0x00,0x00,0x00,0x00,0x00,0x00,0x00,0x00,
0x00,0x00,0x00,0x00,0x00,0x00,0x00,0x00,0x00,0x00,
0x00,0x00,0x00,0x00,0x00,0x00,0x00,0x00,0x00,0x00,
0x00,0x00,0x00,0x00,0x00,0x00,0x00,0x00,0x00,0x00,
0x00,0x00,0x00,0x00,0x00,0x00,0x00,0x00,0x00,0x00,
0x00,0x00,0x00,0x00,0x00,0x00,0x00,0x00,0x00,0x00,
0x00,0x00,0x00,0x00,0x00,0x00,0x00,0x00,0x00,0x00,
0x00,0x00,0x00,0x00,0x00,0x00,0x00,0x00,0x00,0x00,
0x00,0x00,0x00,0x00,0x00,0x00,0x00,0x00,0x00,0x00,
0x00,0x00,0x00,0x00,0x00,0x00,0x00,0x00,0x00,0x00,
0x00,0x00,0x00,0x00,0x00,0x00,0x00,0x00,0x00,0x00,
0x00,0x00,0x00,0x00,0x00,0x00,0x00,0x00,0x00,0x00,
0x00,0x00,0x00,0x00,0x00,0x00,0x00,0x00,0x00,0x00,
0x00,0x00,0x00,0x00,0x00,0x00,0x00,0x00,0x00,0x00,
0x00,0x00,0x00,0x00,0x00,0x00,0x00,0x00,0x00,0x00,
0x00,0x00,0x00,0x00,0x00,0x00,0x00,0x00,0x00,0x00,
0x00,0x00,0x00,0x00,0x00,0x00,0x00,0x00,0x00,0x00,
0x00,0x00,0x00,0x00,0x00,0x00,0x00,0x00,0x00,0x00,
0x00,0x00,0x00,0x00,0x00,0x00,0x00,0x00,0x00,0x00,
0x00,0x00,0x00,0x00,0x00,0x00,0x00,0x00,0x00,0x00,
0x00,0x00,0x00,0x00,0x00,0x00,0x00,0x00,0x00,0x00,
0x00,0x00,0x00,0x00,0x00,0x00,0x00,0x00,0x00,0x00,
0x00,0x00,0x00,0x00,0x00,0x00,0x00,0x00,0x00,0x00,
0x00,0x00,0x00,0x00,0x00,0x00,0x00,0x00,0x00,0x00,
0x00,0x00,0x00,0x00,0x00,0x00,0x00,0x00,0x00,0x00,
0x00,0x00,0x00,0x00,0x00,0x00,0x00,0x00,0x00,0x00,
0x00,0x00,0x00,0x00,0x00,0x00,0x00,0x00,0x00,0x00,
0x00,0x00,0x00,0x00,0x00,0x00,0x00,0x00,0x00,0x00,
0x00,0x00,0x00,0x00,0x00,0x00,0x00,0x00,0x00,0x00,
0x00,0x00,0x00,0x00,0x00,0x00,0x00,0x00,0x00,0x00,
0x00,0x00,0x00,0x00,0x00,0x00,0x00,0x00,0x00,0x00,
0x00,0x00,0x00,0x00,0x00,0x00,0x00,0x00,0x00,0x00,
0x00,0x00,0x00,0x00,0x00,0x00,0x00,0x00,0x00,0x00,
0x00,0x00,0x00,0x00,0x00,0x00,0x00,0x00,0x00,0x00,
0x00,0x00,0x00,0x00,0x00,0x00,0x00,0x00,0x00,0x00,
0x00,0x00,0x00,0x00,0x00,0x00,0x00,0x00,0x00,0x00,
0x00,0x00,0x00,0x00,0x00,0x00,0x00,0x00,0x00,0x00,
0x00,0x00,0x00,0x00,0x00,0x00,0x00,0x00,0x00,0x00,
0x00,0x00,0x00,0x00,0x00,0x00,0x00,0x00,0x00,0x00,
0x00,0x00,0x00,0x00,0x00,0x00,0x00,0x00,0x00,0x00,
0x00,0x00,0x00,0x00,0x00,0x00,0x00,0x00,0x00,0x00,
0x00,0x00,0x00,0x00,0x00,0x00,0x00,0x00,0x00,0x00,
0x00,0x00,0x00,0x00,0x00,0x00,0x00,0x00,0x00,0x00,
0x00,0x00,0x00,0x00,0x00,0x00,0x00,0x00,0x00,0x00,
0x00,0x00,0x00,0x00,0x00,0x00,0x00,0x00,0x00,0x00,
0x00,0x00,0x00,0x00,0x00,0x00,0x00,0x00,0x00,0x00,
0x00,0x00,0x00,0x00,0x00,0x00,0x00,0x00,0x00,0x00,
0x00,0x00,0x00,0x00,0x00,0x00,0x00,0x00,0x00,0x00,
0x00,0x00,0x00,0x00,0x00,0x00,0x00,0x00,0x00,0x00,
0x00,0x00,0x00,0x00,0x00,0x00,0x00,0x00,0x00,0x00,
0x00,0x00,0x00,0x00,0x00,0x00,0x00,0x00,0x00,0x00,
0x00,0x00,0x00,0x00,0x00,0x00,0x00,0x00,0x00,0x00,
0x00,0x00,0x00,0x00,0x00,0x00,0x00,0x00,0x00,0x00,
0x00,0x00,0x00,0x00,0x00,0x00,0x00,0x00,0x00,0x00,
0x00,0x00,0x00,0x00,0x00,0x00,0x00,0x00,0x00,0x00,
0x00,0x00,0x00,0x00,0x00,0x00,0x00,0x00,0x00,0x00,
0x00,0x00,0x00,0x00,0x00,0x00,0x00,0x00,0x00,0x00,
0x00,0x00,0x00,0x00,0x00,0x00,0x00,0x00,0x00,0x00,
0x00,0x00,0x00,0x00,0x00,0x00,0x00,0x00,0x00,0x00,
0x00,0x00,0x00,0x00,0x00,0x00,0x00,0x00,0x00,0x00,
0x00,0x00,0x00,0x00,0x00,0x00,0x00,0x00,0x00,0x00,
0x00,0x00,0x00,0x00,0x00,0x00,0x00,0x00,0x00,0x00,
0x00,0x00,0x00,0x00,0x00,0x00,0x00,0x00,0x00,0x00,
0x00,0x00,0x00,0x00,0x00,0x00,0x00,0x00,0x00,0x00,
0x00,0x00,0x00,0x00,0x00,0x00,0x00,0x00,0x00,0x00,
0x00,0x00,0x00,0x00,0x00,0x00,0x00,0x00,0x00,0x00,
0x00,0x00,0x00,0x00,0x00,0x00,0x00,0x00,0x00,0x00,
0x00,0x00,0x00,0x00,0x00,0x00,0x00,0x00,0x00,0x00,
0x00,0x00,0x00,0x00,0x00,0x00,0x00,0x00,0x00,0x00,
0x00,0x00,0x00,0x00,0x00,0x00,0x00,0x00,0x00,0x00,
0x00,0x00,0x00,0x00,0x00,0x00,0x00,0x00,0x00,0x00,
0x00,0x00,0x00,0x00,0x00,0x00,0x00,0x00,0x00,0x00,
0x00,0x00,0x00,0x00,0x00,0x00,0x00,0x00,0x00,0x00,
0x00,0x00,0x00,0x00,0x00,0x00,0x00,0x00,0x00,0x00,
0x00,0x00,0x00,0x00,0x00,0x00,0x00,0x00,0x00,0x00,
0x00,0x00,0x00,0x00,0x00,0x00,0x00,0x00,0x00,0x00,
0x00,0x00,0x00,0x00,0x00,0x00,0x00,0x00,0x00,0x00,
0x00,0x00,0x00,0x00,0x00,0x00,0x00,0x00,0x00,0x00,
0x00,0x00,0x00,0x00,0x00,0x00,0x00,0x00,0x00,0x00,
0x00,0x00,0x00,0x00,0x00,0x00,0x00,0x00,0x00,0x00,
0x00,0x00,0x00,0x00,0x00,0x00,0x00,0x00,0x00,0x00,
0x00,0x00,0x00,0x00,0x00,0x00,0x00,0x00,0x00,0x00,
0x00,0x00,0x00,0x00,0x00,0x00,0x00,0x00,0x00,0x00,
0x00,0x00,0x00,0x00,0x00,0x00,0x00,0x00,0x00,0x00,
0x00,0x00,0x00,0x00,0x00,0x00,0x00,0x00,0x00,0x00,
0x00,0x00,0x00,0x00,0x00,0x00,0x00,0x00,0x00,0x00,
0x00,0x00,0x00,0x00,0x00,0x00,0x00,0x00,0x00,0x00,
0x00,0x00,0x00,0x00,0x00,0x00,0x00,0x00,0x00,0x00,
0x00,0x00,0x00,0x00,0x00,0x00,0x00,0x00,0x00,0x00,
0x00,0x00,0x00,0x00,0x00,0x00,0x00,0x00,0x00,0x00,
0x00,0x00,0x00,0x00,0x00,0x00,0x00,0x00,0x00,0x00,
0x00,0x00,0x00,0x00,0x00,0x00,0x00,0x00,0x00,0x00,
0x00,0x00,0x00,0x00,0x00,0x00,0x00,0x00,0x00,0x00,
0x00,0x00,0x00,0x00,0x00,0x00,0x00,0x00,0x00,0x00,
0x00,0x00,0x00,0x00,0x00,0x00,0x00,0x00,0x00,0x00,
0x00,0x00,0x00,0x00,0x00,0x00,0x00,0x00,0x00,0x00,
0x00,0x00,0x00,0x00,0x00,0x00,0x00,0x00,0x00,0x00,
0x00,0x00,0x00,0x00,0x00,0x00,0x00,0x00,0x00,0x00,
0x00,0x00,0x00,0x00,0x00,0x00,0x00,0x00,0x00,0x00,
0x00,0x00,0x00,0x00,0x00,0x00,0x00,0x00,0x00,0x00,
0x00,0x00,0x00,0x00,0x00,0x00,0x00,0x00,0x00,0x00,
0x00,0x00,0x00,0x00,0x00,0x00,0x00,0x00,0x00,0x00,
0x00,0x00,0x00,0x00,0x00,0x00,0x00,0x00,0x00,0x00,
0x00,0x00,0x00,0x00,0x00,0x00,0x00,0x00,0x00,0x00,
0x00,0x00,0x00,0x00,0x00,0x00,0x00,0x00,0x00,0x00,
0x00,0x00,0x00,0x00,0x00,0x00,0x00,0x00,0x00,0x00,
0x00,0x00,0x00,0x00,0x00,0x00,0x00,0x00,0x00,0x00,
0x00,0x00,0x00,0x00,0x00,0x00,0x00,0x00,0x00,0x00,
0x00,0x00,0x00,0x00,0x00,0x00,0x00,0x00,0x00,0x00,
0x00,0x00,0x00,0x00,0x00,0x00,0x00,0x00,0x00,0x00,
0x00,0x00,0x00,0x00,0x00,0x00,0x00,0x00,0x00,0x00,
0x00,0x00,0x00,0x00,0x00,0x00,0x00,0x00,0x00,0x00,
0x00,0x00,0x00,0x00,0x00,0x00,0x00,0x00,0x00,0x00,
0x00,0x00,0x00,0x00,0x00,0x00,0x00,0x00,0x00,0x00,
0x00,0x00,0x00,0x00,0x00,0x00,0x00,0x00,0x00,0x00,
0x00,0x00,0x00,0x00,0x00,0x00,0x00,0x00,0x00,0x00,
0x00,0x00,0x00,0x00,0x00,0x00,0x00,0x00,0x00,0x00,
0x00,0x00,0x00,0x00,0x00,0x00,0x00,0x00,0x00,0x00,
0x00,0x00,0x00,0x00,0x00,0x00,0x00,0x00,0x00,0x00,
0x00,0x00,0x00,0x00,0x00,0x00,0x00,0x00,0x00,0x00,
0x00,0x00,0x00,0x00,0x00,0x00,0x00,0x00,0x00,0x00,
0x00,0x00,0x00,0x00,0x00,0x00,0x00,0x00,0x00,0x00,
0x00,0x00,0x00,0x00,0x00,0x00,0x00,0x00,0x00,0x00,
0x00,0x00,0x00,0x00,0x00,0x00,0x00,0x00,0x00,0x00,
0x00,0x00,0x00,0x00,0x00,0x00,0x00,0x00,0x00,0x00,
0x00,0x00,0x00,0x00,0x00,0x00,0x00,0x00,0x00,0x00,
0x00,0x00,0x00,0x00,0x00,0x00,0x00,0x00,0x00,0x00,
0x00,0x00,0x00,0x00,0x00,0x00,0x00,0x00,0x00,0x00,
0x00,0x00,0x00,0x00,0x00,0x00,0x00,0x00,0x00,0x00,
0x00,0x00,0x00,0x00,0x00,0x00,0x00,0x00,0x00,0x00,
0x00,0x00,0x00,0x00,0x00,0x00,0x00,0x00,0x00,0x00,
0x00,0x00,0x00,0x00,0x00,0x00,0x00,0x00,0x00,0x00,
0x00,0x00,0x00,0x00,0x00,0x00,0x00,0x00,0x00,0x00,
0x00,0x00,0x00,0x00,0x00,0x00,0x00,0x00,0x00,0x00,
0x00,0x00,0x00,0x00,0x00,0x00,0x00,0x00,0x00,0x00,
0x00,0x00,0x00,0x00,0x00,0x00,0x00,0x00,0x00,0x00,
0x00,0x00,0x00,0x00,0x00,0x00,0x00,0x00,0x00,0x00,
0x00,0x00,0x00,0x00,0x00,0x00,0x00,0x00,0x00,0x00,
0x00,0x00,0x00,0x00,0x00,0x00,0x00,0x00,0x00,0x00,
0x00,0x00,0x00,0x00,0x00,0x00,0x00,0x00,0x00,0x00,
0x00,0x00,0x00,0x00,0x00,0x00,0x00,0x00,0x00,0x00,
0x00,0x00,0x00,0x00,0x00,0x00,0x00,0x00,0x00,0x00,
0x00,0x00,0x00,0x00,0x00,0x00,0x00,0x00,0x00,0x00,
0x00,0x00,0x00,0x00,0x00,0x00,0x00,0x00,0x00,0x00,
0x00,0x00,0x00,0x00,0x00,0x00,0x00,0x00,0x00,0x00,
0x00,0x00,0x00,0x00,0x00,0x00,0x00,0x00,0x00,0x00,
0x00,0x00,0x00,0x00,0x00,0x00,0x00,0x00,0x00,0x00,
0x00,0x00,0x00,0x00,0x00,0x00,0x00,0x00,0x00,0x00,
0x00,0x00,0x00,0x00,0x00,0x00,0x00,0x00,0x00,0x00,
0x00,0x00,0x00,0x00,0x00,0x00,0x00,0x00,0x00,0x00,
0x00,0x00,0x00,0x00,0x00,0x00,0x00,0x00,0x00,0x00,
0x00,0x00,0x00,0x00,0x00,0x00,0x00,0x00,0x00,0x00,
0x00,0x00,0x00,0x00,0x00,0x00,0x00,0x00,0x00,0x00,
0x00,0x00,0x00,0x00,0x00,0x00,0x00,0x00,0x00,0x00,
0x00,0x00,0x00,0x00,0x00,0x00,0x00,0x00,0x00,0x00,
0x00,0x00,0x00,0x00,0x00,0x00,0x00,0x00,0x00,0x00,
0x00,0x00,0x00,0x00,0x00,0x00,0x00,0x00,0x00,0x00,
0x00,0x00,0x00,0x00,0x00,0x00,0x00,0x00,0x00,0x00,
0x00,0x00,0x00,0x00,0x00,0x00,0x00,0x00,0x00,0x00,
0x00,0x00,0x00,0x00,0x00,0x00,0x00,0x00,0x00,0x00,
0x00,0x00,0x00,0x00,0x00,0x00,0x00,0x00,0x00,0x00,
0x00,0x00,0x00,0x00,0x00,0x00,0x00,0x00,0x00,0x00,
0x00,0x00,0x00,0x00,0x00,0x00,0x00,0x00,0x00,0x00,
0x00,0x00,0x00,0x00,0x00,0x00,0x00,0x00,0x00,0x00,
0x00,0x00,0x00,0x00,0x00,0x00,0x00,0x00,0x00,0x00,
0x00,0x00,0x00,0x00,0x00,0x00,0x00,0x00,0x00,0x00,
0x00,0x00,0x00,0x00,0x00,0x00,0x00,0x00,0x00,0x00,
0x00,0x00,0x00,0x00,0x00,0x00,0x00,0x00,0x00,0x00,
0x00,0x00,0x00,0x00,0x00,0x00,0x00,0x00,0x00,0x00,
0x00,0x00,0x00,0x00,0x00,0x00,0x00,0x00,0x00,0x00,
0x00,0x00,0x00,0x00,0x00,0x00,0x00,0x00,0x00,0x00,
0x00,0x00,0x00,0x00,0x00,0x00,0x00,0x00,0x00,0x00,
0x00,0x00,0x00,0x00,0x00,0x00,0x00,0x00,0x00,0x00,
0x00,0x00,0x00,0x00,0x00,0x00,0x00,0x00,0x00,0x00,
0x00,0x00,0x00,0x00,0x00,0x00,0x00,0x00,0x00,0x00,
0x00,0x00,0x00,0x00,0x00,0x00,0x00,0x00,0x00,0x00,
0x00,0x00,0x00,0x00,0x00,0x00,0x00,0x00,0x00,0x00,
0x00,0x00,0x00,0x00,0x00,0x00,0x00,0x00,0x00,0x00,
0x00,0x00,0x00,0x00,0x00,0x00,0x00,0x00,0x00,0x00,
0x00,0x00,0x00,0x00,0x00,0x00,0x00,0x00,0x00,0x00,
0x00,0x00,0x00,0x00,0x00,0x00,0x00,0x00,0x00,0x00,
0x00,0x00,0x00,0x00,0x00,0x00,0x00,0x00,0x00,0x00,
0x00,0x00,0x00,0x00,0x00,0x00,0x00,0x00,0x00,0x00,
0x00,0x00,0x00,0x00,0x00,0x00,0x00,0x00,0x00,0x00,
0x00,0x00,0x00,0x00,0x00,0x00,0x00,0x00,0x00,0x00,
0x00,0x00,0x00,0x00,0x00,0x00,0x00,0x00,0x00,0x00,
0x00,0x00,0x00,0x00,0x00,0x00,0x00,0x00,0x00,0x00,
0x00,0x00,0x00,0x00,0x00,0x00,0x00,0x00,0x00,0x00,
0x00,0x00,0x00,0x00,0x00,0x00,0x00,0x00,0x00,0x00,
0x00,0x00,0x00,0x00,0x00,0x00,0x00,0x00,0x00,0x00,
0x00,0x00,0x00,0x00,0x00,0x00,0x00,0x00,0x00,0x00,
0x00,0x00,0x00,0x00,0x00,0x00,0x00,0x00,0x00,0x00,
0x00,0x00,0x00,0x00,0x00,0x00,0x00,0x00,0x00,0x00,
0x00,0x00,0x00,0x00,0x00,0x00,0x00,0x00,0x00,0x00,
0x00,0x00,0x00,0x00,0x00,0x00,0x00,0x00,0x00,0x00,
0x00,0x00,0x00,0x00,0x00,0x00,0x00,0x00,0x00,0x00,
0x00,0x00,0x00,0x00,0x00,0x00,0x00,0x00,0x00,0x00,
0x00,0x00,0x00,0x00,0x00,0x00,0x00,0x00,0x00,0x00,
0x00,0x00,0x00,0x00,0x00,0x00,0x00,0x00,0x00,0x00,
0x00,0x00,0x00,0x00,0x00,0x00,0x00,0x00,0x00,0x00,
0x00,0x00,0x00,0x00,0x00,0x00,0x00,0x00,0x00,0x00,
0x00,0x00,0x00,0x00,0x00,0x00,0x00,0x00,0x00,0x00,
0x00,0x00,0x00,0x00,0x00,0x00,0x00,0x00,0x00,0x00,
0x00,0x00,0x00,0x00,0x00,0x00,0x00,0x00,0x00,0x00,
0x00,0x00,0x00,0x00,0x00,0x00,0x00,0x00,0x00,0x00,
0x00,0x00,0x00,0x00,0x00,0x00,0x00,0x00,0x00,0x00,
0x00,0x00,0x00,0x00,0x00,0x00,0x00,0x00,0x00,0x00,
0x00,0x00,0x00,0x00,0x00,0x00,0x00,0x00,0x00,0x00,
0x00,0x00,0x00,0x00,0x00,0x00,0x00,0x00,0x00,0x00,
0x00,0x00,0x00,0x00,0x00,0x00,0x00,0x00,0x00,0x00,
0x00,0x00,0x00,0x00,0x00,0x00,0x00,0x00,0x00,0x00,
0x00,0x00,0x00,0x00,0x00,0x00,0x00,0x00,0x00,0x00,
0x00,0x00,0x00,0x00,0x00,0x00,0x00,0x00,0x00,0x00,
0x00,0x00,0x00,0x00,0x00,0x00,0x00,0x00,0x00,0x00,
0x00,0x00,0x00,0x00,0x00,0x00,0x00,0x00,0x00,0x00,
0x00,0x00,0x00,0x00,0x00,0x00,0x00,0x00,0x00,0x00,
0x00,0x00,0x00,0x00,0x00,0x00,0x00,0x00,0x00,0x00,
0x00,0x00,0x00,0x00,0x00,0x00,0x00,0x00,0x00,0x00,
0x00,0x00,0x00,0x00,0x00,0x00,0x00,0x00,0x00,0x00,
0x00,0x00,0x00,0x00,0x00,0x00,0x00,0x00,0x00,0x00,
0x00,0x00,0x00,0x00,0x00,0x00,0x00,0x00,0x00,0x00,
0x00,0x00,0x00,0x00,0x00,0x00,0x00,0x00,0x00,0x00,
0x00,0x00,0x00,0x00,0x00,0x00,0x00,0x00,0x00,0x00,
0x00,0x00,0x00,0x00,0x00,0x00,0x00,0x00,0x00,0x00,
0x00,0x00,0x00,0x00,0x00,0x00,0x00,0x00,0x00,0x00,
0x00,0x00,0x00,0x00,0x00,0x00,0x00,0x00,0x00,0x00,
0x00,0x00,0x00,0x00,0x00,0x00,0x00,0x00,0x00,0x00,
0x00,0x00,0x00,0x00,0x00,0x00,0x00,0x00,0x00,0x00,
0x00,0x00,0x00,0x00,0x00,0x00,0x00,0x00,0x00,0x00,
0x00,0x00,0x00,0x00,0x00,0x00,0x00,0x00,0x00,0x00,
0x00,0x00,0x00,0x00,0x00,0x00,0x00,0x00,0x00,0x00,
0x00,0x00,0x00,0x00,0x00,0x00,0x00,0x00,0x00,0x00,
0x00,0x00,0x00,0x00,0x00,0x00,0x00,0x00,0x00,0x00,
0x00,0x00,0x00,0x00,0x00,0x00,0x00,0x00,0x00,0x00,
0x00,0x00,0x00,0x00,0x00,0x00,0x00,0x00,0x00,0x00,
0x00,0x00,0x00,0x00,0x00,0x00,0x00,0x00,0x00,0x00,
0x00,0x00,0x00,0x00,0x00,0x00,0x00,0x00,0x00,0x00,
0x00,0x00,0x00,0x00,0x00,0x00,0x00,0x00,0x00,0x00,
0x00,0x00,0x00,0x00,0x00,0x00,0x00,0x00,0x00,0x00,
0x00,0x00,0x00,0x00,0x00,0x00,0x00,0x00,0x00,0x00,
0x00,0x00,0x00,0x00,0x00,0x00,0x00,0x00,0x00,0x00,
0x00,0x00,0x00,0x00,0x00,0x00,0x00,0x00,0x00,0x00,
0x00,0x00,0x00,0x00,0x00,0x00,0x00,0x00,0x00,0x00,
0x00,0x00,0x00,0x00,0x00,0x00,0x00,0x00,0x00,0x00,
0x00,0x00,0x00,0x00,0x00,0x00,0x00,0x00,0x00,0x00,
0x00,0x00,0x00,0x00,0x00,0x00,0x00,0x00,0x00,0x00,
0x00,0x00,0x00,0x00,0x00,0x00,0x00,0x00,0x00,0x00,
0x00,0x00,0x00,0x00,0x00,0x00,0x00,0x00,0x00,0x00,
0x00,0x00,0x00,0x00,0x00,0x00,0x00,0x00,0x00,0x00,
0x00,0x00,0x00,0x00,0x00,0x00,0x00,0x00,0x00,0x00,
0x00,0x00,0x00,0x00,0x00,0x00,0x00,0x00,0x00,0x00,
0x00,0x00,0x00,0x00,0x00,0x00,0x00,0x00,0x00,0x00,
0x00,0x00,0x00,0x00,0x00,0x00,0x00,0x00,0x00,0x00,
0x00,0x00,0x00,0x00,0x00,0x00,0x00,0x00,0x00,0x00,
0x00,0x00,0x00,0x00,0x00,0x00,0x00,0x00,0x00,0x00,
0x00,0x00,0x00,0x00,0x00,0x00,0x00,0x00,0x00,0x00,
0x00,0x00,0x00,0x00,0x00,0x00,0x00,0x00,0x00,0x00,
0x00,0x00,0x00,0x00,0x00,0x00,0x00,0x00,0x00,0x00,
0x00,0x00,0x00,0x00,0x00,0x00,0x00,0x00,0x00,0x00,
0x00,0x00,0x00,0x00,0x00,0x00,0x00,0x00,0x00,0x00,
0x00,0x00,0x00,0x00,0x00,0x00,0x00,0x00,0x00,0x00,
0x00,0x00,0x00,0x00,0x00,0x00,0x00,0x00,0x00,0x00,
0x00,0x00,0x00,0x00,0x00,0x00,0x00,0x00,0x00,0x00,
0x00,0x00,0x00,0x00,0x00,0x00,0x00,0x00,0x00,0x00,
0x00,0x00,0x00,0x00,0x00,0x00,0x00,0x00,0x00,0x00,
0x00,0x00,0x00,0x00,0x00,0x00,0x00,0x00,0x00,0x00,
0x00,0x00,0x00,0x00,0x00,0x00,0x00,0x00,0x00,0x00,
0x00,0x00,0x00,0x00,0x00,0x00,0x00,0x00,0x00,0x00,
0x00,0x00,0x00,0x00,0x00,0x00,0x00,0x00,0x00,0x00,
0x00,0x00,0x00,0x00,0x00,0x00,0x00,0x00,0x00,0x00,
0x00,0x00,0x00,0x00,0x00,0x00,0x00,0x00,0x00,0x00,
0x00,0x00,0x00,0x00,0x00,0x00,0x00,0x00,0x00,0x00,
0x00,0x00,0x00,0x00,0x00,0x00,0x00,0x00,0x00,0x00,
0x00,0x00,0x00,0x00,0x00,0x00,0x00,0x00,0x00,0x00,
0x00,0x00,0x00,0x00,0x00,0x00,0x00,0x00,0x00,0x00,
0x00,0x00,0x00,0x00,0x00,0x00,0x00,0x00,0x00,0x00,
0x00,0x00,0x00,0x00,0x00,0x00,0x00,0x00,0x00,0x00,
0x00,0x00,0x00,0x00,0x00,0x00,0x00,0x00,0x00,0x00,
0x00,0x00,0x00,0x00,0x00,0x00,0x00,0x00,0x00,0x00,
0x00,0x00,0x00,0x00,0x00,0x00,0x00,0x00,0x00,0x00,
0x00,0x00,0x00,0x00,0x00,0x00,0x00,0x00,0x00,0x00,
0x00,0x00,0x00,0x00,0x00,0x00,0x00,0x00,0x00,0x00,
0x00,0x00,0x00,0x00,0x00,0x00,0x00,0x00,0x00,0x00,
0x00,0x00,0x00,0x00,0x00,0x00,0x00,0x00,0x00,0x00,
0x00,0x00,0x00,0x00,0x00,0x00,0x00,0x00,0x00,0x00,
0x00,0x00,0x00,0x00,0x00,0x00,0x00,0x00,0x00,0x00,
0x00,0x00,0x00,0x00,0x00,0x00,0x00,0x00,0x00,0x00,
0x00,0x00,0x00,0x00,0x00,0x00,0x00,0x00,0x00,0x00,
0x00,0x00,0x00,0x00,0x00,0x00,0x00,0x00,0x00,0x00,
0x00,0x00,0x00,0x00,0x00,0x00,0x00,0x00,0x00,0x00,
0x00,0x00,0x00,0x00,0x00,0x00,0x00,0x00,0x00,0x00,
0x00,0x00,0x00,0x00,0x00,0x00,0x00,0x00,0x00,0x00,
0x00,0x00,0x00,0x00,0x00,0x00,0x00,0x00,0x00,0x00,
0x00,0x00,0x00,0x00,0x00,0x00,0x00,0x00,0x00,0x00,
0x00,0x00,0x00,0x00,0x00,0x00,0x00,0x00,0x00,0x00,
0x00,0x00,0x00,0x00,0x00,0x00,0x00,0x00,0x00,0x00,
0x00,0x00,0x00,0x00,0x00,0x00,0x00,0x00,0x00,0x00,
0x00,0x00,0x00,0x00,0x00,0x00,0x00,0x00,0x00,0x00,
0x00,0x00,0x00,0x00,0x00,0x00,0x00,0x00,0x00,0x00,
0x00,0x00,0x00,0x00,0x00,0x00,0x00,0x00,0x00,0x00,
0x00,0x00,0x00,0x00,0x00,0x00,0x00,0x00,0x00,0x00,
0x00,0x00,0x00,0x00,0x00,0x00,0x00,0x00,0x00,0x00,
0x00,0x00,0x00,0x00,0x00,0x00,0x00,0x00,0x00,0x00,
0x00,0x00,0x00,0x00,0x00,0x00,0x00,0x00,0x00,0x00,
0x00,0x00,0x00,0x00,0x00,0x00,0x00,0x00,0x00,0x00,
0x00,0x00,0x00,0x00,0x00,0x00,0x00,0x00,0x00,0x00,
0x00,0x00,0x00,0x00,0x00,0x00,0x00,0x00,0x00,0x00,
0x00,0x00,0x00,0x00,0x00,0x00,0x00,0x00,0x00,0x00,
0x00,0x00,0x00,0x00,0x00,0x00,0x00,0x00,0x00,0x00,
0x00,0x00,0x00,0x00,0x00,0x00,0x00,0x00,0x00,0x00,
0x00,0x00,0x00,0x00,0x00,0x00,0x00,0x00,0x00,0x00,
0x00,0x00,0x00,0x00,0x00,0x00,0x00,0x00,0x00,0x00,
0x00,0x00,0x00,0x00,0x00,0x00,0x00,0x00,0x00,0x00,
0x00,0x00,0x00,0x00,0x00,0x00,0x00,0x00,0x00,0x00,
0x00,0x00,0x00,0x00,0x00,0x00,0x00,0x00,0x00,0x00,
0x00,0x00,0x00,0x00,0x00,0x00,0x00,0x00,0x00,0x00,
0x00,0x00,0x00,0x00,0x00,0x00,0x00,0x00,0x00,0x00,
0x00,0x00,0x00,0x00,0x00,0x00,0x00,0x00,0x00,0x00,
0x00,0x00,0x00,0x00,0x00,0x00,0x00,0x00,0x00,0x00,
0x00,0x00,0x00,0x00,0x00,0x00,0x00,0x00,0x00,0x00,
0x00,0x00,0x00,0x00,0x00,0x00,0x00,0x00,0x00,0x00,
0x00,0x00,0x00,0x00,0x00,0x00,0x00,0x00,0x00,0x00,
0x00,0x00,0x00,0x00,0x00,0x00,0x00,0x00,0x00,0x00,
0x00,0x00,0x00,0x00,0x00,0x00,0x00,0x00,0x00,0x00,
0x00,0x00,0x00,0x00,0x00,0x00,0x00,0x00,0x00,0x00,
0x00,0x00,0x00,0x00,0x00,0x00,0x00,0x00,0x00,0x00,
0x00,0x00,0x00,0x00,0x00,0x00,0x00,0x00,0x00,0x00,
0x00,0x00,0x00,0x00,0x00,0x00,0x00,0x00,0x00,0x00,
0x00,0x00,0x00,0x00,0x00,0x00,0x00,0x00,0x00,0x00,
0x00,0x00,0x00,0x00,0x00,0x00,0x00,0x00,0x00,0x00,
0x00,0x00,0x00,0x00,0x00,0x00,0x00,0x00,0x00,0x00,
0x00,0x00,0x00,0x00,0x00,0x00,0x00,0x00,0x00,0x00,
0x00,0x00,0x00,0x00,0x00,0x00,0x00,0x00,0x00,0x00,
0x00,0x00,0x00,0x00,0x00,0x00,0x00,0x00,0x00,0x00,
0x00,0x00,0x00,0x00,0x00,0x00,0x00,0x00,0x00,0x00,
0x00,0x00,0x00,0x00,0x00,0x00,0x00,0x00,0x00,0x00,
0x00,0x00,0x00,0x00,0x00,0x00,0x00,0x00,0x00,0x00,
0x00,0x00,0x00,0x00,0x00,0x00,0x00,0x00,0x00,0x00,
0x00,0x00,0x00,0x00,0x00,0x00,0x00,0x00,0x00,0x00,
0x00,0x00,0x00,0x00,0x00,0x00,0x00,0x00,0x00,0x00,
0x00,0x00,0x00,0x00,0x00,0x00,0x00,0x00,0x00,0x00,
0x00,0x00,0x00,0x00,0x00,0x00,0x00,0x00,0x00,0x00,
0x00,0x00,0x00,0x00,0x00,0x00,0x00,0x00,0x00,0x00,
0x00,0x00,0x00,0x00,0x00,0x00,0x00,0x00,0x00,0x00,
0x00,0x00,0x00,0x00,0x00,0x00,0x00,0x00,0x00,0x00,
0x00,0x00,0x00,0x00,0x00,0x00,0x00,0x00,0x00,0x00,
0x00,0x00,0x00,0x00,0x00,0x00,0x00,0x00,0x00,0x00,
0x00,0x00,0x00,0x00,0x00,0x00,0x00,0x00,0x00,0x00,
0x00,0x00,0x00,0x00,0x00,0x00,0x00,0x00,0x00,0x00,
0x00,0x00,0x00,0x00,0x00,0x00,0x00,0x00,0x00,0x00,
0x00,0x00,0x00,0x00,0x00,0x00,0x00,0x00,0x00,0x00,
0x00,0x00,0x00,0x00,0x00,0x00,0x00,0x00,0x00,0x00,
0x00,0x00,0x00,0x00,0x00,0x00,0x00,0x00,0x00,0x00,
0x00,0x00,0x00,0x00,0x00,0x00,0x00,0x00,0x00,0x00,
0x00,0x00,0x00,0x00,0x00,0x00,0x00,0x00,0x00,0x00,
0x00,0x00,0x00,0x00,0x00,0x00,0x00,0x00,0x00,0x00,
0x00,0x00,0x00,0x00,0x00,0x00,0x00,0x00,0x00,0x00,
0x00,0x00,0x00,0x00,0x00,0x00,0x00,0x00,0x00,0x00,
0x00,0x00,0x00,0x00,0x00,0x00,0x00,0x00,0x00,0x00,
0x00,0x00,0x00,0x00,0x00,0x00,0x00,0x00,0x00,0x00,
0x00,0x00,0x00,0x00,0x00,0x00,0x00,0x00,0x00,0x00,
0x00,0x00,0x00,0x00,0x00,0x00,0x00,0x00,0x00,0x00,
0x00,0x00,0x00,0x00,0x00,0x00,0x00,0x00,0x00,0x00,
0x00,0x00,0x00,0x00,0x00,0x00,0x00,0x00,0x00,0x00,
0x00,0x00,0x00,0x00,0x00,0x00,0x00,0x00,0x00,0x00,
0x00,0x00,0x00,0x00,0x00,0x00,0x00,0x00,0x00,0x00,
0x00,0x00,0x00,0x00,0x00,0x00,0x00,0x00,0x00,0x00,
0x00,0x00,0x00,0x00,0x00,0x00,0x00,0x00,0x00,0x00,
0x00,0x00,0x00,0x00,0x00,0x00,0x00,0x00,0x00,0x00,
0x00,0x00,0x00,0x00,0x00,0x00,0x00,0x00,0x00,0x00,
0x00,0x00,0x00,0x00,0x00,0x00,0x00,0x00,0x00,0x00,
0x00,0x00,0x00,0x00,0x00,0x00,0x00,0x00,0x00,0x00,
0x00,0x00,0x00,0x00,0x00,0x00,0x00,0x00,0x00,0x00,
0x00,0x00,0x00,0x00,0x00,0x00,0x00,0x00,0x00,0x00,
0x00,0x00,0x00,0x00,0x00,0x00,0x00,0x00,0x00,0x00,
0x00,0x00,0x00,0x00,0x00,0x00,0x00,0x00,0x00,0x00,
0x00,0x00,0x00,0x00,0x00,0x00,0x00,0x00,0x00,0x00,
0x00,0x00,0x00,0x00,0x00,0x00,0x00,0x00,0x00,0x00,
0x00,0x00,0x00,0x00,0x00,0x00,0x00,0x00,0x00,0x00,
0x00,0x00,0x00,0x00,0x00,0x00,0x00,0x00,0x00,0x00,
0x00,0x00,0x00,0x00,0x00,0x00,0x00,0x00,0x00,0x00,
0x00,0x00,0x00,0x00,0x00,0x00,0x00,0x00,0x00,0x00,
0x00,0x00,0x00,0x00,0x00,0x00,0x00,0x00,0x00,0x00,
0x00,0x00,0x00,0x00,0x00,0x00,0x00,0x00,0x00,0x00,
0x00,0x00,0x00,0x00,0x00,0x00,0x00,0x00,0x00,0x00,
0x00,0x00,0x00,0x00,0x00,0x00,0x00,0x00,0x00,0x00,
0x00,0x00,0x00,0x00,0x00,0x00,0x00,0x00,0x00,0x00,
0x00,0x00,0x00,0x00,0x00,0x00,0x00,0x00,0x00,0x00,
0x00,0x00,0x00,0x00,0x00,0x00,0x00,0x00,0x00,0x00,
0x00,0x00,0x00,0x00,0x00,0x00,0x00,0x00,0x00,0x00,
0x00,0x00,0x00,0x00,0x00,0x00,0x00,0x00,0x00,0x00,
0x00,0x00,0x00,0x00,0x00,0x00,0x00,0x00,0x00,0x00,
0x00,0x00,0x00,0x00,0x00,0x00,0x00,0x00,0x00,0x00,
0x00,0x00,0x00,0x00,0x00,0x00,0x00,0x00,0x00,0x00,
0x00,0x00,0x00,0x00,0x00,0x00,0x00,0x00,0x00,0x00,
0x00,0x00,0x00,0x00,0x00,0x00,0x00,0x00,0x00,0x00,
0x00,0x00,0x00,0x00,0x00,0x00,0x00,0x00,0x00,0x00,
0x00,0x00,0x00,0x00,0x00,0x00,0x00,0x00,0x00,0x00,
0x00,0x00,0x00,0x00,0x00,0x00,0x00,0x00,0x00,0x00,
0x00,0x00,0x00,0x00,0x00,0x00,0x00,0x00,0x00,0x00,
0x00,0x00,0x00,0x00,0x00,0x00,0x00,0x00,0x00,0x00,
0x00,0x00,0x00,0x00,0x00,0x00,0x00,0x00,0x00,0x00,
0x00,0x00,0x00,0x00,0x00,0x00,0x00,0x00,0x00,0x00,
0x00,0x00,0x00,0x00,0x00,0x00,0x00,0x00,0x00,0x00,
0x00,0x00,0x00,0x00,0x00,0x00,0x00,0x00,0x00,0x00,
0x00,0x00,0x00,0x00,0x00,0x00,0x00,0x00,0x00,0x00,
0x00,0x00,0x00,0x00,0x00,0x00,0x00,0x00,0x00,0x00,
0x00,0x00,0x00,0x00,0x00,0x00,0x00,0x00,0x00,0x00,
0x00,0x00,0x00,0x00,0x00,0x00,0x00,0x00,0x00,0x00,
0x00,0x00,0x00,0x00,0x00,0x00,0x00,0x00,0x00,0x00,
0x00,0x00,0x00,0x00,0x00,0x00,0x00,0x00,0x00,0x00,
0x00,0x00,0x00,0x00,0x00,0x00,0x00,0x00,0x00,0x00,
0x00,0x00,0x00,0x00,0x00,0x00,0x00,0x00,0x00,0x00,
0x00,0x00,0x00,0x00,0x00,0x00,0x00,0x00,0x00,0x00,
0x00,0x00,0x00,0x00,0x00,0x00,0x00,0x00,0x00,0x00,
0x00,0x00,0x00,0x00,0x00,0x00,0x00,0x00,0x00,0x00,
0x00,0x00,0x00,0x00,0x00,0x00,0x00,0x00,0x00,0x00,
0x00,0x00,0x00,0x00,0x00,0x00,0x00,0x00,0x00,0x00,
0x00,0x00,0x00,0x00,0x00,0x00,0x00,0x00,0x00,0x00,
0x00,0x00,0x00,0x00,0x00,0x00,0x00,0x00,0x00,0x00,
0x00,0x00,0x00,0x00,0x00,0x00,0x00,0x00,0x00,0x00,
0x00,0x00,0x00,0x00,0x00,0x00,0x00,0x00,0x00,0x00,
0x00,0x00,0x00,0x00,0x00,0x00,0x00,0x00,0x00,0x00,
0x00,0x00,0x00,0x00,0x00,0x00,0x00,0x00,0x00,0x00,
0x00,0x00,0x00,0x00,0x00,0x00,0x00,0x00,0x00,0x00,
0x00,0x00,0x00,0x00,0x00,0x00,0x00,0x00,0x00,0x00,
0x00,0x00,0x00,0x00,0x00,0x00,0x00,0x00,0x00,0x00,
0x00,0x00,0x00,0x00,0x00,0x00,0x00,0x00,0x00,0x00,
0x00,0x00,0x00,0x00,0x00,0x00,0x00,0x00,0x00,0x00,
0x00,0x00,0x00,0x00,0x00,0x00,0x00,0x00,0x00,0x00,
0x00,0x00,0x00,0x00,0x00,0x00,0x00,0x00,0x00,0x00,
0x00,0x00,0x00,0x00,0x00,0x00,0x00,0x00,0x00,0x00,
0x00,0x00,0x00,0x00,0x00,0x00,0x00,0x00,0x00,0x00,
0x00,0x00,0x00,0x00,0x00,0x00,0x00,0x00,0x00,0x00,
0x00,0x00,0x00,0x00,0x00,0x00,0x00,0x00,0x00,0x00,
0x00,0x00,0x00,0x00,0x00,0x00,0x00,0x00,0x00,0x00,
0x00,0x00,0x00,0x00,0x00,0x00,0x00,0x00,0x00,0x00,
0x00,0x00,0x00,0x00,0x00,0x00,0x00,0x00,0x00,0x00,
0x00,0x00,0x00,0x00,0x00,0x00,0x00,0x00,0x00,0x00,
0x00,0x00,0x00,0x00,0x00,0x00,0x00,0x00,0x00,0x00,
0x00,0x00,0x00,0x00,0x00,0x00,0x00,0x00,0x00,0x00,
0x00,0x00,0x00,0x00,0x00,0x00,0x00,0x00,0x00,0x00,
0x00,0x00,0x00,0x00,0x00,0x00,0x00,0x00,0x00,0x00,
0x00,0x00,0x00,0x00,0x00,0x00,0x00,0x00,0x00,0x00,
0x00,0x00,0x00,0x00,0x00,0x00,0x00,0x00,0x00,0x00,
0x00,0x00,0x00,0x00,0x00,0x00,0x00,0x00,0x00,0x00,
0x00,0x00,0x00,0x00,0x00,0x00,0x00,0x00,0x00,0x00,
0x00,0x00,0x00,0x00,0x00,0x00,0x00,0x00,0x00,0x00,
0x00,0x00,0x00,0x00,0x00,0x00,0x00,0x00,0x00,0x00,
0x00,0x00,0x00,0x00,0x00,0x00,0x00,0x00,0x00,0x00,
0x00,0x00,0x00,0x00,0x00,0x00,0x00,0x00,0x00,0x00,
0x00,0x00,0x00,0x00,0x00,0x00,0x00,0x00,0x00,0x00,
0x00,0x00,0x00,0x00,0x00,0x00,0x00,0x00,0x00,0x00,
0x00,0x00,0x00,0x00,0x00,0x00,0x00,0x00,0x00,0x00,
0x00,0x00,0x00,0x00,0x00,0x00,0x00,0x00,0x00,0x00,
0x00,0x00,0x00,0x00,0x00,0x00,0x00,0x00,0x00,0x00,
0x00,0x00,0x00,0x00,0x00,0x00,0x00,0x00,0x00,0x00,
0x00,0x00,0x00,0x00,0x00,0x00,0x00,0x00,0x00,0x00,
0x00,0x00,0x00,0x00,0x00,0x00,0x00,0x00,0x00,0x00,
0x00,0x00,0x00,0x00,0x00,0x00,0x00,0x00,0x00,0x00,
0x00,0x00,0x00,0x00,0x00,0x00,0x00,0x00,0x00,0x00,
0x00,0x00,0x00,0x00,0x00,0x00,0x00,0x00,0x00,0x00,
0x00,0x00,0x00,0x00,0x00,0x00,0x00,0x00,0x00,0x00,
0x00,0x00,0x00,0x00,0x00,0x00,0x00,0x00,0x00,0x00,
0x00,0x00,0x00,0x00,0x00,0x00,0x00,0x00,0x00,0x00,
0x00,0x00,0x00,0x00,0x00,0x00,0x00,0x00,0x00,0x00,
0x00,0x00,0x00,0x00,0x00,0x00,0x00,0x00,0x00,0x00,
0x00,0x00,0x00,0x00,0x00,0x00,0x00,0x00,0x00,0x00,
0x00,0x00,0x00,0x00,0x00,0x00,0x00,0x00,0x00,0x00,
0x00,0x00,0x00,0x00,0x00,0x00,0x00,0x00,0x00,0x00,
0x00,0x00,0x00,0x00,0x00,0x00,0x00,0x00,0x00,0x00,
0x00,0x00,0x00,0x00,0x00,0x00,0x00,0x00,0x00,0x00,
0x00,0x00,0x00,0x00,0x00,0x00,0x00,0x00,0x00,0x00,
0x00,0x00,0x00,0x00,0x00,0x00,0x00,0x00,0x00,0x00,
0x00,0x00,0x00,0x00,0x00,0x00,0x00,0x00,0x00,0x00,
0x00,0x00,0x00,0x00,0x00,0x00,0x00,0x00,0x00,0x00,
0x00,0x00,0x00,0x00,0x00,0x00,0x00,0x00,0x00,0x00,
0x00,0x00,0x00,0x00,0x00,0x00,0x00,0x00,0x00,0x00,
0x00,0x00,0x00,0x00,0x00,0x00,0x00,0x00,0x00,0x00,
0x00,0x00,0x00,0x00,0x00,0x00,0x00,0x00,0x00,0x00,
0x00,0x00,0x00,0x00,0x00,0x00,0x00,0x00,0x00,0x00,
0x00,0x00,0x00,0x00,0x00,0x00,0x00,0x00,0x00,0x00,
0x00,0x00,0x00,0x00,0x00,0x00,0x00,0x00,0x00,0x00,
0x00,0x00,0x00,0x00,0x00,0x00,0x00,0x00,0x00,0x00,
0x00,0x00,0x00,0x00,0x00,0x00,0x00,0x00,0x00,0x00,
0x00,0x00,0x00,0x00,0x00,0x00,0x00,0x00,0x00,0x00,
0x00,0x00,0x00,0x00,0x00,0x00,0x00,0x00,0x00,0x00,
0x00,0x00,0x00,0x00,0x00,0x00,0x00,0x00,0x00,0x00,
0x00,0x00,0x00,0x00,0x00,0x00,0x00,0x00,0x00,0x00,
0x00,0x00,0x00,0x00,0x00,0x00,0x00,0x00,0x00,0x00,
0x00,0x00,0x00,0x00,0x00,0x00,0x00,0x00,0x00,0x00,
0x00,0x00,0x00,0x00,0x00,0x00,0x00,0x00,0x00,0x00,
0x00,0x00,0x00,0x00,0x00,0x00,0x00,0x00,0x00,0x00,
0x00,0x00,0x00,0x00,0x00,0x00,0x00,0x00,0x00,0x00,
0x00,0x00,0x00,0x00,0x00,0x00,0x00,0x00,0x00,0x00,
0x00,0x00,0x00,0x00,0x00,0x00,0x00,0x00,0x00,0x00,
0x00,0x00,0x00,0x00,0x00,0x00,0x00,0x00,0x00,0x00,
0x00,0x00,0x00,0x00,0x00,0x00,0x00,0x00,0x00,0x00,
0x00,0x00,0x00,0x00,0x00,0x00,0x00,0x00,0x00,0x00,
0x00,0x00,0x00,0x00,0x00,0x00,0x00,0x00,0x00,0x00,
0x00,0x00,0x00,0x00,0x00,0x00,0x00,0x00,0x00,0x00,
0x00,0x00,0x00,0x00,0x00,0x00,0x00,0x00,0x00,0x00,
0x00,0x00,0x00,0x00,0x00,0x00,0x00,0x00,0x00,0x00,
0x00,0x00,0x00,0x00,0x00,0x00,0x00,0x00,0x00,0x00,
0x00,0x00,0x00,0x00,0x00,0x00,0x00,0x00,0x00,0x00,
0x00,0x00,0x00,0x00,0x00,0x00,0x00,0x00,0x00,0x00,
0x00,0x00,0x00,0x00,0x00,0x00,0x00,0x00,0x00,0x00,
0x00,0x00,0x00,0x00,0x00,0x00,0x00,0x00,0x00,0x00,
0x00,0x00,0x00,0x00,0x00,0x00,0x00,0x00,0x00,0x00,
0x00,0x00,0x00,0x00,0x00,0x00,0x00,0x00,0x00,0x00,
0x00,0x00,0x00,0x00,0x00,0x00,0x00,0x00,0x00,0x00,
0x00,0x00,0x00,0x00,0x00,0x00,0x00,0x00,0x00,0x00,
0x00,0x00,0x00,0x00,0x00,0x00,0x00,0x00,0x00,0x00,
0x00,0x00,0x00,0x00,0x00,0x00,0x00,0x00,0x00,0x00,
0x00,0x00,0x00,0x00,0x00,0x00,0x00,0x00,0x00,0x00,
0x00,0x00,0x00,0x00,0x00,0x00,0x00,0x00,0x00,0x00,
0x00,0x00,0x00,0x00,0x00,0x00,0x00,0x00,0x00,0x00,
0x00,0x00,0x00,0x00,0x00,0x00,0x00,0x00,0x00,0x00,
0x00,0x00,0x00,0x00,0x00,0x00,0x00,0x00,0x00,0x00,
0x00,0x00,0x00,0x00,0x00,0x00,0x00,0x00,0x00,0x00,
0x00,0x00,0x00,0x00,0x00,0x00,0x00,0x00,0x00,0x00,
0x00,0x00,0x00,0x00,0x00,0x00,0x00,0x00,0x00,0x00,
0x00,0x00,0x00,0x00,0x00,0x00,0x00,0x00,0x00,0x00,
0x00,0x00,0x00,0x00,0x00,0x00,0x00,0x00,0x00,0x00,
0x00,0x00,0x00,0x00,0x00,0x00,0x00,0x00,0x00,0x00,
0x00,0x00,0x00,0x00,0x00,0x00,0x00,0x00,0x00,0x00,
0x00,0x00,0x00,0x00,0x00,0x00,0x00,0x00,0x00,0x00,
0x00,0x00,0x00,0x00,0x00,0x00,0x00,0x00,0x00,0x00,
0x00,0x00,0x00,0x00,0x00,0x00,0x00,0x00,0x00,0x00,
0x00,0x00,0x00,0x00,0x00,0x00,0x00,0x00,0x00,0x00,
0x00,0x00,0x00,0x00,0x00,0x00,0x00,0x00,0x00,0x00,
0x00,0x00,0x00,0x00,0x00,0x00,0x00,0x00,0x00,0x00,
0x00,0x00,0x00,0x00,0x00,0x00,0x00,0x00,0x00,0x00,
0x00,0x00,0x00,0x00,0x00,0x00,0x00,0x00,0x00,0x00,
0x00,0x00,0x00,0x00,0x00,0x00,0x00,0x00,0x00,0x00,
0x00,0x00,0x00,0x00,0x00,0x00,0x00,0x00,0x00,0x00,
0x00,0x00,0x00,0x00,0x00,0x00,0x00,0x00,0x00,0x00,
0x00,0x00,0x00,0x00,0x00,0x00,0x00,0x00,0x00,0x00,
0x00,0x00,0x00,0x00,0x00,0x00,0x00,0x00,0x00,0x00,
0x00,0x00,0x00,0x00,0x00,0x00,0x00,0x00,0x00,0x00,
0x00,0x00,0x00,0x00,0x00,0x00,0x00,0x00,0x00,0x00,
0x00,0x00,0x00,0x00,0x00,0x00,0x00,0x00,0x00,0x00,
0x00,0x00,0x00,0x00,0x00,0x00,0x00,0x00,0x00,0x00,
0x00,0x00,0x00,0x00,0x00,0x00,0x00,0x00,0x00,0x00,
0x00,0x00,0x00,0x00,0x00,0x00,0x00,0x00,0x00,0x00,
0x00,0x00,0x00,0x00,0x00,0x00,0x00,0x00,0x00,0x00,
0x00,0x00,0x00,0x00,0x00,0x00,0x00,0x00,0x00,0x00,
0x00,0x00,0x00,0x00,0x00,0x00,0x00,0x00,0x00,0x00,
0x00,0x00,0x00,0x00,0x00,0x00,0x00,0x00,0x00,0x00,
0x00,0x00,0x00,0x00,0x00,0x00,0x00,0x00,0x00,0x00,
0x00,0x00,0x00,0x00,0x00,0x00,0x00,0x00,0x00,0x00,
0x00,0x00,0x00,0x00,0x00,0x00,0x00,0x00,0x00,0x00,
0x00,0x00,0x00,0x00,0x00,0x00,0x00,0x00,0x00,0x00,
0x00,0x00,0x00,0x00,0x00,0x00,0x00,0x00,0x00,0x00,
0x00,0x00,0x00,0x00,0x00,0x00,0x00,0x00,0x00,0x00,
0x00,0x00,0x00,0x00,0x00,0x00,0x00,0x00,0x00,0x00,
0x00,0x00,0x00,0x00,0x00,0x00,0x00,0x00,0x00,0x00,
0x00,0x00,0x00,0x00,0x00,0x00,0x00,0x00,0x00,0x00,
0x00,0x00,0x00,0x00,0x00,0x00,0x00,0x00,0x00,0x00,
0x00,0x00,0x00,0x00,0x00,0x00,0x00,0x00,0x00,0x00,
0x00,0x00,0x00,0x00,0x00,0x00,0x00,0x00,0x00,0x00,
0x00,0x00,0x00,0x00,0x00,0x00,0x00,0x00,0x00,0x00,
0x00,0x00,0x00,0x00,0x00,0x00,0x00,0x00,0x00,0x00,
0x00,0x00,0x00,0x00,0x00,0x00,0x00,0x00,0x00,0x00,
0x00,0x00,0x00,0x00,0x00,0x00,0x00,0x00,0x00,0x00,
0x00,0x00,0x00,0x00,0x00,0x00,0x00,0x00,0x00,0x00,
0x00,0x00,0x00,0x00,0x00,0x00,0x00,0x00,0x00,0x00,
0x00,0x00,0x00,0x00,0x00,0x00,0x00,0x00,0x00,0x00,
0x00,0x00,0x00,0x00,0x00,0x00,0x00,0x00,0x00,0x00,
0x00,0x00,0x00,0x00,0x00,0x00,0x00,0x00,0x00,0x00,
0x00,0x00,0x00,0x00,0x00,0x00,0x00,0x00,0x00,0x00,
0x00,0x00,0x00,0x00,0x00,0x00,0x00,0x00,0x00,0x00,
0x00,0x00,0x00,0x00,0x00,0x00,0x00,0x00,0x00,0x00,
0x00,0x00,0x00,0x00,0x00,0x00,0x00,0x00,0x00,0x00,
0x00,0x00,0x00,0x00,0x00,0x00,0x00,0x00,0x00,0x00,
0x00,0x00,0x00,0x00,0x00,0x00,0x00,0x00,0x00,0x00,
0x00,0x00,0x00,0x00,0x00,0x00,0x00,0x00,0x00,0x00,
0x00,0x00,0x00,0x00,0x00,0x00,0x00,0x00,0x00,0x00,
0x00,0x00,0x00,0x00,0x00,0x00,0x00,0x00,0x00,0x00,
0x00,0x00,0x00,0x00,0x00,0x00,0x00,0x00,0x00,0x00,
0x00,0x00,0x00,0x00,0x00,0x00,0x00,0x00,0x00,0x00,
0x00,0x00,0x00,0x00,0x00,0x00,0x00,0x00,0x00,0x00,
0x00,0x00,0x00,0x00,0x00,0x00,0x00,0x00,0x00,0x00,
0x00,0x00,0x00,0x00,0x00,0x00,0x00,0x00,0x00,0x00,
0x00,0x00,0x00,0x00,0x00,0x00,0x00,0x00,0x00,0x00,
0x00,0x00,0x00,0x00,0x00,0x00,0x00,0x00,0x00,0x00,
0x00,0x00,0x00,0x00,0x00,0x00,0x00,0x00,0x00,0x00,
0x00,0x00,0x00,0x00,0x00,0x00,0x00,0x00,0x00,0x00,
0x00,0x00,0x00,0x00,0x00,0x00,0x00,0x00,0x00,0x00,
0x00,0x00,0x00,0x00,0x00,0x00,0x00,0x00,0x00,0x00,
0x00,0x00,0x00,0x00,0x00,0x00,0x00,0x00,0x00,0x00,
0x00,0x00,0x00,0x00,0x00,0x00,0x00,0x00,0x00,0x00,
0x00,0x00,0x00,0x00,0x00,0x00,0x00,0x00,0x00,0x00,
0x00,0x00,0x00,0x00,0x00,0x00,0x00,0x00,0x00,0x00,
0x00,0x00,0x00,0x00,0x00,0x00,0x00,0x00,0x00,0x00,
0x00,0x00,0x00,0x00,0x00,0x00,0x00,0x00,0x00,0x00,
0x00,0x00,0x00,0x00,0x00,0x00,0x00,0x00,0x00,0x00,
0x00,0x00,0x00,0x00,0x00,0x00,0x00,0x00,0x00,0x00,
0x00,0x00,0x00,0x00,0x00,0x00,0x00,0x00,0x00,0x00,
0x00,0x00,0x00,0x00,0x00,0x00,0x00,0x00,0x00,0x00,
0x00,0x00,0x00,0x00,0x00,0x00,0x00,0x00,0x00,0x00,
0x00,0x00,0x00,0x00,0x00,0x00,0x00,0x00,0x00,0x00,
0x00,0x00,0x00,0x00,0x00,0x00,0x00,0x00,0x00,0x00,
0x00,0x00,0x00,0x00,0x00,0x00,0x00,0x00,0x00,0x00,
0x00,0x00,0x00,0x00,0x00,0x00,0x00,0x00,0x00,0x00,
0x00,0x00,0x00,0x00,0x00,0x00,0x00,0x00,0x00,0x00,
0x00,0x00,0x00,0x00,0x00,0x00,0x00,0x00,0x00,0x00,
0x00,0x00,0x00,0x00,0x00,0x00,0x00,0x00,0x00,0x00,
0x00,0x00,0x00,0x00,0x00,0x00,0x00,0x00,0x00,0x00,
0x00,0x00,0x00,0x00,0x00,0x00,0x00,0x00,0x00,0x00,
0x00,0x00,0x00,0x00,0x00,0x00,0x00,0x00,0x00,0x00,
0x00,0x00,0x00,0x00,0x00,0x00,0x00,0x00,0x00,0x00,
0x00,0x00,0x00,0x00,0x00,0x00,0x00,0x00,0x00,0x00,
0x00,0x00,0x00,0x00,0x00,0x00,0x00,0x00,0x00,0x00,
0x00,0x00,0x00,0x00,0x00,0x00,0x00,0x00,0x00,0x00,
0x00,0x00,0x00,0x00,0x00,0x00,0x00,0x00,0x00,0x00,
0x00,0x00,0x00,0x00,0x00,0x00,0x00,0x00,0x00,0x00,
0x00,0x00,0x00,0x00,0x00,0x00,0x00,0x00,0x00,0x00,
0x00,0x00,0x00,0x00,0x00,0x00,0x00,0x00,0x00,0x00,
0x00,0x00,0x00,0x00,0x00,0x00,0x00,0x00,0x00,0x00,
0x00,0x00,0x00,0x00,0x00,0x00,0x00,0x00,0x00,0x00,
0x00,0x00,0x00,0x00,0x00,0x00,0x00,0x00,0x00,0x00,
0x00,0x00,0x00,0x00,0x00,0x00,0x00,0x00,0x00,0x00,
0x00,0x00,0x00,0x00,0x00,0x00,0x00,0x00,0x00,0x00,
0x00,0x00,0x00,0x00,0x00,0x00,0x00,0x00,0x00,0x00,
0x00,0x00,0x00,0x00,0x00,0x00,0x00,0x00,0x00,0x00,
0x00,0x00,0x00,0x00,0x00,0x00,0x00,0x00,0x00,0x00,
0x00,0x00,0x00,0x00,0x00,0x00,0x00,0x00,0x00,0x00,
0x00,0x00,0x00,0x00,0x00,0x00,0x00,0x00,0x00,0x00,
0x00,0x00,0x00,0x00,0x00,0x00,0x00,0x00,0x00,0x00,
0x00,0x00,0x00,0x00,0x00,0x00,0x00,0x00,0x00,0x00,
0x00,0x00,0x00,0x00,0x00,0x00,0x00,0x00,0x00,0x00,
0x00,0x00,0x00,0x00,0x00,0x00,0x00,0x00,0x00,0x00,
0x00,0x00,0x00,0x00,0x00,0x00,0x00,0x00,0x00,0x00,
0x00,0x00,0x00,0x00,0x00,0x00,0x00,0x00,0x00,0x00,
0x00,0x00,0x00,0x00,0x00,0x00,0x00,0x00,0x00,0x00,
0x00,0x00,0x00,0x00,0x00,0x00,0x00,0x00,0x00,0x00,
0x00,0x00,0x00,0x00,0x00,0x00,0x00,0x00,0x00,0x00,
0x00,0x00,0x00,0x00,0x00,0x00,0x00,0x00,0x00,0x00,
0x00,0x00,0x00,0x00,0x00,0x00,0x00,0x00,0x00,0x00,
0x00,0x00,0x00,0x00,0x00,0x00,0x00,0x00,0x00,0x00,
0x00,0x00,0x00,0x00,0x00,0x00,0x00,0x00,0x00,0x00,
0x00,0x00,0x00,0x00,0x00,0x00,0x00,0x00,0x00,0x00,
0x00,0x00,0x00,0x00,0x00,0x00,0x00,0x00,0x00,0x00,
0x00,0x00,0x00,0x00,0x00,0x00,0x00,0x00,0x00,0x00,
0x00,0x00,0x00,0x00,0x00,0x00,0x00,0x00,0x00,0x00,
0x00,0x00,0x00,0x00,0x00,0x00,0x00,0x00,0x00,0x00,
0x00,0x00,0x00,0x00,0x00,0x00,0x00,0x00,0x00,0x00,
0x00,0x00,0x00,0x00,0x00,0x00,0x00,0x00,0x00,0x00,
0x00,0x00,0x00,0x00,0x00,0x00,0x00,0x00,0x00,0x00,
0x00,0x00,0x00,0x00,0x00,0x00,0x00,0x00,0x00,0x00,
0x00,0x00,0x00,0x00,0x00,0x00,0x00,0x00,0x00,0x00,
0x00,0x00,0x00,0x00,0x00,0x00,0x00,0x00,0x00,0x00,
0x00,0x00,0x00,0x00,0x00,0x00,0x00,0x00,0x00,0x00,
0x00,0x00,0x00,0x00,0x00,0x00,0x00,0x00,0x00,0x00,
0x00,0x00,0x00,0x00,0x00,0x00,0x00,0x00,0x00,0x00,
0x00,0x00,0x00,0x00,0x00,0x00,0x00,0x00,0x00,0x00,
0x00,0x00,0x00,0x00,0x00,0x00,0x00,0x00,0x00,0x00,
0x00,0x00,0x00,0x00,0x00,0x00,0x00,0x00,0x00,0x00,
0x00,0x00,0x00,0x00,0x00,0x00,0x00,0x00,0x00,0x00,
0x00,0x00,0x00,0x00,0x00,0x00,0x00,0x00,0x00,0x00,
0x00,0x00,0x00,0x00,0x00,0x00,0x00,0x00,0x00,0x00,
0x00,0x00,0x00,0x00,0x00,0x00,0x00,0x00,0x00,0x00,
0x00,0x00,0x00,0x00,0x00,0x00,0x00,0x00,0x00,0x00,
0x00,0x00,0x00,0x00,0x00,0x00,0x00,0x00,0x00,0x00,
0x00,0x00,0x00,0x00,0x00,0x00,0x00,0x00,0x00,0x00,
0x00,0x00,0x00,0x00,0x00,0x00,0x00,0x00,0x00,0x00,
0x00,0x00,0x00,0x00,0x00,0x00,0x00,0x00,0x00,0x00,
0x00,0x00,0x00,0x00,0x00,0x00,0x00,0x00,0x00,0x00,
0x00,0x00,0x00,0x00,0x00,0x00,0x00,0x00,0x00,0x00,
0x00,0x00,0x00,0x00,0x00,0x00,0x00,0x00,0x00,0x00,
0x00,0x00,0x00,0x00,0x00,0x00,0x00,0x00,0x00,0x00,
0x00,0x00,0x00,0x00,0x00,0x00,0x00,0x00,0x00,0x00,
0x00,0x00,0x00,0x00,0x00,0x00,0x00,0x00,0x00,0x00,
0x00,0x00,0x00,0x00,0x00,0x00,0x00,0x00,0x00,0x00,
0x00,0x00,0x00,0x00,0x00,0x00,0x00,0x00,0x00,0x00,
0x00,0x00,0x00,0x00,0x00,0x00,0x00,0x00,0x00,0x00,
0x00,0x00,0x00,0x00,0x00,0x00,0x00,0x00,0x00,0x00,
0x00,0x00,0x00,0x00,0x00,0x00,0x00,0x00,0x00,0x00,
0x00,0x00,0x00,0x00,0x00,0x00,0x00,0x00,0x00,0x00,
0x00,0x00,0x00,0x00,0x00,0x00,0x00,0x00,0x00,0x00,
0x00,0x00,0x00,0x00,0x00,0x00,0x00,0x00,0x00,0x00,
0x00,0x00,0x00,0x00,0x00,0x00,0x00,0x00,0x00,0x00,
0x00,0x00,0x00,0x00,0x00,0x00,0x00,0x00,0x00,0x00,
0x00,0x00,0x00,0x00,0x00,0x00,0x00,0x00,0x00,0x00,
0x00,0x00,0x00,0x00,0x00,0x00,0x00,0x00,0x00,0x00,
0x00,0x00,0x00,0x00,0x00,0x00,0x00,0x00,0x00,0x00,
0x00,0x00,0x00,0x00,0x00,0x00,0x00,0x00,0x00,0x00,
0x00,0x00,0x00,0x00,0x00,0x00,0x00,0x00,0x00,0x00,
0x00,0x00,0x00,0x00,0x00,0x00,0x00,0x00,0x00,0x00,
0x00,0x00,0x00,0x00,0x00,0x00,0x00,0x00,0x00,0x00,
0x00,0x00,0x00,0x00,0x00,0x00,0x00,0x00,0x00,0x00,
0x00,0x00,0x00,0x00,0x00,0x00,0x00,0x00,0x00,0x00,
0x00,0x00,0x00,0x00,0x00,0x00,0x00,0x00,0x00,0x00,
0x00,0x00,0x00,0x00,0x00,0x00,0x00,0x00,0x00,0x00,
0x00,0x00,0x00,0x00,0x00,0x00,0x00,0x00,0x00,0x00,
0x00,0x00,0x00,0x00,0x00,0x00,0x00,0x00,0x00,0x00,
0x00,0x00,0x00,0x00,0x00,0x00,0x00,0x00,0x00,0x00,
0x00,0x00,0x00,0x00,0x00,0x00,0x00,0x00,0x00,0x00,
0x00,0x00,0x00,0x00,0x00,0x00,0x00,0x00,0x00,0x00,
0x00,0x00,0x00,0x00,0x00,0x00,0x00,0x00,0x00,0x00,
0x00,0x00,0x00,0x00,0x00,0x00,0x00,0x00,0x00,0x00,
0x00,0x00,0x00,0x00,0x00,0x00,0x00,0x00,0x00,0x00,
0x00,0x00,0x00,0x00,0x00,0x00,0x00,0x00,0x00,0x00,
0x00,0x00,0x00,0x00,0x00,0x00,0x00,0x00,0x00,0x00,
0x00,0x00,0x00,0x00,0x00,0x00,0x00,0x00,0x00,0x00,
0x00,0x00,0x00,0x00,0x00,0x00,0x00,0x00,0x00,0x00,
0x00,0x00,0x00,0x00,0x00,0x00,0x00,0x00,0x00,0x00,
0x00,0x00,0x00,0x00,0x00,0x00,0x00,0x00,0x00,0x00,
0x00,0x00,0x00,0x00,0x00,0x00,0x00,0x00,0x00,0x00,
0x00,0x00,0x00,0x00,0x00,0x00,0x00,0x00,0x00,0x00,
0x00,0x00,0x00,0x00,0x00,0x00,0x00,0x00,0x00,0x00,
0x00,0x00,0x00,0x00,0x00,0x00,0x00,0x00,0x00,0x00,
0x00,0x00,0x00,0x00,0x00,0x00,0x00,0x00,0x00,0x00,
0x00,0x00,0x00,0x00,0x00,0x00,0x00,0x00,0x00,0x00,
0x00,0x00,0x00,0x00,0x00,0x00,0x00,0x00,0x00,0x00,
0x00,0x00,0x00,0x00,0x00,0x00,0x00,0x00,0x00,0x00,
0x00,0x00,0x00,0x00,0x00,0x00,0x00,0x00,0x00,0x00,
0x00,0x00,0x00,0x00,0x00,0x00,0x00,0x00,0x00,0x00,
0x00,0x00,0x00,0x00,0x00,0x00,0x00,0x00,0x00,0x00,
0x00,0x00,0x00,0x00,0x00,0x00,0x00,0x00,0x00,0x00,
0x00,0x00,0x00,0x00,0x00,0x00,0x00,0x00,0x00,0x00,
0x00,0x00,0x00,0x00,0x00,0x00,0x00,0x00,0x00,0x00,
0x00,0x00,0x00,0x00,0x00,0x00,0x00,0x00,0x00,0x00,
0x00,0x00,0x00,0x00,0x00,0x00,0x00,0x00,0x00,0x00,
0x00,0x00,0x00,0x00,0x00,0x00,0x00,0x00,0x00,0x00,
0x00,0x00,0x00,0x00,0x00,0x00,0x00,0x00,0x00,0x00,
0x00,0x00,0x00,0x00,0x00,0x00,0x00,0x00,0x00,0x00,
0x00,0x00,0x00,0x00,0x00,0x00,0x00,0x00,0x00,0x00,
0x00,0x00,0x00,0x00,0x00,0x00,0x00,0x00,0x00,0x00,
0x00,0x00,0x00,0x00,0x00,0x00,0x00,0x00,0x00,0x00,
0x00,0x00,0x00,0x00,0x00,0x00,0x00,0x00,0x00,0x00,
0x00,0x00,0x00,0x00,0x00,0x00,0x00,0x00,0x00,0x00,
0x00,0x00,0x00,0x00,0x00,0x00,0x00,0x00,0x00,0x00,
0x00,0x00,0x00,0x00,0x00,0x00,0x00,0x00,0x00,0x00,
0x00,0x00,0x00,0x00,0x00,0x00,0x00,0x00,0x00,0x00,
0x00,0x00,0x00,0x00,0x00,0x00,0x00,0x00,0x00,0x00,
0x00,0x00,0x00,0x00,0x00,0x00,0x00,0x00,0x00,0x00,
0x00,0x00,0x00,0x00,0x00,0x00,0x00,0x00,0x00,0x00,
0x00,0x00,0x00,0x00,0x00,0x00,0x00,0x00,0x00,0x00,
0x00,0x00,0x00,0x00,0x00,0x00,0x00,0x00,0x00,0x00,
0x00,0x00,0x00,0x00,0x00,0x00,0x00,0x00,0x00,0x00,
0x00,0x00,0x00,0x00,0x00,0x00,0x00,0x00,0x00,0x00,
0x00,0x00,0x00,0x00,0x00,0x00,0x00,0x00,0x00,0x00,
0x00,0x00,0x00,0x00,0x00,0x00,0x00,0x00,0x00,0x00,
0x00,0x00,0x00,0x00,0x00,0x00,0x00,0x00,0x00,0x00,
0x00,0x00,0x00,0x00,0x00,0x00,0x00,0x00,0x00,0x00,
0x00,0x00,0x00,0x00,0x00,0x00,0x00,0x00,0x00,0x00,
0x00,0x00,0x00,0x00,0x00,0x00,0x00,0x00,0x00,0x00,
0x00,0x00,0x00,0x00,0x00,0x00,0x00,0x00,0x00,0x00,
0x00,0x00,0x00,0x00,0x00,0x00,0x00,0x00,0x00,0x00,
0x00,0x00,0x00,0x00,0x00,0x00,0x00,0x00,0x00,0x00,
0x00,0x00,0x00,0x00,0x00,0x00,0x00,0x00,0x00,0x00,
0x00,0x00,0x00,0x00,0x00,0x00,0x00,0x00,0x00,0x00,
0x00,0x00,0x00,0x00,0x00,0x00,0x00,0x00,0x00,0x00,
0x00,0x00,0x00,0x00,0x00,0x00,0x00,0x00,0x00,0x00,
0x00,0x00,0x00,0x00,0x00,0x00,0x00,0x00,0x00,0x00,
0x00,0x00,0x00,0x00,0x00,0x00,0x00,0x00,0x00,0x00,
0x00,0x00,0x00,0x00,0x00,0x00,0x00,0x00,0x00,0x00,
0x00,0x00,0x00,0x00,0x00,0x00,0x00,0x00,0x00,0x00,
0x00,0x00,0x00,0x00,0x00,0x00,0x00,0x00,0x00,0x00,
0x00,0x00,0x00,0x00,0x00,0x00,0x00,0x00,0x00,0x00,
0x00,0x00,0x00,0x00,0x00,0x00,0x00,0x00,0x00,0x00,
0x00,0x00,0x00,0x00,0x00,0x00,0x00,0x00,0x00,0x00,
0x00,0x00,0x00,0x00,0x00,0x00,0x00,0x00,0x00,0x00,
0x00,0x00,0x00,0x00,0x00,0x00,0x00,0x00,0x00,0x00,
0x00,0x00,0x00,0x00,0x00,0x00,0x00,0x00,0x00,0x00,
0x00,0x00,0x00,0x00,0x00,0x00,0x00,0x00,0x00,0x00,
0x00,0x00,0x00,0x00,0x00,0x00,0x00,0x00,0x00,0x00,
0x00,0x00,0x00,0x00,0x00,0x00,0x00,0x00,0x00,0x00,
0x00,0x00,0x00,0x00,0x00,0x00,0x00,0x00,0x00,0x00,
0x00,0x00,0x00,0x00,0x00,0x00,0x00,0x00,0x00,0x00,
0x00,0x00,0x00,0x00,0x00,0x00,0x00,0x00,0x00,0x00,
0x00,0x00,0x00,0x00,0x00,0x00,0x00,0x00,0x00,0x00,
0x00,0x00,0x00,0x00,0x00,0x00,0x00,0x00,0x00,0x00,
0x00,0x00,0x00,0x00,0x00,0x00,0x00,0x00,0x00,0x00,
0x00,0x00,0x00,0x00,0x00,0x00,0x00,0x00,0x00,0x00,
0x00,0x00,0x00,0x00,0x00,0x00,0x00,0x00,0x00,0x00,
0x00,0x00,0x00,0x00,0x00,0x00,0x00,0x00,0x00,0x00,
0x00,0x00,0x00,0x00,0x00,0x00,0x00,0x00,0x00,0x00,
0x00,0x00,0x00,0x00,0x00,0x00,0x00,0x00,0x00,0x00,
0x00,0x00,0x00,0x00,0x00,0x00,0x00,0x00,0x00,0x00,
0x00,0x00,0x00,0x00,0x00,0x00,0x00,0x00,0x00,0x00,
0x00,0x00,0x00,0x00,0x00,0x00,0x00,0x00,0x00,0x00,
0x00,0x00,0x00,0x00,0x00,0x00,0x00,0x00,0x00,0x00,
0x00,0x00,0x00,0x00,0x00,0x00,0x00,0x00,0x00,0x00,
0x00,0x00,0x00,0x00,0x00,0x00,0x00,0x00,0x00,0x00,
0x00,0x00,0x00,0x00,0x00,0x00,0x00,0x00,0x00,0x00,
0x00,0x00,0x00,0x00,0x00,0x00,0x00,0x00,0x00,0x00,
0x00,0x00,0x00,0x00,0x00,0x00,0x00,0x00,0x00,0x00,
0x00,0x00,0x00,0x00,0x00,0x00,0x00,0x00,0x00,0x00,
0x00,0x00,0x00,0x00,0x00,0x00,0x00,0x00,0x00,0x00,
0x00,0x00,0x00,0x00,0x00,0x00,0x00,0x00,0x00,0x00,
0x00,0x00,0x00,0x00,0x00,0x00,0x00,0x00,0x00,0x00,
0x00,0x00,0x00,0x00,0x00,0x00,0x00,0x00,0x00,0x00,
0x00,0x00,0x00,0x00,0x00,0x00,0x00,0x00,0x00,0x00,
0x00,0x00,0x00,0x00,0x00,0x00,0x00,0x00,0x00,0x00,
0x00,0x00,0x00,0x00,0x00,0x00,0x00,0x00,0x00,0x00,
0x00,0x00,0x00,0x00,0x00,0x00,0x00,0x00,0x00,0x00,
0x00,0x00,0x00,0x00,0x00,0x00,0x00,0x00,0x00,0x00,
0x00,0x00,0x00,0x00,0x00,0x00,0x00,0x00,0x00,0x00,
0x00,0x00,0x00,0x00,0x00,0x00,0x00,0x00,0x00,0x00,
0x00,0x00,0x00,0x00,0x00,0x00,0x00,0x00,0x00,0x00,
0x00,0x00,0x00,0x00,0x00,0x00,0x00,0x00,0x00,0x00,
0x00,0x00,0x00,0x00,0x00,0x00,0x00,0x00,0x00,0x00,
0x00,0x00,0x00,0x00,0x00,0x00,0x00,0x00,0x00,0x00,
0x00,0x00,0x00,0x00,0x00,0x00,0x00,0x00,0x00,0x00,
0x00,0x00,0x00,0x00,0x00,0x00,0x00,0x00,0x00,0x00,
0x00,0x00,0x00,0x00,0x00,0x00,0x00,0x00,0x00,0x00,
0x00,0x00,0x00,0x00,0x00,0x00,0x00,0x00,0x00,0x00,
0x00,0x00,0x00,0x00,0x00,0x00,0x00,0x00,0x00,0x00,
0x00,0x00,0x00,0x00,0x00,0x00,0x00,0x00,0x00,0x00,
0x00,0x00,0x00,0x00,0x00,0x00,0x00,0x00,0x00,0x00,
0x00,0x00,0x00,0x00,0x00,0x00,0x00,0x00,0x00,0x00,
0x00,0x00,0x00,0x00,0x00,0x00,0x00,0x00,0x00,0x00,
0x00,0x00,0x00,0x00,0x00,0x00,0x00,0x00,0x00,0x00,
0x00,0x00,0x00,0x00,0x00,0x00,0x00,0x00,0x00,0x00,
0x00,0x00,0x00,0x00,0x00,0x00,0x00,0x00,0x00,0x00,
0x00,0x00,0x00,0x00,0x00,0x00,0x00,0x00,0x00,0x00,
0x00,0x00,0x00,0x00,0x00,0x00,0x00,0x00,0x00,0x00,
0x00,0x00,0x00,0x00,0x00,0x00,0x00,0x00,0x00,0x00,
0x00,0x00,0x00,0x00,0x00,0x00,0x00,0x00,0x00,0x00,
0x00,0x00,0x00,0x00,0x00,0x00,0x00,0x00,0x00,0x00,
0x00,0x00,0x00,0x00,0x00,0x00,0x00,0x00,0x00,0x00,
0x00,0x00,0x00,0x00,0x00,0x00,0x00,0x00,0x00,0x00,
0x00,0x00,0x00,0x00,0x00,0x00,0x00,0x00,0x00,0x00,
0x00,0x00,0x00,0x00,0x00,0x00,0x00,0x00,0x00,0x00,
0x00,0x00,0x00,0x00,0x00,0x00,0x00,0x00,0x00,0x00,
0x00,0x00,0x00,0x00,0x00,0x00,0x00,0x00,0x00,0x00,
0x00,0x00,0x00,0x00,0x00,0x00,0x00,0x00,0x00,0x00,
0x00,0x00,0x00,0x00,0x00,0x00,0x00,0x00,0x00,0x00,
0x00,0x00,0x00,0x00,0x00,0x00,0x00,0x00,0x00,0x00,
0x00,0x00,0x00,0x00,0x00,0x00,0x00,0x00,0x00,0x00,
0x00,0x00,0x00,0x00,0x00,0x00,0x00,0x00,0x00,0x00,
0x00,0x00,0x00,0x00,0x00,0x00,0x00,0x00,0x00,0x00,
0x00,0x00,0x00,0x00,0x00,0x00,0x00,0x00,0x00,0x00,
0x00,0x00,0x00,0x00,0x00,0x00,0x00,0x00,0x00,0x00,
0x00,0x00,0x00,0x00,0x00,0x00,0x00,0x00,0x00,0x00,
0x00,0x00,0x00,0x00,0x00,0x00,0x00,0x00,0x00,0x00,
0x00,0x00,0x00,0x00,0x00,0x00,0x00,0x00,0x00,0x00,
0x00,0x00,0x00,0x00,0x00,0x00,0x00,0x00,0x00,0x00,
0x00,0x00,0x00,0x00,0x00,0x00,0x00,0x00,0x00,0x00,
0x00,0x00,0x00,0x00,0x00,0x00,0x00,0x00,0x00,0x00,
0x00,0x00,0x00,0x00,0x00,0x00,0x00,0x00,0x00,0x00,
0x00,0x00,0x00,0x00,0x00,0x00,0x00,0x00,0x00,0x00,
0x00,0x00,0x00,0x00,0x00,0x00,0x00,0x00,0x00,0x00,
0x00,0x00,0x00,0x00,0x00,0x00,0x00,0x00,0x00,0x00,
0x00,0x00,0x00,0x00,0x00,0x00,0x00,0x00,0x00,0x00,
0x00,0x00,0x00,0x00,0x00,0x00,0x00,0x00,0x00,0x00,
0x00,0x00,0x00,0x00,0x00,0x00,0x00,0x00,0x00,0x00,
0x00,0x00,0x00,0x00,0x00,0x00,0x00,0x00,0x00,0x00,
0x00,0x00,0x00,0x00,0x00,0x00,0x00,0x00,0x00,0x00,
0x00,0x00,0x00,0x00,0x00,0x00,0x00,0x00,0x00,0x00,
0x00,0x00,0x00,0x00,0x00,0x00,0x00,0x00,0x00,0x00,
0x00,0x00,0x00,0x00,0x00,0x00,0x00,0x00,0x00,0x00,
0x00,0x00,0x00,0x00,0x00,0x00,0x00,0x00,0x00,0x00,
0x00,0x00,0x00,0x00,0x00,0x00,0x00,0x00,0x00,0x00,
0x00,0x00,0x00,0x00,0x00,0x00,0x00,0x00,0x00,0x00,
0x00,0x00,0x00,0x00,0x00,0x00,0x00,0x00,0x00,0x00,
0x00,0x00,0x00,0x00,0x00,0x00,0x00,0x00,0x00,0x00,
0x00,0x00,0x00,0x00,0x00,0x00,0x00,0x00,0x00,0x00,
0x00,0x00,0x00,0x00,0x00,0x00,0x00,0x00,0x00,0x00,
0x00,0x00,0x00,0x00,0x00,0x00,0x00,0x00,0x00,0x00,
0x00,0x00,0x00,0x00,0x00,0x00,0x00,0x00,0x00,0x00,
0x00,0x00,0x00,0x00,0x00,0x00,0x00,0x00,0x00,0x00,
0x00,0x00,0x00,0x00,0x00,0x00,0x00,0x00,0x00,0x00,
0x00,0x00,0x00,0x00,0x00,0x00,0x00,0x00,0x00,0x00,
0x00,0x00,0x00,0x00,0x00,0x00,0x00,0x00,0x00,0x00,
0x00,0x00,0x00,0x00,0x00,0x00,0x00,0x00,0x00,0x00,
0x00,0x00,0x00,0x00,0x00,0x00,0x00,0x00,0x00,0x00,
0x00,0x00,0x00,0x00,0x00,0x00,0x00,0x00,0x00,0x00,
0x00,0x00,0x00,0x00,0x00,0x00,0x00,0x00,0x00,0x00,
0x00,0x00,0x00,0x00,0x00,0x00,0x00,0x00,0x00,0x00,
0x00,0x00,0x00,0x00,0x00,0x00,0x00,0x00,0x00,0x00,
0x00,0x00,0x00,0x00,0x00,0x00,0x00,0x00,0x00,0x00,
0x00,0x00,0x00,0x00,0x00,0x00,0x00,0x00,0x00,0x00,
0x00,0x00,0x00,0x00,0x00,0x00,0x00,0x00,0x00,0x00,
0x00,0x00,0x00,0x00,0x00,0x00,0x00,0x00,0x00,0x00,
0x00,0x00,0x00,0x00,0x00,0x00,0x00,0x00,0x00,0x00,
0x00,0x00,0x00,0x00,0x00,0x00,0x00,0x00,0x00,0x00,
0x00,0x00,0x00,0x00,0x00,0x00,0x00,0x00,0x00,0x00,
0x00,0x00,0x00,0x00,0x00,0x00,0x00,0x00,0x00,0x00,
0x00,0x00,0x00,0x00,0x00,0x00,0x00,0x00,0x00,0x00,
0x00,0x00,0x00,0x00,0x00,0x00,0x00,0x00,0x00,0x00,
0x00,0x00,0x00,0x00,0x00,0x00,0x00,0x00,0x00,0x00,
0x00,0x00,0x00,0x00,0x00,0x00,0x00,0x00,0x00,0x00,
0x00,0x00,0x00,0x00,0x00,0x00,0x00,0x00,0x00,0x00,
0x00,0x00,0x00,0x00,0x00,0x00,0x00,0x00,0x00,0x00,
0x00,0x00,0x00,0x00,0x00,0x00,0x00,0x00,0x00,0x00,
0x00,0x00,0x00,0x00,0x00,0x00,0x00,0x00,0x00,0x00,
0x00,0x00,0x00,0x00,0x00,0x00,0x00,0x00,0x00,0x00,
0x00,0x00,0x00,0x00,0x00,0x00,0x00,0x00,0x00,0x00,
0x00,0x00,0x00,0x00,0x00,0x00,0x00,0x00,0x00,0x00,
0x00,0x00,0x00,0x00,0x00,0x00,0x00,0x00,0x00,0x00,
0x00,0x00,0x00,0x00,0x00,0x00,0x00,0x00,0x00,0x00,
0x00,0x00,0x00,0x00,0x00,0x00,0x00,0x00,0x00,0x00,
0x00,0x00,0x00,0x00,0x00,0x00,0x00,0x00,0x00,0x00,
0x00,0x00,0x00,0x00,0x00,0x00,0x00,0x00,0x00,0x00,
0x00,0x00,0x00,0x00,0x00,0x00,0x00,0x00,0x00,0x00,
0x00,0x00,0x00,0x00,0x00,0x00,0x00,0x00,0x00,0x00,
0x00,0x00,0x00,0x00,0x00,0x00,0x00,0x00,0x00,0x00,
0x00,0x00,0x00,0x00,0x00,0x00,0x00,0x00,0x00,0x00,
0x00,0x00,0x00,0x00,0x00,0x00,0x00,0x00,0x00,0x00,
0x00,0x00,0x00,0x00,0x00,0x00,0x00,0x00,0x00,0x00,
0x00,0x00,0x00,0x00,0x00,0x00,0x00,0x00,0x00,0x00,
0x00,0x00,0x00,0x00,0x00,0x00,0x00,0x00,0x00,0x00,
0x00,0x00,0x00,0x00,0x00,0x00,0x00,0x00,0x00,0x00,
0x00,0x00,0x00,0x00,0x00,0x00,0x00,0x00,0x00,0x00,
0x00,0x00,0x00,0x00,0x00,0x00,0x00,0x00,0x00,0x00,
0x00,0x00,0x00,0x00,0x00,0x00,0x00,0x00,0x00,0x00,
0x00,0x00,0x00,0x00,0x00,0x00,0x00,0x00,0x00,0x00,
0x00,0x00,0x00,0x00,0x00,0x00,0x00,0x00,0x00,0x00,
0x00,0x00,0x00,0x00,0x00,0x00,0x00,0x00,0x00,0x00,
0x00,0x00,0x00,0x00,0x00,0x00,0x00,0x00,0x00,0x00,
0x00,0x00,0x00,0x00,0x00,0x00,0x00,0x00,0x00,0x00,
0x00,0x00,0x00,0x00,0x00,0x00,0x00,0x00,0x00,0x00,
0x00,0x00,0x00,0x00,0x00,0x00,0x00,0x00,0x00,0x00,
0x00,0x00,0x00,0x00,0x00,0x00,0x00,0x00,0x00,0x00,
0x00,0x00,0x00,0x00,0x00,0x00,0x00,0x00,0x00,0x00,
0x00,0x00,0x00,0x00,0x00,0x00,0x00,0x00,0x00,0x00,
0x00,0x00,0x00,0x00,0x00,0x00,0x00,0x00,0x00,0x00,
0x00,0x00,0x00,0x00,0x00,0x00,0x00,0x00,0x00,0x00,
0x00,0x00,0x00,0x00,0x00,0x00,0x00,0x00,0x00,0x00,
0x00,0x00,0x00,0x00,0x00,0x00,0x00,0x00,0x00,0x00,
0x00,0x00,0x00,0x00,0x00,0x00,0x00,0x00,0x00,0x00,
0x00,0x00,0x00,0x00,0x00,0x00,0x00,0x00,0x00,0x00,
0x00,0x00,0x00,0x00,0x00,0x00,0x00,0x00,0x00,0x00,
0x00,0x00,0x00,0x00,0x00,0x00,0x00,0x00,0x00,0x00,
0x00,0x00,0x00,0x00,0x00,0x00,0x00,0x00,0x00,0x00,
0x00,0x00,0x00,0x00,0x00,0x00,0x00,0x00,0x00,0x00,
0x00,0x00,0x00,0x00,0x00,0x00,0x00,0x00,0x00,0x00,
0x00,0x00,0x00,0x00,0x00,0x00,0x00,0x00,0x00,0x00,
0x00,0x00,0x00,0x00,0x00,0x00,0x00,0x00,0x00,0x00,
0x00,0x00,0x00,0x00,0x00,0x00,0x00,0x00,0x00,0x00,
0x00,0x00,0x00,0x00,0x00,0x00,0x00,0x00,0x00,0x00,
0x00,0x00,0x00,0x00,0x00,0x00,0x00,0x00,0x00,0x00,
0x00,0x00,0x00,0x00,0x00,0x00,0x00,0x00,0x00,0x00,
0x00,0x00,0x00,0x00,0x00,0x00,0x00,0x00,0x00,0x00,
0x00,0x00,0x00,0x00,0x00,0x00,0x00,0x00,0x00,0x00,
0x00,0x00,0x00,0x00,0x00,0x00,0x00,0x00,0x00,0x00,
0x00,0x00,0x00,0x00,0x00,0x00,0x00,0x00,0x00,0x00,
0x00,0x00,0x00,0x00,0x00,0x00,0x00,0x00,0x00,0x00,
0x00,0x00,0x00,0x00,0x00,0x00,0x00,0x00,0x00,0x00,
0x00,0x00,0x00,0x00,0x00,0x00,0x00,0x00,0x00,0x00,
0x00,0x00,0x00,0x00,0x00,0x00,0x00,0x00,0x00,0x00,
0x00,0x00,0x00,0x00,0x00,0x00,0x00,0x00,0x00,0x00,
0x00,0x00,0x00,0x00,0x00,0x00,0x00,0x00,0x00,0x00,
0x00,0x00,0x00,0x00,0x00,0x00,0x00,0x00,0x00,0x00,
0x00,0x00,0x00,0x00,0x00,0x00,0x00,0x00,0x00,0x00,
0x00,0x00,0x00,0x00,0x00,0x00,0x00,0x00,0x00,0x00,
0x00,0x00,0x00,0x00,0x00,0x00,0x00,0x00,0x00,0x00,
0x00,0x00,0x00,0x00,0x00,0x00,0x00,0x00,0x00,0x00,
0x00,0x00,0x00,0x00,0x00,0x00,0x00,0x00,0x00,0x00,
0x00,0x00,0x00,0x00,0x00,0x00,0x00,0x00,0x00,0x00,
0x00,0x00,0x00,0x00,0x00,0x00,0x00,0x00,0x00,0x00,
0x00,0x00,0x00,0x00,0x00,0x00,0x00,0x00,0x00,0x00,
0x00,0x00,0x00,0x00,0x00,0x00,0x00,0x00,0x00,0x00,
0x00,0x00,0x00,0x00,0x00,0x00,0x00,0x00,0x00,0x00,
0x00,0x00,0x00,0x00,0x00,0x00,0x00,0x00,0x00,0x00,
0x00,0x00,0x00,0x00,0x00,0x00,0x00,0x00,0x00,0x00,
0x00,0x00,0x00,0x00,0x00,0x00,0x00,0x00,0x00,0x00,
0x00,0x00,0x00,0x00,0x00,0x00,0x00,0x00,0x00,0x00,
0x00,0x00,0x00,0x00,0x00,0x00,0x00,0x00,0x00,0x00,
0x00,0x00,0x00,0x00,0x00,0x00,0x00,0x00,0x00,0x00,
0x00,0x00,0x00,0x00,0x00,0x00,0x00,0x00,0x00,0x00,
0x00,0x00,0x00,0x00,0x00,0x00,0x00,0x00,0x00,0x00,
0x00,0x00,0x00,0x00,0x00,0x00,0x00,0x00,0x00,0x00,
0x00,0x00,0x00,0x00,0x00,0x00,0x00,0x00,0x00,0x00,
0x00,0x00,0x00,0x00,0x00,0x00,0x00,0x00,0x00,0x00,
0x00,0x00,0x00,0x00,0x00,0x00,0x00,0x00,0x00,0x00,
0x00,0x00,0x00,0x00,0x00,0x00,0x00,0x00,0x00,0x00,
0x00,0x00,0x00,0x00,0x00,0x00,0x00,0x00,0x00,0x00,
0x00,0x00,0x00,0x00,0x00,0x00,0x00,0x00,0x00,0x00,
0x00,0x00,0x00,0x00,0x00,0x00,0x00,0x00,0x00,0x00,
0x00,0x00,0x00,0x00,0x00,0x00,0x00,0x00,0x00,0x00,
0x00,0x00,0x00,0x00,0x00,0x00,0x00,0x00,0x00,0x00,
0x00,0x00,0x00,0x00,0x00,0x00,0x00,0x00,0x00,0x00,
0x00,0x00,0x00,0x00,0x00,0x00,0x00,0x00,0x00,0x00,
0x00,0x00,0x00,0x00,0x00,0x00,0x00,0x00,0x00,0x00,
0x00,0x00,0x00,0x00,0x00,0x00,0x00,0x00,0x00,0x00,
0x00,0x00,0x00,0x00,0x00,0x00,0x00,0x00,0x00,0x00,
0x00,0x00,0x00,0x00,0x00,0x00,0x00,0x00,0x00,0x00,
0x00,0x00,0x00,0x00,0x00,0x00,0x00,0x00,0x00,0x00,
0x00,0x00,0x00,0x00,0x00,0x00,0x00,0x00,0x00,0x00,
0x00,0x00,0x00,0x00,0x00,0x00,0x00,0x00,0x00,0x00,
0x00,0x00,0x00,0x00,0x00,0x00,0x00,0x00,0x00,0x00,
0x00,0x00,0x00,0x00,0x00,0x00,0x00,0x00,0x00,0x00,
0x00,0x00,0x00,0x00,0x00,0x00,0x00,0x00,0x00,0x00,
0x00,0x00,0x00,0x00,0x00,0x00,0x00,0x00,0x00,0x00,
0x00,0x00,0x00,0x00,0x00,0x00,0x00,0x00,0x00,0x00,
0x00,0x00,0x00,0x00,0x00,0x00,0x00,0x00,0x00,0x00,
0x00,0x00,0x00,0x00,0x00,0x00,0x00,0x00,0x00,0x00,
0x00,0x00,0x00,0x00,0x00,0x00,0x00,0x00,0x00,0x00,
0x00,0x00,0x00,0x00,0x00,0x00,0x00,0x00,0x00,0x00,
0x00,0x00,0x00,0x00,0x00,0x00,0x00,0x00,0x00,0x00,
0x00,0x00,0x00,0x00,0x00,0x00,0x00,0x00,0x00,0x00,
0x00,0x00,0x00,0x00,0x00,0x00,0x00,0x00,0x00,0x00,
0x00,0x00,0x00,0x00,0x00,0x00,0x00,0x00,0x00,0x00,
0x00,0x00,0x00,0x00,0x00,0x00,0x00,0x00,0x00,0x00,
0x00,0x00,0x00,0x00,0x00,0x00,0x00,0x00,0x00,0x00,
0x00,0x00,0x00,0x00,0x00,0x00,0x00,0x00,0x00,0x00,
0x00,0x00,0x00,0x00,0x00,0x00,0x00,0x00,0x00,0x00,
0x00,0x00,0x00,0x00,0x00,0x00,0x00,0x00,0x00,0x00,
0x00,0x00,0x00,0x00,0x00,0x00,0x00,0x00,0x00,0x00,
0x00,0x00,0x00,0x00,0x00,0x00,0x00,0x00,0x00,0x00,
0x00,0x00,0x00,0x00,0x00,0x00,0x00,0x00,0x00,0x00,
0x00,0x00,0x00,0x00,0x00,0x00,0x00,0x00,0x00,0x00,
0x00,0x00,0x00,0x00,0x00,0x00,0x00,0x00,0x00,0x00,
0x00,0x00,0x00,0x00,0x00,0x00,0x00,0x00,0x00,0x00,
0x00,0x00,0x00,0x00,0x00,0x00,0x00,0x00,0x00,0x00,
0x00,0x00,0x00,0x00,0x00,0x00,0x00,0x00,0x00,0x00,
0x00,0x00,0x00,0x00,0x00,0x00,0x00,0x00,0x00,0x00,
0x00,0x00,0x00,0x00,0x00,0x00,0x00,0x00,0x00,0x00,
0x00,0x00,0x00,0x00,0x00,0x00,0x00,0x00,0x00,0x00,
0x00,0x00,0x00,0x00,0x00,0x00,0x00,0x00,0x00,0x00,
0x00,0x00,0x00,0x00,0x00,0x00,0x00,0x00,0x00,0x00,
0x00,0x00,0x00,0x00,0x00,0x00,0x00,0x00,0x00,0x00,
0x00,0x00,0x00,0x00,0x00,0x00,0x00,0x00,0x00,0x00,
0x00,0x00,0x00,0x00,0x00,0x00,0x00,0x00,0x00,0x00,
0x00,0x00,0x00,0x00,0x00,0x00,0x00,0x00,0x00,0x00,
0x00,0x00,0x00,0x00,0x00,0x00,0x00,0x00,0x00,0x00,
0x00,0x00,0x00,0x00,0x00,0x00,0x00,0x00,0x00,0x00,
0x00,0x00,0x00,0x00,0x00,0x00,0x00,0x00,0x00,0x00,
0x00,0x00,0x00,0x00,0x00,0x00,0x00,0x00,0x00,0x00,
0x00,0x00,0x00,0x00,0x00,0x00,0x00,0x00,0x00,0x00,
0x00,0x00,0x00,0x00,0x00,0x00,0x00,0x00,0x00,0x00,
0x00,0x00,0x00,0x00,0x00,0x00,0x00,0x00,0x00,0x00,
0x00,0x00,0x00,0x00,0x00,0x00,0x00,0x00,0x00,0x00,
0x00,0x00,0x00,0x00,0x00,0x00,0x00,0x00,0x00,0x00,
0x00,0x00,0x00,0x00,0x00,0x00,0x00,0x00,0x00,0x00,
0x00,0x00,0x00,0x00,0x00,0x00,0x00,0x00,0x00,0x00,
0x00,0x00,0x00,0x00,0x00,0x00,0x00,0x00,0x00,0x00,
0x00,0x00,0x00,0x00,0x00,0x00,0x00,0x00,0x00,0x00,
0x00,0x00,0x00,0x00,0x00,0x00,0x00,0x00,0x00,0x00,
0x00,0x00,0x00,0x00,0x00,0x00,0x00,0x00,0x00,0x00,
0x00,0x00,0x00,0x00,0x00,0x00,0x00,0x00,0x00,0x00,
0x00,0x00,0x00,0x00,0x00,0x00,0x00,0x00,0x00,0x00,
0x00,0x00,0x00,0x00,0x00,0x00,0x00,0x00,0x00,0x00,
0x00,0x00,0x00,0x00,0x00,0x00,0x00,0x00,0x00,0x00,
0x00,0x00,0x00,0x00,0x00,0x00,0x00,0x00,0x00,0x00,
0x00,0x00,0x00,0x00,0x00,0x00,0x00,0x00,0x00,0x00,
0x00,0x00,0x00,0x00,0x00,0x00,0x00,0x00,0x00,0x00,
0x00,0x00,0x00,0x00,0x00,0x00,0x00,0x00,0x00,0x00,
0x00,0x00,0x00,0x00,0x00,0x00,0x00,0x00,0x00,0x00,
0x00,0x00,0x00,0x00,0x00,0x00,0x00,0x00,0x00,0x00,
0x00,0x00,0x00,0x00,0x00,0x00,0x00,0x00,0x00,0x00,
0x00,0x00,0x00,0x00,0x00,0x00,0x00,0x00,0x00,0x00,
0x00,0x00,0x00,0x00,0x00,0x00,0x00,0x00,0x00,0x00,
0x00,0x00,0x00,0x00,0x00,0x00,0x00,0x00,0x00,0x00,
0x00,0x00,0x00,0x00,0x00,0x00,0x00,0x00,0x00,0x00,
0x00,0x00,0x00,0x00,0x00,0x00,0x00,0x00,0x00,0x00,
0x00,0x00,0x00,0x00,0x00,0x00,0x00,0x00,0x00,0x00,
0x00,0x00,0x00,0x00,0x00,0x00,0x00,0x00,0x00,0x00,
0x00,0x00,0x00,0x00,0x00,0x00,0x00,0x00,0x00,0x00,
0x00,0x00,0x00,0x00,0x00,0x00,0x00,0x00,0x00,0x00,
0x00,0x00,0x00,0x00,0x00,0x00,0x00,0x00,0x00,0x00,
0x00,0x00,0x00,0x00,0x00,0x00,0x00,0x00,0x00,0x00,
0x00,0x00,0x00,0x00,0x00,0x00,0x00,0x00,0x00,0x00,
0x00,0x00,0x00,0x00,0x00,0x00,0x00,0x00,0x00,0x00,
0x00,0x00,0x00,0x00,0x00,0x00,0x00,0x00,0x00,0x00,
0x00,0x00,0x00,0x00,0x00,0x00,0x00,0x00,0x00,0x00,
0x00,0x00,0x00,0x00,0x00,0x00,0x00,0x00,0x00,0x00,
0x00,0x00,0x00,0x00,0x00,0x00,0x00,0x00,0x00,0x00,
0x00,0x00,0x00,0x00,0x00,0x00,0x00,0x00,0x00,0x00,
0x00,0x00,0x00,0x00,0x00,0x00,0x00,0x00,0x00,0x00,
0x00,0x00,0x00,0x00,0x00,0x00,0x00,0x00,0x00,0x00,
0x00,0x00,0x00,0x00,0x00,0x00,0x00,0x00,0x00,0x00,
0x00,0x00,0x00,0x00,0x00,0x00,0x00,0x00,0x00,0x00,
0x00,0x00,0x00,0x00,0x00,0x00,0x00,0x00,0x00,0x00,
0x00,0x00,0x00,0x00,0x00,0x00,0x00,0x00,0x00,0x00,
0x00,0x00,0x00,0x00,0x00,0x00,0x00,0x00,0x00,0x00,
0x00,0x00,0x00,0x00,0x00,0x00,0x00,0x00,0x00,0x00,
0x00,0x00,0x00,0x00,0x00,0x00,0x00,0x00,0x00,0x00,
0x00,0x00,0x00,0x00,0x00,0x00,0x00,0x00,0x00,0x00,
0x00,0x00,0x00,0x00,0x00,0x00,0x00,0x00,0x00,0x00,
0x00,0x00,0x00,0x00,0x00,0x00,0x00,0x00,0x00,0x00,
0x00,0x00,0x00,0x00,0x00,0x00,0x00,0x00,0x00,0x00,
0x00,0x00,0x00,0x00,0x00,0x00,0x00,0x00,0x00,0x00,
0x00,0x00,0x00,0x00,0x00,0x00,0x00,0x00,0x00,0x00,
0x00,0x00,0x00,0x00,0x00,0x00,0x00,0x00,0x00,0x00,
0x00,0x00,0x00,0x00,0x00,0x00,0x00,0x00,0x00,0x00,
0x00,0x00,0x00,0x00,0x00,0x00,0x00,0x00,0x00,0x00,
0x00,0x00,0x00,0x00,0x00,0x00,0x00,0x00,0x00,0x00,
0x00,0x00,0x00,0x00,0x00,0x00,0x00,0x00,0x00,0x00,
0x00,0x00,0x00,0x00,0x00,0x00,0x00,0x00,0x00,0x00,
0x00,0x00,0x00,0x00,0x00,0x00,0x00,0x00,0x00,0x00,
0x00,0x00,0x00,0x00,0x00,0x00,0x00,0x00,0x00,0x00,
0x00,0x00,0x00,0x00,0x00,0x00,0x00,0x00,0x00,0x00,
0x00,0x00,0x00,0x00,0x00,0x00,0x00,0x00,0x00,0x00,
0x00,0x00,0x00,0x00,0x00,0x00,0x00,0x00,0x00,0x00,
0x00,0x00,0x00,0x00,0x00,0x00,0x00,0x00,0x00,0x00,
0x00,0x00,0x00,0x00,0x00,0x00,0x00,0x00,0x00,0x00,
0x00,0x00,0x00,0x00,0x00,0x00,0x00,0x00,0x00,0x00,
0x00,0x00,0x00,0x00,0x00,0x00,0x00,0x00,0x00,0x00,
0x00,0x00,0x00,0x00,0x00,0x00,0x00,0x00,0x00,0x00,
0x00,0x00,0x00,0x00,0x00,0x00,0x00,0x00,0x00,0x00,
0x00,0x00,0x00,0x00,0x00,0x00,0x00,0x00,0x00,0x00,
0x00,0x00,0x00,0x00,0x00,0x00,0x00,0x00,0x00,0x00,
0x00,0x00,0x00,0x00,0x00,0x00,0x00,0x00,0x00,0x00,
0x00,0x00,0x00,0x00,0x00,0x00,0x00,0x00,0x00,0x00,
0x00,0x00,0x00,0x00,0x00,0x00,0x00,0x00,0x00,0x00,
0x00,0x00,0x00,0x00,0x00,0x00,0x00,0x00,0x00,0x00,
0x00,0x00,0x00,0x00,0x00,0x00,0x00,0x00,0x00,0x00,
0x00,0x00,0x00,0x00,0x00,0x00,0x00,0x00,0x00,0x00,
0x00,0x00,0x00,0x00,0x00,0x00,0x00,0x00,0x00,0x00,
0x00,0x00,0x00,0x00,0x00,0x00,0x00,0x00,0x00,0x00,
0x00,0x00,0x00,0x00,0x00,0x00,0x00,0x00,0x00,0x00,
0x00,0x00,0x00,0x00,0x00,0x00,0x00,0x00,0x00,0x00,
0x00,0x00,0x00,0x00,0x00,0x00,0x00,0x00,0x00,0x00,
0x00,0x00,0x00,0x00,0x00,0x00,0x00,0x00,0x00,0x00,
0x00,0x00,0x00,0x00,0x00,0x00,0x00,0x00,0x00,0x00,
0x00,0x00,0x00,0x00,0x00,0x00,0x00,0x00,0x00,0x00,
0x00,0x00,0x00,0x00,0x00,0x00,0x00,0x00,0x00,0x00,
0x00,0x00,0x00,0x00,0x00,0x00,0x00,0x00,0x00,0x00,
0x00,0x00,0x00,0x00,0x00,0x00,0x00,0x00,0x00,0x00,
0x00,0x00,0x00,0x00,0x00,0x00,0x00,0x00,0x00,0x00,
0x00,0x00,0x00,0x00,0x00,0x00,0x00,0x00,0x00,0x00,
0x00,0x00,0x00,0x00,0x00,0x00,0x00,0x00,0x00,0x00,
0x00,0x00,0x00,0x00,0x00,0x00,0x00,0x00,0x00,0x00,
0x00,0x00,0x00,0x00,0x00,0x00,0x00,0x00,0x00,0x00,
0x00,0x00,0x00,0x00,0x00,0x00,0x00,0x00,0x00,0x00,
0x00,0x00,0x00,0x00,0x00,0x00,0x00,0x00,0x00,0x00,
0x00,0x00,0x00,0x00,0x00,0x00,0x00,0x00,0x00,0x00,
0x00,0x00,0x00,0x00,0x00,0x00,0x00,0x00,0x00,0x00,
0x00,0x00,0x00,0x00,0x00,0x00,0x00,0x00,0x00,0x00,
0x00,0x00,0x00,0x00,0x00,0x00,0x00,0x00,0x00,0x00,
0x00,0x00,0x00,0x00,0x00,0x00,0x00,0x00,0x00,0x00,
0x00,0x00,0x00,0x00,0x00,0x00,0x00,0x00,0x00,0x00,
0x00,0x00,0x00,0x00,0x00,0x00,0x00,0x00,0x00,0x00,
0x00,0x00,0x00,0x00,0x00,0x00,0x00,0x00,0x00,0x00,
0x00,0x00,0x00,0x00,0x00,0x00,0x00,0x00,0x00,0x00,
0x00,0x00,0x00,0x00,0x00,0x00,0x00,0x00,0x00,0x00,
0x00,0x00,0x00,0x00,0x00,0x00,0x00,0x00,0x00,0x00,
0x00,0x00,0x00,0x00,0x00,0x00,0x00,0x00,0x00,0x00,
0x00,0x00,0x00,0x00,0x00,0x00,0x00,0x00,0x00,0x00,
0x00,0x00,0x00,0x00,0x00,0x00,0x00,0x00,0x00,0x00,
0x00,0x00,0x00,0x00,0x00,0x00,0x00,0x00,0x00,0x00,
0x00,0x00,0x00,0x00,0x00,0x00,0x00,0x00,0x00,0x00,
0x00,0x00,0x00,0x00,0x00,0x00,0x00,0x00,0x00,0x00,
0x00,0x00,0x00,0x00,0x00,0x00,0x00,0x00,0x00,0x00,
0x00,0x00,0x00,0x00,0x00,0x00,0x00,0x00,0x00,0x00,
0x00,0x00,0x00,0x00,0x00,0x00,0x00,0x00,0x00,0x00,
0x00,0x00,0x00,0x00,0x00,0x00,0x00,0x00,0x00,0x00,
0x00,0x00,0x00,0x00,0x00,0x00,0x00,0x00,0x00,0x00,
0x00,0x00,0x00,0x00,0x00,0x00,0x00,0x00,0x00,0x00,
0x00,0x00,0x00,0x00,0x00,0x00,0x00,0x00,0x00,0x00,
0x00,0x00,0x00,0x00,0x00,0x00,0x00,0x00,0x00,0x00,
0x00,0x00,0x00,0x00,0x00,0x00,0x00,0x00,0x00,0x00,
0x00,0x00,0x00,0x00,0x00,0x00,0x00,0x00,0x00,0x00,
0x00,0x00,0x00,0x00,0x00,0x00,0x00,0x00,0x00,0x00,
0x00,0x00,0x00,0x00,0x00,0x00,0x00,0x00,0x00,0x00,
0x00,0x00,0x00,0x00,0x00,0x00,0x00,0x00,0x00,0x00,
0x00,0x00,0x00,0x00,0x00,0x00,0x00,0x00,0x00,0x00,
0x00,0x00,0x00,0x00,0x00,0x00,0x00,0x00,0x00,0x00,
0x00,0x00,0x00,0x00,0x00,0x00,0x00,0x00,0x00,0x00,
0x00,0x00,0x00,0x00,0x00,0x00,0x00,0x00,0x00,0x00,
0x00,0x00,0x00,0x00,0x00,0x00,0x00,0x00,0x00,0x00,
0x00,0x00,0x00,0x00,0x00,0x00,0x00,0x00,0x00,0x00,
0x00,0x00,0x00,0x00,0x00,0x00,0x00,0x00,0x00,0x00,
0x00,0x00,0x00,0x00,0x00,0x00,0x00,0x00,0x00,0x00,
0x00,0x00,0x00,0x00,0x00,0x00,0x00,0x00,0x00,0x00,
0x00,0x00,0x00,0x00,0x00,0x00,0x00,0x00,0x00,0x00,
0x00,0x00,0x00,0x00,0x00,0x00,0x00,0x00,0x00,0x00,
0x00,0x00,0x00,0x00,0x00,0x00,0x00,0x00,0x00,0x00,
0x00,0x00,0x00,0x00,0x00,0x00,0x00,0x00,0x00,0x00,
0x00,0x00,0x00,0x00,0x00,0x00,0x00,0x00,0x00,0x00,
0x00,0x00,0x00,0x00,0x00,0x00,0x00,0x00,0x00,0x00,
0x00,0x00,0x00,0x00,0x00,0x00,0x00,0x00,0x00,0x00,
0x00,0x00,0x00,0x00,0x00,0x00,0x00,0x00,0x00,0x00,
0x00,0x00,0x00,0x00,0x00,0x00,0x00,0x00,0x00,0x00,
0x00,0x00,0x00,0x00,0x00,0x00,0x00,0x00,0x00,0x00,
0x00,0x00,0x00,0x00,0x00,0x00,0x00,0x00,0x00,0x00,
0x00,0x00,0x00,0x00,0x00,0x00,0x00,0x00,0x00,0x00,
0x00,0x00,0x00,0x00,0x00,0x00,0x00,0x00,0x00,0x00,
0x00,0x00,0x00,0x00,0x00,0x00,0x00,0x00,0x00,0x00,
0x00,0x00,0x00,0x00,0x00,0x00,0x00,0x00,0x00,0x00,
0x00,0x00,0x00,0x00,0x00,0x00,0x00,0x00,0x00,0x00,
0x00,0x00,0x00,0x00,0x00,0x00,0x00,0x00,0x00,0x00,
0x00,0x00,0x00,0x00,0x00,0x00,0x00,0x00,0x00,0x00,
0x00,0x00,0x00,0x00,0x00,0x00,0x00,0x00,0x00,0x00,
0x00,0x00,0x00,0x00,0x00,0x00,0x00,0x00,0x00,0x00,
0x00,0x00,0x00,0x00,0x00,0x00,0x00,0x00,0x00,0x00,
0x00,0x00,0x00,0x00,0x00,0x00,0x00,0x00,0x00,0x00,
0x00,0x00,0x00,0x00,0x00,0x00,0x00,0x00,0x00,0x00,
0x00,0x00,0x00,0x00,0x00,0x00,0x00,0x00,0x00,0x00,
0x00,0x00,0x00,0x00,0x00,0x00,0x00,0x00,0x00,0x00,
0x00,0x00,0x00,0x00,0x00,0x00,0x00,0x00,0x00,0x00,
0x00,0x00,0x00,0x00,0x00,0x00,0x00,0x00,0x00,0x00,
0x00,0x00,0x00,0x00,0x00,0x00,0x00,0x00,0x00,0x00,
0x00,0x00,0x00,0x00,0x00,0x00,0x00,0x00,0x00,0x00,
0x00,0x00,0x00,0x00,0x00,0x00,0x00,0x00,0x00,0x00,
0x00,0x00,0x00,0x00,0x00,0x00,0x00,0x00,0x00,0x00,
0x00,0x00,0x00,0x00,0x00,0x00,0x00,0x00,0x00,0x00,
0x00,0x00,0x00,0x00,0x00,0x00,0x00,0x00,0x00,0x00,
0x00,0x00,0x00,0x00,0x00,0x00,0x00,0x00,0x00,0x00,
0x00,0x00,0x00,0x00,0x00,0x00,0x00,0x00,0x00,0x00,
0x00,0x00,0x00,0x00,0x00,0x00,0x00,0x00,0x00,0x00,
0x00,0x00,0x00,0x00,0x00,0x00,0x00,0x00,0x00,0x00,
0x00,0x00,0x00,0x00,0x00,0x00,0x00,0x00,0x00,0x00,
0x00,0x00,0x00,0x00,0x00,0x00,0x00,0x00,0x00,0x00,
0x00,0x00,0x00,0x00,0x00,0x00,0x00,0x00,0x00,0x00,
0x00,0x00,0x00,0x00,0x00,0x00,0x00,0x00,0x00,0x00,
0x00,0x00,0x00,0x00,0x00,0x00,0x00,0x00,0x00,0x00,
0x00,0x00,0x00,0x00,0x00,0x00,0x00,0x00,0x00,0x00,
0x00,0x00,0x00,0x00,0x00,0x00,0x00,0x00,0x00,0x00,
0x00,0x00,0x00,0x00,0x00,0x00,0x00,0x00,0x00,0x00,
0x00,0x00,0x00,0x00,0x00,0x00,0x00,0x00,0x00,0x00,
0x00,0x00,0x00,0x00,0x00,0x00,0x00,0x00,0x00,0x00,
0x00,0x00,0x00,0x00,0x00,0x00,0x00,0x00,0x00,0x00,
0x00,0x00,0x00,0x00,0x00,0x00,0x00,0x00,0x00,0x00,
0x00,0x00,0x00,0x00,0x00,0x00,0x00,0x00,0x00,0x00,
0x00,0x00,0x00,0x00,0x00,0x00,0x00,0x00,0x00,0x00,
0x00,0x00,0x00,0x00,0x00,0x00,0x00,0x00,0x00,0x00,
0x00,0x00,0x00,0x00,0x00,0x00,0x00,0x00,0x00,0x00,
0x00,0x00,0x00,0x00,0x00,0x00,0x00,0x00,0x00,0x00,
0x00,0x00,0x00,0x00,0x00,0x00,0x00,0x00,0x00,0x00,
0x00,0x00,0x00,0x00,0x00,0x00,0x00,0x00,0x00,0x00,
0x00,0x00,0x00,0x00,0x00,0x00,0x00,0x00,0x00,0x00,
0x00,0x00,0x00,0x00,0x00,0x00,0x00,0x00,0x00,0x00,
0x00,0x00,0x00,0x00,0x00,0x00,0x00,0x00,0x00,0x00,
0x00,0x00,0x00,0x00,0x00,0x00,0x00,0x00,0x00,0x00,
0x00,0x00,0x00,0x00,0x00,0x00,0x00,0x00,0x00,0x00,
0x00,0x00,0x00,0x00,0x00,0x00,0x00,0x00,0x00,0x00,
0x00,0x00,0x00,0x00,0x00,0x00,0x00,0x00,0x00,0x00,
0x00,0x00,0x00,0x00,0x00,0x00,0x00,0x00,0x00,0x00,
0x00,0x00,0x00,0x00,0x00,0x00,0x00,0x00,0x00,0x00,
0x00,0x00,0x00,0x00,0x00,0x00,0x00,0x00,0x00,0x00,
0x00,0x00,0x00,0x00,0x00,0x00,0x00,0x00,0x00,0x00,
0x00,0x00,0x00,0x00,0x00,0x00,0x00,0x00,0x00,0x00,
0x00,0x00,0x00,0x00,0x00,0x00,0x00,0x00,0x00,0x00,
0x00,0x00,0x00,0x00,0x00,0x00,0x00,0x00,0x00,0x00,
0x00,0x00,0x00,0x00,0x00,0x00,0x00,0x00,0x00,0x00,
0x00,0x00,0x00,0x00,0x00,0x00,0x00,0x00,0x00,0x00,
0x00,0x00,0x00,0x00,0x00,0x00,0x00,0x00,0x00,0x00,
0x00,0x00,0x00,0x00,0x00,0x00,0x00,0x00,0x00,0x00,
0x00,0x00,0x00,0x00,0x00,0x00,0x00,0x00,0x00,0x00,
0x00,0x00,0x00,0x00,0x00,0x00,0x00,0x00,0x00,0x00,
0x00,0x00,0x00,0x00,0x00,0x00,0x00,0x00,0x00,0x00,
0x00,0x00,0x00,0x00,0x00,0x00,0x00,0x00,0x00,0x00,
0x00,0x00,0x00,0x00,0x00,0x00,0x00,0x00,0x00,0x00,
0x00,0x00,0x00,0x00,0x00,0x00,0x00,0x00,0x00,0x00,
0x00,0x00,0x00,0x00,0x00,0x00,0x00,0x00,0x00,0x00,
0x00,0x00,0x00,0x00,0x00,0x00,0x00,0x00,0x00,0x00,
0x00,0x00,0x00,0x00,0x00,0x00,0x00,0x00,0x00,0x00,
0x00,0x00,0x00,0x00,0x00,0x00,0x00,0x00,0x00,0x00,
0x00,0x00,0x00,0x00,0x00,0x00,0x00,0x00,0x00,0x00,
0x00,0x00,0x00,0x00,0x00,0x00,0x00,0x00,0x00,0x00,
0x00,0x00,0x00,0x00,0x00,0x00,0x00,0x00,0x00,0x00,
0x00,0x00,0x00,0x00,0x00,0x00,0x00,0x00,0x00,0x00,
0x00,0x00,0x00,0x00,0x00,0x00,0x00,0x00,0x00,0x00,
0x00,0x00,0x00,0x00,0x00,0x00,0x00,0x00,0x00,0x00,
0x00,0x00,0x00,0x00,0x00,0x00,0x00,0x00,0x00,0x00,
0x00,0x00,0x00,0x00,0x00,0x00,0x00,0x00,0x00,0x00,
0x00,0x00,0x00,0x00,0x00,0x00,0x00,0x00,0x00,0x00,
0x00,0x00,0x00,0x00,0x00,0x00,0x00,0x00,0x00,0x00,
0x00,0x00,0x00,0x00,0x00,0x00,0x00,0x00,0x00,0x00,
0x00,0x00,0x00,0x00,0x00,0x00,0x00,0x00,0x00,0x00,
0x00,0x00,0x00,0x00,0x00,0x00,0x00,0x00,0x00,0x00,
0x00,0x00,0x00,0x00,0x00,0x00,0x00,0x00,0x00,0x00,
0x00,0x00,0x00,0x00,0x00,0x00,0x00,0x00,0x00,0x00,
0x00,0x00,0x00,0x00,0x00,0x00,0x00,0x00,0x00,0x00,
0x00,0x00,0x00,0x00,0x00,0x00,0x00,0x00,0x00,0x00,
0x00,0x00,0x00,0x00,0x00,0x00,0x00,0x00,0x00,0x00,
0x00,0x00,0x00,0x00,0x00,0x00,0x00,0x00,0x00,0x00,
0x00,0x00,0x00,0x00,0x00,0x00,0x00,0x00,0x00,0x00,
0x00,0x00,0x00,0x00,0x00,0x00,0x00,0x00,0x00,0x00,
0x00,0x00,0x00,0x00,0x00,0x00,0x00,0x00,0x00,0x00,
0x00,0x00,0x00,0x00,0x00,0x00,0x00,0x00,0x00,0x00,
0x00,0x00,0x00,0x00,0x00,0x00,0x00,0x00,0x00,0x00,
0x00,0x00,0x00,0x00,0x00,0x00,0x00,0x00,0x00,0x00,
0x00,0x00,0x00,0x00,0x00,0x00,0x00,0x00,0x00,0x00,
0x00,0x00,0x00,0x00,0x00,0x00,0x00,0x00,0x00,0x00,
0x00,0x00,0x00,0x00,0x00,0x00,0x00,0x00,0x00,0x00,
0x00,0x00,0x00,0x00,0x00,0x00,0x00,0x00,0x00,0x00,
0x00,0x00,0x00,0x00,0x00,0x00,0x00,0x00,0x00,0x00,
0x00,0x00,0x00,0x00,0x00,0x00,0x00,0x00,0x00,0x00,
0x00,0x00,0x00,0x00,0x00,0x00,0x00,0x00,0x00,0x00,
0x00,0x00,0x00,0x00,0x00,0x00,0x00,0x00,0x00,0x00,
0x00,0x00,0x00,0x00,0x00,0x00,0x00,0x00,0x00,0x00,
0x00,0x00,0x00,0x00,0x00,0x00,0x00,0x00,0x00,0x00,
0x00,0x00,0x00,0x00,0x00,0x00,0x00,0x00,0x00,0x00,
0x00,0x00,0x00,0x00,0x00,0x00,0x00,0x00,0x00,0x00,
0x00,0x00,0x00,0x00,0x00,0x00,0x00,0x00,0x00,0x00,
0x00,0x00,0x00,0x00,0x00,0x00,0x00,0x00,0x00,0x00,
0x00,0x00,0x00,0x00,0x00,0x00,0x00,0x00,0x00,0x00,
0x00,0x00,0x00,0x00,0x00,0x00,0x00,0x00,0x00,0x00,
0x00,0x00,0x00,0x00,0x00,0x00,0x00,0x00,0x00,0x00,
0x00,0x00,0x00,0x00,0x00,0x00,0x00,0x00,0x00,0x00,
0x00,0x00,0x00,0x00,0x00,0x00,0x00,0x00,0x00,0x00,
0x00,0x00,0x00,0x00,0x00,0x00,0x00,0x00,0x00,0x00,
0x00,0x00,0x00,0x00,0x00,0x00,0x00,0x00,0x00,0x00,
0x00,0x00,0x00,0x00,0x00,0x00,0x00,0x00,0x00,0x00,
0x00,0x00,0x00,0x00,0x00,0x00,0x00,0x00,0x00,0x00,
0x00,0x00,0x00,0x00,0x00,0x00,0x00,0x00,0x00,0x00,
0x00,0x00,0x00,0x00,0x00,0x00,0x00,0x00,0x00,0x00,
0x00,0x00,0x00,0x00,0x00,0x00,0x00,0x00,0x00,0x00,
0x00,0x00,0x00,0x00,0x00,0x00,0x00,0x00,0x00,0x00,
0x00,0x00,0x00,0x00,0x00,0x00,0x00,0x00,0x00,0x00,
0x00,0x00,0x00,0x00,0x00,0x00,0x00,0x00,0x00,0x00,
0x00,0x00,0x00,0x00,0x00,0x00,0x00,0x00,0x00,0x00,
0x00,0x00,0x00,0x00,0x00,0x00,0x00,0x00,0x00,0x00,
0x00,0x00,0x00,0x00,0x00,0x00,0x00,0x00,0x00,0x00,
0x00,0x00,0x00,0x00,0x00,0x00,0x00,0x00,0x00,0x00,
0x00,0x00,0x00,0x00,0x00,0x00,0x00,0x00,0x00,0x00,
0x00,0x00,0x00,0x00,0x00,0x00,0x00,0x00,0x00,0x00,
0x00,0x00,0x00,0x00,0x00,0x00,0x00,0x00,0x00,0x00,
0x00,0x00,0x00,0x00,0x00,0x00,0x00,0x00,0x00,0x00,
0x00,0x00,0x00,0x00,0x00,0x00,0x00,0x00,0x00,0x00,
0x00,0x00,0x00,0x00,0x00,0x00,0x00,0x00,0x00,0x00,
0x00,0x00,0x00,0x00,0x00,0x00,0x00,0x00,0x00,0x00,
0x00,0x00,0x00,0x00,0x00,0x00,0x00,0x00,0x00,0x00,
0x00,0x00,0x00,0x00,0x00,0x00,0x00,0x00,0x00,0x00,
0x00,0x00,0x00,0x00,0x00,0x00,0x00,0x00,0x00,0x00,
0x00,0x00,0x00,0x00,0x00,0x00,0x00,0x00,0x00,0x00,
0x00,0x00,0x00,0x00,0x00,0x00,0x00,0x00,0x00,0x00,
0x00,0x00,0x00,0x00,0x00,0x00,0x00,0x00,0x00,0x00,
0x00,0x00,0x00,0x00,0x00,0x00,0x00,0x00,0x00,0x00,
0x00,0x00,0x00,0x00,0x00,0x00,0x00,0x00,0x00,0x00,
0x00,0x00,0x00,0x00,0x00,0x00,0x00,0x00,0x00,0x00,
0x00,0x00,0x00,0x00,0x00,0x00,0x00,0x00,0x00,0x00,
0x00,0x00,0x00,0x00,0x00,0x00,0x00,0x00,0x00,0x00,
0x00,0x00,0x00,0x00,0x00,0x00,0x00,0x00,0x00,0x00,
0x00,0x00,0x00,0x00,0x00,0x00,0x00,0x00,0x00,0x00,
0x00,0x00,0x00,0x00,0x00,0x00,0x00,0x00,0x00,0x00,
0x00,0x00,0x00,0x00,0x00,0x00,0x00,0x00,0x00,0x00,
0x00,0x00,0x00,0x00,0x00,0x00,0x00,0x00,0x00,0x00,
0x00,0x00,0x00,0x00,0x00,0x00,0x00,0x00,0x00,0x00,
0x00,0x00,0x00,0x00,0x00,0x00,0x00,0x00,0x00,0x00,
0x00,0x00,0x00,0x00,0x00,0x00,0x00,0x00,0x00,0x00,
0x00,0x00,0x00,0x00,0x00,0x00,0x00,0x00,0x00,0x00,
0x00,0x00,0x00,0x00,0x00,0x00,0x00,0x00,0x00,0x00,
0x00,0x00,0x00,0x00,0x00,0x00,0x00,0x00,0x00,0x00,
0x00,0x00,0x00,0x00,0x00,0x00,0x00,0x00,0x00,0x00,
0x00,0x00,0x00,0x00,0x00,0x00,0x00,0x00,0x00,0x00,
0x00,0x00,0x00,0x00,0x00,0x00,0x00,0x00,0x00,0x00,
0x00,0x00,0x00,0x00,0x00,0x00,0x00,0x00,0x00,0x00,
0x00,0x00,0x00,0x00,0x00,0x00,0x00,0x00,0x00,0x00,
0x00,0x00,0x00,0x00,0x00,0x00,0x00,0x00,0x00,0x00,
0x00,0x00,0x00,0x00,0x00,0x00,0x00,0x00,0x00,0x00,
0x00,0x00,0x00,0x00,0x00,0x00,0x00,0x00,0x00,0x00,
0x00,0x00,0x00,0x00,0x00,0x00,0x00,0x00,0x00,0x00,
0x00,0x00,0x00,0x00,0x00,0x00,0x00,0x00,0x00,0x00,
0x00,0x00,0x00,0x00,0x00,0x00,0x00,0x00,0x00,0x00,
0x00,0x00,0x00,0x00,0x00,0x00,0x00,0x00,0x00,0x00,
0x00,0x00,0x00,0x00,0x00,0x00,0x00,0x00,0x00,0x00,
0x00,0x00,0x00,0x00,0x00,0x00,0x00,0x00,0x00,0x00,
0x00,0x00,0x00,0x00,0x00,0x00,0x00,0x00,0x00,0x00,
0x00,0x00,0x00,0x00,0x00,0x00,0x00,0x00,0x00,0x00,
0x00,0x00,0x00,0x00,0x00,0x00,0x00,0x00,0x00,0x00,
0x00,0x00,0x00,0x00,0x00,0x00,0x00,0x00,0x00,0x00,
0x00,0x00,0x00,0x00,0x00,0x00,0x00,0x00,0x00,0x00,
0x00,0x00,0x00,0x00,0x00,0x00,0x00,0x00,0x00,0x00,
0x00,0x00,0x00,0x00,0x00,0x00,0x00,0x00,0x00,0x00,
0x00,0x00,0x00,0x00,0x00,0x00,0x00,0x00,0x00,0x00,
0x00,0x00,0x00,0x00,0x00,0x00,0x00,0x00,0x00,0x00,
0x00,0x00,0x00,0x00,0x00,0x00,0x00,0x00,0x00,0x00,
0x00,0x00,0x00,0x00,0x00,0x00,0x00,0x00,0x00,0x00,
0x00,0x00,0x00,0x00,0x00,0x00,0x00,0x00,0x00,0x00,
0x00,0x00,0x00,0x00,0x00,0x00,0x00,0x00,0x00,0x00,
0x00,0x00,0x00,0x00,0x00,0x00,0x00,0x00,0x00,0x00,
0x00,0x00,0x00,0x00,0x00,0x00,0x00,0x00,0x00,0x00,
0x00,0x00,0x00,0x00,0x00,0x00,0x00,0x00,0x00,0x00,
0x00,0x00,0x00,0x00,0x00,0x00,0x00,0x00,0x00,0x00,
0x00,0x00,0x00,0x00,0x00,0x00,0x00,0x00,0x00,0x00,
0x00,0x00,0x00,0x00,0x00,0x00,0x00,0x00,0x00,0x00,
0x00,0x00,0x00,0x00,0x00,0x00,0x00,0x00,0x00,0x00,
0x00,0x00,0x00,0x00,0x00,0x00,0x00,0x00,0x00,0x00,
0x00,0x00,0x00,0x00,0x00,0x00,0x00,0x00,0x00,0x00,
0x00,0x00,0x00,0x00,0x00,0x00,0x00,0x00,0x00,0x00,
0x00,0x00,0x00,0x00,0x00,0x00,0x00,0x00,0x00,0x00,
0x00,0x00,0x00,0x00,0x00,0x00,0x00,0x00,0x00,0x00,
0x00,0x00,0x00,0x00,0x00,0x00,0x00,0x00,0x00,0x00,
0x00,0x00,0x00,0x00,0x00,0x00,0x00,0x00,0x00,0x00,
0x00,0x00,0x00,0x00,0x00,0x00,0x00,0x00,0x00,0x00,
0x00,0x00,0x00,0x00,0x00,0x00,0x00,0x00,0x00,0x00,
0x00,0x00,0x00,0x00,0x00,0x00,0x00,0x00,0x00,0x00,
0x00,0x00,0x00,0x00,0x00,0x00,0x00,0x00,0x00,0x00,
0x00,0x00,0x00,0x00,0x00,0x00,0x00,0x00,0x00,0x00,
0x00,0x00,0x00,0x00,0x00,0x00,0x00,0x00,0x00,0x00,
0x00,0x00,0x00,0x00,0x00,0x00,0x00,0x00,0x00,0x00,
0x00,0x00,0x00,0x00,0x00,0x00,0x00,0x00,0x00,0x00,
0x00,0x00,0x00,0x00,0x00,0x00,0x00,0x00,0x00,0x00,
0x00,0x00,0x00,0x00,0x00,0x00,0x00,0x00,0x00,0x00,
0x00,0x00,0x00,0x00,0x00,0x00,0x00,0x00,0x00,0x00,
0x00,0x00,0x00,0x00,0x00,0x00,0x00,0x00,0x00,0x00,
0x00,0x00,0x00,0x00,0x00,0x00,0x00,0x00,0x00,0x00,
0x00,0x00,0x00,0x00,0x00,0x00,0x00,0x00,0x00,0x00,
0x00,0x00,0x00,0x00,0x00,0x00,0x00,0x00,0x00,0x00,
0x00,0x00,0x00,0x00,0x00,0x00,0x00,0x00,0x00,0x00,
0x00,0x00,0x00,0x00,0x00,0x00,0x00,0x00,0x00,0x00,
0x00,0x00,0x00,0x00,0x00,0x00,0x00,0x00,0x00,0x00,
0x00,0x00,0x00,0x00,0x00,0x00,0x00,0x00,0x00,0x00,
0x00,0x00,0x00,0x00,0x00,0x00,0x00,0x00,0x00,0x00,
0x00,0x00,0x00,0x00,0x00,0x00,0x00,0x00,0x00,0x00,
0x00,0x00,0x00,0x00,0x00,0x00,0x00,0x00,0x00,0x00,
0x00,0x00,0x00,0x00,0x00,0x00,0x00,0x00,0x00,0x00,
0x00,0x00,0x00,0x00,0x00,0x00,0x00,0x00,0x00,0x00,
0x00,0x00,0x00,0x00,0x00,0x00,0x00,0x00,0x00,0x00,
0x00,0x00,0x00,0x00,0x00,0x00,0x00,0x00,0x00,0x00,
0x00,0x00,0x00,0x00,0x00,0x00,0x00,0x00,0x00,0x00,
0x00,0x00,0x00,0x00,0x00,0x00,0x00,0x00,0x00,0x00,
0x00,0x00,0x00,0x00,0x00,0x00,0x00,0x00,0x00,0x00,
0x00,0x00,0x00,0x00,0x00,0x00,0x00,0x00,0x00,0x00,
0x00,0x00,0x00,0x00,0x00,0x00,0x00,0x00,0x00,0x00,
0x00,0x00,0x00,0x00,0x00,0x00,0x00,0x00,0x00,0x00,
0x00,0x00,0x00,0x00,0x00,0x00,0x00,0x00,0x00,0x00,
0x00,0x00,0x00,0x00,0x00,0x00,0x00,0x00,0x00,0x00,
0x00,0x00,0x00,0x00,0x00,0x00,0x00,0x00,0x00,0x00,
0x00,0x00,0x00,0x00,0x00,0x00,0x00,0x00,0x00,0x00,
0x00,0x00,0x00,0x00,0x00,0x00,0x00,0x00,0x00,0x00,
0x00,0x00,0x00,0x00,0x00,0x00,0x00,0x00,0x00,0x00,
0x00,0x00,0x00,0x00,0x00,0x00,0x00,0x00,0x00,0x00,
0x00,0x00,0x00,0x00,0x00,0x00,0x00,0x00,0x00,0x00,
0x00,0x00,0x00,0x00,0x00,0x00,0x00,0x00,0x00,0x00,
0x00,0x00,0x00,0x00,0x00,0x00,0x00,0x00,0x00,0x00,
0x00,0x00,0x00,0x00,0x00,0x00,0x00,0x00,0x00,0x00,
0x00,0x00,0x00,0x00,0x00,0x00,0x00,0x00,0x00,0x00,
0x00,0x00,0x00,0x00,0x00,0x00,0x00,0x00,0x00,0x00,
0x00,0x00,0x00,0x00,0x00,0x00,0x00,0x00,0x00,0x00,
0x00,0x00,0x00,0x00,0x00,0x00,0x00,0x00,0x00,0x00,
0x00,0x00,0x00,0x00,0x00,0x00,0x00,0x00,0x00,0x00,
0x00,0x00,0x00,0x00,0x00,0x00,0x00,0x00,0x00,0x00,
0x00,0x00,0x00,0x00,0x00,0x00,0x00,0x00,0x00,0x00,
0x00,0x00,0x00,0x00,0x00,0x00,0x00,0x00,0x00,0x00,
0x00,0x00,0x00,0x00,0x00,0x00,0x00,0x00,0x00,0x00,
0x00,0x00,0x00,0x00,0x00,0x00,0x00,0x00,0x00,0x00,
0x00,0x00,0x00,0x00,0x00,0x00,0x00,0x00,0x00,0x00,
0x00,0x00,0x00,0x00,0x00,0x00,0x00,0x00,0x00,0x00,
0x00,0x00,0x00,0x00,0x00,0x00,0x00,0x00,0x00,0x00,
0x00,0x00,0x00,0x00,0x00,0x00,0x00,0x00,0x00,0x00,
0x00,0x00,0x00,0x00,0x00,0x00,0x00,0x00,0x00,0x00,
0x00,0x00,0x00,0x00,0x00,0x00,0x00,0x00,0x00,0x00,
0x00,0x00,0x00,0x00,0x00,0x00,0x00,0x00,0x00,0x00,
0x00,0x00,0x00,0x00,0x00,0x00,0x00,0x00,0x00,0x00,
0x00,0x00,0x00,0x00,0x00,0x00,0x00,0x00,0x00,0x00,
0x00,0x00,0x00,0x00,0x00,0x00,0x00,0x00,0x00,0x00,
0x00,0x00,0x00,0x00,0x00,0x00,0x00,0x00,0x00,0x00,
0x00,0x00,0x00,0x00,0x00,0x00,0x00,0x00,0x00,0x00,
0x00,0x00,0x00,0x00,0x00,0x00,0x00,0x00,0x00,0x00,
0x00,0x00,0x00,0x00,0x00,0x00,0x00,0x00,0x00,0x00,
0x00,0x00,0x00,0x00,0x00,0x00,0x00,0x00,0x00,0x00,
0x00,0x00,0x00,0x00,0x00,0x00,0x00,0x00,0x00,0x00,
0x00,0x00,0x00,0x00,0x00,0x00,0x00,0x00,0x00,0x00,
0x00,0x00,0x00,0x00,0x00,0x00,0x00,0x00,0x00,0x00,
0x00,0x00,0x00,0x00,0x00,0x00,0x00,0x00,0x00,0x00,
0x00,0x00,0x00,0x00,0x00,0x00,0x00,0x00,0x00,0x00,
0x00,0x00,0x00,0x00,0x00,0x00,0x00,0x00,0x00,0x00,
0x00,0x00,0x00,0x00,0x00,0x00,0x00,0x00,0x00,0x00,
0x00,0x00,0x00,0x00,0x00,0x00,0x00,0x00,0x00,0x00,
0x00,0x00,0x00,0x00,0x00,0x00,0x00,0x00,0x00,0x00,
0x00,0x00,0x00,0x00,0x00,0x00,0x00,0x00,0x00,0x00,
0x00,0x00,0x00,0x00,0x00,0x00,0x00,0x00,0x00,0x00,
0x00,0x00,0x00,0x00,0x00,0x00,0x00,0x00,0x00,0x00,
0x00,0x00,0x00,0x00,0x00,0x00,0x00,0x00,0x00,0x00,
0x00,0x00,0x00,0x00,0x00,0x00,0x00,0x00,0x00,0x00,
0x00,0x00,0x00,0x00,0x00,0x00,0x00,0x00,0x00,0x00,
0x00,0x00,0x00,0x00,0x00,0x00,0x00,0x00,0x00,0x00,
0x00,0x00,0x00,0x00,0x00,0x00,0x00,0x00,0x00,0x00,
0x00,0x00,0x00,0x00,0x00,0x00,0x00,0x00,0x00,0x00,
0x00,0x00,0x00,0x00,0x00,0x00,0x00,0x00,0x00,0x00,
0x00,0x00,0x00,0x00,0x00,0x00,0x00,0x00,0x00,0x00,
0x00,0x00,0x00,0x00,0x00,0x00,0x00,0x00,0x00,0x00,
0x00,0x00,0x00,0x00,0x00,0x00,0x00,0x00,0x00,0x00,
0x00,0x00,0x00,0x00,0x00,0x00,0x00,0x00,0x00,0x00,
0x00,0x00,0x00,0x00,0x00,0x00,0x00,0x00,0x00,0x00,
0x00,0x00,0x00,0x00,0x00,0x00,0x00,0x00,0x00,0x00,
0x00,0x00,0x00,0x00,0x00,0x00,0x00,0x00,0x00,0x00,
0x00,0x00,0x00,0x00,0x00,0x00,0x00,0x00,0x00,0x00,
0x00,0x00,0x00,0x00,0x00,0x00,0x00,0x00,0x00,0x00,
0x00,0x00,0x00,0x00,0x00,0x00,0x00,0x00,0x00,0x00,
0x00,0x00,0x00,0x00,0x00,0x00,0x00,0x00,0x00,0x00,
0x00,0x00,0x00,0x00,0x00,0x00,0x00,0x00,0x00,0x00,
0x00,0x00,0x00,0x00,0x00,0x00,0x00,0x00,0x00,0x00,
0x00,0x00,0x00,0x00,0x00,0x00,0x00,0x00,0x00,0x00,
0x00,0x00,0x00,0x00,0x00,0x00,0x00,0x00,0x00,0x00,
0x00,0x00,0x00,0x00,0x00,0x00,0x00,0x00,0x00,0x00,
0x00,0x00,0x00,0x00,0x00,0x00,0x00,0x00,0x00,0x00,
0x00,0x00,0x00,0x00,0x00,0x00,0x00,0x00,0x00,0x00,
0x00,0x00,0x00,0x00,0x00,0x00,0x00,0x00,0x00,0x00,
0x00,0x00,0x00,0x00,0x00,0x00,0x00,0x00,0x00,0x00,
0x00,0x00,0x00,0x00,0x00,0x00,0x00,0x00,0x00,0x00,
0x00,0x00,0x00,0x00,0x00,0x00,0x00,0x00,0x00,0x00,
0x00,0x00,0x00,0x00,0x00,0x00,0x00,0x00,0x00,0x00,
0x00,0x00,0x00,0x00,0x00,0x00,0x00,0x00,0x00,0x00,
0x00,0x00,0x00,0x00,0x00,0x00,0x00,0x00,0x00,0x00,
0x00,0x00,0x00,0x00,0x00,0x00,0x00,0x00,0x00,0x00,
0x00,0x00,0x00,0x00,0x00,0x00,0x00,0x00,0x00,0x00,
0x00,0x00,0x00,0x00,0x00,0x00,0x00,0x00,0x00,0x00,
0x00,0x00,0x00,0x00,0x00,0x00,0x00,0x00,0x00,0x00,
0x00,0x00,0x00,0x00,0x00,0x00,0x00,0x00,0x00,0x00,
0x00,0x00,0x00,0x00,0x00,0x00,0x00,0x00,0x00,0x00,
0x00,0x00,0x00,0x00,0x00,0x00,0x00,0x00,0x00,0x00,
0x00,0x00,0x00,0x00,0x00,0x00,0x00,0x00,0x00,0x00,
0x00,0x00,0x00,0x00,0x00,0x00,0x00,0x00,0x00,0x00,
0x00,0x00,0x00,0x00,0x00,0x00,0x00,0x00,0x00,0x00,
0x00,0x00,0x00,0x00,0x00,0x00,0x00,0x00,0x00,0x00,
0x00,0x00,0x00,0x00,0x00,0x00,0x00,0x00,0x00,0x00,
0x00,0x00,0x00,0x00,0x00,0x00,0x00,0x00,0x00,0x00,
0x00,0x00,0x00,0x00,0x00,0x00,0x00,0x00,0x00,0x00,
0x00,0x00,0x00,0x00,0x00,0x00,0x00,0x00,0x00,0x00,
0x00,0x00,0x00,0x00,0x00,0x00,0x00,0x00,0x00,0x00,
0x00,0x00,0x00,0x00,0x00,0x00,0x00,0x00,0x00,0x00,
0x00,0x00,0x00,0x00,0x00,0x00,0x00,0x00,0x00,0x00,
0x00,0x00,0x00,0x00,0x00,0x00,0x00,0x00,0x00,0x00,
0x00,0x00,0x00,0x00,0x00,0x00,0x00,0x00,0x00,0x00,
0x00,0x00,0x00,0x00,0x00,0x00,0x00,0x00,0x00,0x00,
0x00,0x00,0x00,0x00,0x00,0x00,0x00,0x00,0x00,0x00,
0x00,0x00,0x00,0x00,0x00,0x00,0x00,0x00,0x00,0x00,
0x00,0x00,0x00,0x00,0x00,0x00,0x00,0x00,0x00,0x00,
0x00,0x00,0x00,0x00,0x00,0x00,0x00,0x00,0x00,0x00,
0x00,0x00,0x00,0x00,0x00,0x00,0x00,0x00,0x00,0x00,
0x00,0x00,0x00,0x00,0x00,0x00,0x00,0x00,0x00,0x00,
0x00,0x00,0x00,0x00,0x00,0x00,0x00,0x00,0x00,0x00,
0x00,0x00,0x00,0x00,0x00,0x00,0x00,0x00,0x00,0x00,
0x00,0x00,0x00,0x00,0x00,0x00,0x00,0x00,0x00,0x00,
0x00,0x00,0x00,0x00,0x00,0x00,0x00,0x00,0x00,0x00,
0x00,0x00,0x00,0x00,0x00,0x00,0x00,0x00,0x00,0x00,
0x00,0x00,0x00,0x00,0x00,0x00,0x00,0x00,0x00,0x00,
0x00,0x00,0x00,0x00,0x00,0x00,0x00,0x00,0x00,0x00,
0x00,0x00,0x00,0x00,0x00,0x00,0x00,0x00,0x00,0x00,
0x00,0x00,0x00,0x00,0x00,0x00,0x00,0x00,0x00,0x00,
0x00,0x00,0x00,0x00,0x00,0x00,0x00,0x00,0x00,0x00,
0x00,0x00,0x00,0x00,0x00,0x00,0x00,0x00,0x00,0x00,
0x00,0x00,0x00,0x00,0x00,0x00,0x00,0x00,0x00,0x00,
0x00,0x00,0x00,0x00,0x00,0x00,0x00,0x00,0x00,0x00,
0x00,0x00,0x00,0x00,0x00,0x00,0x00,0x00,0x00,0x00,
0x00,0x00,0x00,0x00,0x00,0x00,0x00,0x00,0x00,0x00,
0x00,0x00,0x00,0x00,0x00,0x00,0x00,0x00,0x00,0x00,
0x00,0x00,0x00,0x00,0x00,0x00,0x00,0x00,0x00,0x00,
0x00,0x00,0x00,0x00,0x00,0x00,0x00,0x00,0x00,0x00,
0x00,0x00,0x00,0x00,0x00,0x00,0x00,0x00,0x00,0x00,
0x00,0x00,0x00,0x00,0x00,0x00,0x00,0x00,0x00,0x00,
0x00,0x00,0x00,0x00,0x00,0x00,0x00,0x00,0x00,0x00,
0x00,0x00,0x00,0x00,0x00,0x00,0x00,0x00,0x00,0x00,
0x00,0x00,0x00,0x00,0x00,0x00,0x00,0x00,0x00,0x00,
0x00,0x00,0x00,0x00,0x00,0x00,0x00,0x00,0x00,0x00,
0x00,0x00,0x00,0x00,0x00,0x00,0x00,0x00,0x00,0x00,
0x00,0x00,0x00,0x00,0x00,0x00,0x00,0x00,0x00,0x00,
0x00,0x00,0x00,0x00,0x00,0x00,0x00,0x00,0x00,0x00,
0x00,0x00,0x00,0x00,0x00,0x00,0x00,0x00,0x00,0x00,
0x00,0x00,0x00,0x00,0x00,0x00,0x00,0x00,0x00,0x00,
0x00,0x00,0x00,0x00,0x00,0x00,0x00,0x00,0x00,0x00,
0x00,0x00,0x00,0x00,0x00,0x00,0x00,0x00,0x00,0x00,
0x00,0x00,0x00,0x00,0x00,0x00,0x00,0x00,0x00,0x00,
0x00,0x00,0x00,0x00,0x00,0x00,0x00,0x00,0x00,0x00,
0x00,0x00,0x00,0x00,0x00,0x00,0x00,0x00,0x00,0x00,
0x00,0x00,0x00,0x00,0x00,0x00,0x00,0x00,0x00,0x00,
0x00,0x00,0x00,0x00,0x00,0x00,0x00,0x00,0x00,0x00,
0x00,0x00,0x00,0x00,0x00,0x00,0x00,0x00,0x00,0x00,
0x00,0x00,0x00,0x00,0x00,0x00,0x00,0x00,0x00,0x00,
0x00,0x00,0x00,0x00,0x00,0x00,0x00,0x00,0x00,0x00,
0x00,0x00,0x00,0x00,0x00,0x00,0x00,0x00,0x00,0x00,
0x00,0x00,0x00,0x00,0x00,0x00,0x00,0x00,0x00,0x00,
0x00,0x00,0x00,0x00,0x00,0x00,0x00,0x00,0x00,0x00,
0x00,0x00,0x00,0x00,0x00,0x00,0x00,0x00,0x00,0x00,
0x00,0x00,0x00,0x00,0x00,0x00,0x00,0x00,0x00,0x00,
0x00,0x00,0x00,0x00,0x00,0x00,0x00,0x00,0x00,0x00,
0x00,0x00,0x00,0x00,0x00,0x00,0x00,0x00,0x00,0x00,
0x00,0x00,0x00,0x00,0x00,0x00,0x00,0x00,0x00,0x00,
0x00,0x00,0x00,0x00,0x00,0x00,0x00,0x00,0x00,0x00,
0x00,0x00,0x00,0x00,0x00,0x00,0x00,0x00,0x00,0x00,
0x00,0x00,0x00,0x00,0x00,0x00,0x00,0x00,0x00,0x00,
0x00,0x00,0x00,0x00,0x00,0x00,0x00,0x00,0x00,0x00,
0x00,0x00,0x00,0x00,0x00,0x00,0x00,0x00,0x00,0x00,
0x00,0x00,0x00,0x00,0x00,0x00,0x00,0x00,0x00,0x00,
0x00,0x00,0x00,0x00,0x00,0x00,0x00,0x00,0x00,0x00,
0x00,0x00,0x00,0x00,0x00,0x00,0x00,0x00,0x00,0x00,
0x00,0x00,0x00,0x00,0x00,0x00,0x00,0x00,0x00,0x00,
0x00,0x00,0x00,0x00,0x00,0x00,0x00,0x00,0x00,0x00,
0x00,0x00,0x00,0x00,0x00,0x00,0x00,0x00,0x00,0x00,
0x00,0x00,0x00,0x00,0x00,0x00,0x00,0x00,0x00,0x00,
0x00,0x00,0x00,0x00,0x00,0x00,0x00,0x00,0x00,0x00,
0x00,0x00,0x00,0x00,0x00,0x00,0x00,0x00,0x00,0x00,
0x00,0x00,0x00,0x00,0x00,0x00,0x00,0x00,0x00,0x00,
0x00,0x00,0x00,0x00,0x00,0x00,0x00,0x00,0x00,0x00,
0x00,0x00,0x00,0x00,0x00,0x00,0x00,0x00,0x00,0x00,
0x00,0x00,0x00,0x00,0x00,0x00,0x00,0x00,0x00,0x00,
0x00,0x00,0x00,0x00,0x00,0x00,0x00,0x00,0x00,0x00,
0x00,0x00,0x00,0x00,0x00,0x00,0x00,0x00,0x00,0x00,
0x00,0x00,0x00,0x00,0x00,0x00,0x00,0x00,0x00,0x00,
0x00,0x00,0x00,0x00,0x00,0x00,0x00,0x00,0x00,0x00,
0x00,0x00,0x00,0x00,0x00,0x00,0x00,0x00,0x00,0x00,
0x00,0x00,0x00,0x00,0x00,0x00,0x00,0x00,0x00,0x00,
0x00,0x00,0x00,0x00,0x00,0x00,0x00,0x00,0x00,0x00,
0x00,0x00,0x00,0x00,0x00,0x00,0x00,0x00,0x00,0x00,
0x00,0x00,0x00,0x00,0x00,0x00,0x00,0x00,0x00,0x00,
0x00,0x00,0x00,0x00,0x00,0x00,0x00,0x00,0x00,0x00,
0x00,0x00,0x00,0x00,0x00,0x00,0x00,0x00,0x00,0x00,
0x00,0x00,0x00,0x00,0x00,0x00,0x00,0x00,0x00,0x00,
0x00,0x00,0x00,0x00,0x00,0x00,0x00,0x00,0x00,0x00,
0x00,0x00,0x00,0x00,0x00,0x00,0x00,0x00,0x00,0x00,
0x00,0x00,0x00,0x00,0x00,0x00,0x00,0x00,0x00,0x00,
0x00,0x00,0x00,0x00,0x00,0x00,0x00,0x00,0x00,0x00,
0x00,0x00,0x00,0x00,0x00,0x00,0x00,0x00,0x00,0x00,
0x00,0x00,0x00,0x00,0x00,0x00,0x00,0x00,0x00,0x00,
0x00,0x00,0x00,0x00,0x00,0x00,0x00,0x00,0x00,0x00,
0x00,0x00,0x00,0x00,0x00,0x00,0x00,0x00,0x00,0x00,
0x00,0x00,0x00,0x00,0x00,0x00,0x00,0x00,0x00,0x00,
0x00,0x00,0x00,0x00,0x00,0x00,0x00,0x00,0x00,0x00,
0x00,0x00,0x00,0x00,0x00,0x00,0x00,0x00,0x00,0x00,
0x00,0x00,0x00,0x00,0x00,0x00,0x00,0x00,0x00,0x00,
0x00,0x00,0x00,0x00,0x00,0x00,0x00,0x00,0x00,0x00,
0x00,0x00,0x00,0x00,0x00,0x00,0x00,0x00,0x00,0x00,
0x00,0x00,0x00,0x00,0x00,0x00,0x00,0x00,0x00,0x00,
0x00,0x00,0x00,0x00,0x00,0x00,0x00,0x00,0x00,0x00,
0x00,0x00,0x00,0x00,0x00,0x00,0x00,0x00,0x00,0x00,
0x00,0x00,0x00,0x00,0x00,0x00,0x00,0x00,0x00,0x00,
0x00,0x00,0x00,0x00,0x00,0x00,0x00,0x00,0x00,0x00,
0x00,0x00,0x00,0x00,0x00,0x00,0x00,0x00,0x00,0x00,
0x00,0x00,0x00,0x00,0x00,0x00,0x00,0x00,0x00,0x00,
0x00,0x00,0x00,0x00,0x00,0x00,0x00,0x00,0x00,0x00,
0x00,0x00,0x00,0x00,0x00,0x00,0x00,0x00,0x00,0x00,
0x00,0x00,0x00,0x00,0x00,0x00,0x00,0x00,0x00,0x00,
0x00,0x00,0x00,0x00,0x00,0x00,0x00,0x00,0x00,0x00,
0x00,0x00,0x00,0x00,0x00,0x00,0x00,0x00,0x00,0x00,
0x00,0x00,0x00,0x00,0x00,0x00,0x00,0x00,0x00,0x00,
0x00,0x00,0x00,0x00,0x00,0x00,0x00,0x00,0x00,0x00,
0x00,0x00,0x00,0x00,0x00,0x00,0x00,0x00,0x00,0x00,
0x00,0x00,0x00,0x00,0x00,0x00,0x00,0x00,0x00,0x00,
0x00,0x00,0x00,0x00,0x00,0x00,0x00,0x00,0x00,0x00,
0x00,0x00,0x00,0x00,0x00,0x00,0x00,0x00,0x00,0x00,
0x00,0x00,0x00,0x00,0x00,0x00,0x00,0x00,0x00,0x00,
0x00,0x00,0x00,0x00,0x00,0x00,0x00,0x00,0x00,0x00,
0x00,0x00,0x00,0x00,0x00,0x00,0x00,0x00,0x00,0x00,
0x00,0x00,0x00,0x00,0x00,0x00,0x00,0x00,0x00,0x00,
0x00,0x00,0x00,0x00,0x00,0x00,0x00,0x00,0x00,0x00,
0x00,0x00,0x00,0x00,0x00,0x00,0x00,0x00,0x00,0x00,
0x00,0x00,0x00,0x00,0x00,0x00,0x00,0x00,0x00,0x00,
0x00,0x00,0x00,0x00,0x00,0x00,0x00,0x00,0x00,0x00,
0x00,0x00,0x00,0x00,0x00,0x00,0x00,0x00,0x00,0x00,
0x00,0x00,0x00,0x00,0x00,0x00,0x00,0x00,0x00,0x00,
0x00,0x00,0x00,0x00,0x00,0x00,0x00,0x00,0x00,0x00,
0x00,0x00,0x00,0x00,0x00,0x00,0x00,0x00,0x00,0x00,
0x00,0x00,0x00,0x00,0x00,0x00,0x00,0x00,0x00,0x00,
0x00,0x00,0x00,0x00,0x00,0x00,0x00,0x00,0x00,0x00,
0x00,0x00,0x00,0x00,0x00,0x00,0x00,0x00,0x00,0x00,
0x00,0x00,0x00,0x00,0x00,0x00,0x00,0x00,0x00,0x00,
0x00,0x00,0x00,0x00,0x00,0x00,0x00,0x00,0x00,0x00,
0x00,0x00,0x00,0x00,0x00,0x00,0x00,0x00,0x00,0x00,
0x00,0x00,0x00,0x00,0x00,0x00,0x00,0x00,0x00,0x00,
0x00,0x00,0x00,0x00,0x00,0x00,0x00,0x00,0x00,0x00,
0x00,0x00,0x00,0x00,0x00,0x00,0x00,0x00,0x00,0x00,
0x00,0x00,0x00,0x00,0x00,0x00,0x00,0x00,0x00,0x00,
0x00,0x00,0x00,0x00,0x00,0x00,0x00,0x00,0x00,0x00,
0x00,0x00,0x00,0x00,0x00,0x00,0x00,0x00,0x00,0x00,
0x00,0x00,0x00,0x00,0x00,0x00,0x00,0x00,0x00,0x00,
0x00,0x00,0x00,0x00,0x00,0x00,0x00,0x00,0x00,0x00,
0x00,0x00,0x00,0x00,0x00,0x00,0x00,0x00,0x00,0x00,
0x00,0x00,0x00,0x00,0x00,0x00,0x00,0x00,0x00,0x00,
0x00,0x00,0x00,0x00,0x00,0x00,0x00,0x00,0x00,0x00,
0x00,0x00,0x00,0x00,0x00,0x00,0x00,0x00,0x00,0x00,
0x00,0x00,0x00,0x00,0x00,0x00,0x00,0x00,0x00,0x00,
0x00,0x00,0x00,0x00,0x00,0x00,0x00,0x00,0x00,0x00,
0x00,0x00,0x00,0x00,0x00,0x00,0x00,0x00,0x00,0x00,
0x00,0x00,0x00,0x00,0x00,0x00,0x00,0x00,0x00,0x00,
0x00,0x00,0x00,0x00,0x00,0x00,0x00,0x00,0x00,0x00,
0x00,0x00,0x00,0x00,0x00,0x00,0x00,0x00,0x00,0x00,
0x00,0x00,0x00,0x00,0x00,0x00,0x00,0x00,0x00,0x00,
0x00,0x00,0x00,0x00,0x00,0x00,0x00,0x00,0x00,0x00,
0x00,0x00,0x00,0x00,0x00,0x00,0x00,0x00,0x00,0x00,
0x00,0x00,0x00,0x00,0x00,0x00,0x00,0x00,0x00,0x00,
0x00,0x00,0x00,0x00,0x00,0x00,0x00,0x00,0x00,0x00,
0x00,0x00,0x00,0x00,0x00,0x00,0x00,0x00,0x00,0x00,
0x00,0x00,0x00,0x00,0x00,0x00,0x00,0x00,0x00,0x00,
0x00,0x00,0x00,0x00,0x00,0x00,0x00,0x00,0x00,0x00,
0x00,0x00,0x00,0x00,0x00,0x00,0x00,0x00,0x00,0x00,
0x00,0x00,0x00,0x00,0x00,0x00,0x00,0x00,0x00,0x00,
0x00,0x00,0x00,0x00,0x00,0x00,0x00,0x00,0x00,0x00,
0x00,0x00,0x00,0x00,0x00,0x00,0x00,0x00,0x00,0x00,
0x00,0x00,0x00,0x00,0x00,0x00,0x00,0x00,0x00,0x00,
0x00,0x00,0x00,0x00,0x00,0x00,0x00,0x00,0x00,0x00,
0x00,0x00,0x00,0x00,0x00,0x00,0x00,0x00,0x00,0x00,
0x00,0x00,0x00,0x00,0x00,0x00,0x00,0x00,0x00,0x00,
0x00,0x00,0x00,0x00,0x00,0x00,0x00,0x00,0x00,0x00,
0x00,0x00,0x00,0x00,0x00,0x00,0x00,0x00,0x00,0x00,
0x00,0x00,0x00,0x00,0x00,0x00,0x00,0x00,0x00,0x00,
0x00,0x00,0x00,0x00,0x00,0x00,0x00,0x00,0x00,0x00,
0x00,0x00,0x00,0x00,0x00,0x00,0x00,0x00,0x00,0x00,
0x00,0x00,0x00,0x00,0x00,0x00,0x00,0x00,0x00,0x00,
0x00,0x00,0x00,0x00,0x00,0x00,0x00,0x00,0x00,0x00,
0x00,0x00,0x00,0x00,0x00,0x00,0x00,0x00,0x00,0x00,
0x00,0x00,0x00,0x00,0x00,0x00,0x00,0x00,0x00,0x00,
0x00,0x00,0x00,0x00,0x00,0x00,0x00,0x00,0x00,0x00,
0x00,0x00,0x00,0x00,0x00,0x00,0x00,0x00,0x00,0x00,
0x00,0x00,0x00,0x00,0x00,0x00,0x00,0x00,0x00,0x00,
0x00,0x00,0x00,0x00,0x00,0x00,0x00,0x00,0x00,0x00,
0x00,0x00,0x00,0x00,0x00,0x00,0x00,0x00,0x00,0x00,
0x00,0x00,0x00,0x00,0x00,0x00,0x00,0x00,0x00,0x00,
0x00,0x00,0x00,0x00,0x00,0x00,0x00,0x00,0x00,0x00,
0x00,0x00,0x00,0x00,0x00,0x00,0x00,0x00,0x00,0x00,
0x00,0x00,0x00,0x00,0x00,0x00,0x00,0x00,0x00,0x00,
0x00,0x00,0x00,0x00,0x00,0x00,0x00,0x00,0x00,0x00,
0x00,0x00,0x00,0x00,0x00,0x00,0x00,0x00,0x00,0x00,
0x00,0x00,0x00,0x00,0x00,0x00,0x00,0x00,0x00,0x00,
0x00,0x00,0x00,0x00,0x00,0x00,0x00,0x00,0x00,0x00,
0x00,0x00,0x00,0x00,0x00,0x00,0x00,0x00,0x00,0x00,
0x00,0x00,0x00,0x00,0x00,0x00,0x00,0x00,0x00,0x00,
0x00,0x00,0x00,0x00,0x00,0x00,0x00,0x00,0x00,0x00,
0x00,0x00,0x00,0x00,0x00,0x00,0x00,0x00,0x00,0x00,
0x00,0x00,0x00,0x00,0x00,0x00,0x00,0x00,0x00,0x00,
0x00,0x00,0x00,0x00,0x00,0x00,0x00,0x00,0x00,0x00,
0x00,0x00,0x00,0x00,0x00,0x00,0x00,0x00,0x00,0x00,
0x00,0x00,0x00,0x00,0x00,0x00,0x00,0x00,0x00,0x00,
0x00,0x00,0x00,0x00,0x00,0x00,0x00,0x00,0x00,0x00,
0x00,0x00,0x00,0x00,0x00,0x00,0x00,0x00,0x00,0x00,
0x00,0x00,0x00,0x00,0x00,0x00,0x00,0x00,0x00,0x00,
0x00,0x00,0x00,0x00,0x00,0x00,0x00,0x00,0x00,0x00,
0x00,0x00,0x00,0x00,0x00,0x00,0x00,0x00,0x00,0x00,
0x00,0x00,0x00,0x00,0x00,0x00,0x00,0x00,0x00,0x00,
0x00,0x00,0x00,0x00,0x00,0x00,0x00,0x00,0x00,0x00,
0x00,0x00,0x00,0x00,0x00,0x00,0x00,0x00,0x00,0x00,
0x00,0x00,0x00,0x00,0x00,0x00,0x00,0x00,0x00,0x00,
0x00,0x00,0x00,0x00,0x00,0x00,0x00,0x00,0x00,0x00,
0x00,0x00,0x00,0x00,0x00,0x00,0x00,0x00,0x00,0x00,
0x00,0x00,0x00,0x00,0x00,0x00,0x00,0x00,0x00,0x00,
0x00,0x00,0x00,0x00,0x00,0x00,0x00,0x00,0x00,0x00,
0x00,0x00,0x00,0x00,0x00,0x00,0x00,0x00,0x00,0x00,
0x00,0x00,0x00,0x00,0x00,0x00,0x00,0x00,0x00,0x00,
0x00,0x00,0x00,0x00,0x00,0x00,0x00,0x00,0x00,0x00,
0x00,0x00,0x00,0x00,0x00,0x00,0x00,0x00,0x00,0x00,
0x00,0x00,0x00,0x00,0x00,0x00,0x00,0x00,0x00,0x00,
0x00,0x00,0x00,0x00,0x00,0x00,0x00,0x00,0x00,0x00,
0x00,0x00,0x00,0x00,0x00,0x00,0x00,0x00,0x00,0x00,
0x00,0x00,0x00,0x00,0x00,0x00,0x00,0x00,0x00,0x00,
0x00,0x00,0x00,0x00,0x00,0x00,0x00,0x00,0x00,0x00,
0x00,0x00,0x00,0x00,0x00,0x00,0x00,0x00,0x00,0x00,
0x00,0x00,0x00,0x00,0x00,0x00,0x00,0x00,0x00,0x00,
0x00,0x00,0x00,0x00,0x00,0x00,0x00,0x00,0x00,0x00,
0x00,0x00,0x00,0x00,0x00,0x00,0x00,0x00,0x00,0x00,
0x00,0x00,0x00,0x00,0x00,0x00,0x00,0x00,0x00,0x00,
0x00,0x00,0x00,0x00,0x00,0x00,0x00,0x00,0x00,0x00,
0x00,0x00,0x00,0x00,0x00,0x00,0x00,0x00,0x00,0x00,
0x00,0x00,0x00,0x00,0x00,0x00,0x00,0x00,0x00,0x00,
0x00,0x00,0x00,0x00,0x00,0x00,0x00,0x00,0x00,0x00,
0x00,0x00,0x00,0x00,0x00,0x00,0x00,0x00,0x00,0x00,
0x00,0x00,0x00,0x00,0x00,0x00,0x00,0x00,0x00,0x00,
0x00,0x00,0x00,0x00,0x00,0x00,0x00,0x00,0x00,0x00,
0x00,0x00,0x00,0x00,0x00,0x00,0x00,0x00,0x00,0x00,
0x00,0x00,0x00,0x00,0x00,0x00,0x00,0x00,0x00,0x00,
0x00,0x00,0x00,0x00,0x00,0x00,0x00,0x00,0x00,0x00,
0x00,0x00,0x00,0x00,0x00,0x00,0x00,0x00,0x00,0x00,
0x00,0x00,0x00,0x00,0x00,0x00,0x00,0x00,0x00,0x00,
0x00,0x00,0x00,0x00,0x00,0x00,0x00,0x00,0x00,0x00,
0x00,0x00,0x00,0x00,0x00,0x00,0x00,0x00,0x00,0x00,
0x00,0x00,0x00,0x00,0x00,0x00,0x00,0x00,0x00,0x00,
0x00,0x00,0x00,0x00,0x00,0x00,0x00,0x00,0x00,0x00,
0x00,0x00,0x00,0x00,0x00,0x00,0x00,0x00,0x00,0x00,
0x00,0x00,0x00,0x00,0x00,0x00,0x00,0x00,0x00,0x00,
0x00,0x00,0x00,0x00,0x00,0x00,0x00,0x00,0x00,0x00,
0x00,0x00,0x00,0x00,0x00,0x00,0x00,0x00,0x00,0x00,
0x00,0x00,0x00,0x00,0x00,0x00,0x00,0x00,0x00,0x00,
0x00,0x00,0x00,0x00,0x00,0x00,0x00,0x00,0x00,0x00,
0x00,0x00,0x00,0x00,0x00,0x00,0x00,0x00,0x00,0x00,
0x00,0x00,0x00,0x00,0x00,0x00,0x00,0x00,0x00,0x00,
0x00,0x00,0x00,0x00,0x00,0x00,0x00,0x00,0x00,0x00,
0x00,0x00,0x00,0x00,0x00,0x00,0x00,0x00,0x00,0x00,
0x00,0x00,0x00,0x00,0x00,0x00,0x00,0x00,0x00,0x00,
0x00,0x00,0x00,0x00,0x00,0x00,0x00,0x00,0x00,0x00,
0x00,0x00,0x00,0x00,0x00,0x00,0x00,0x00,0x00,0x00,
0x00,0x00,0x00,0x00,0x00,0x00,0x00,0x00,0x00,0x00,
0x00,0x00,0x00,0x00,0x00,0x00,0x00,0x00,0x00,0x00,
0x00,0x00,0x00,0x00,0x00,0x00,0x00,0x00,0x00,0x00,
0x00,0x00,0x00,0x00,0x00,0x00,0x00,0x00,0x00,0x00,
0x00,0x00,0x00,0x00,0x00,0x00,0x00,0x00,0x00,0x00,
0x00,0x00,0x00,0x00,0x00,0x00,0x00,0x00,0x00,0x00,
0x00,0x00,0x00,0x00,0x00,0x00,0x00,0x00,0x00,0x00,
0x00,0x00,0x00,0x00,0x00,0x00,0x00,0x00,0x00,0x00,
0x00,0x00,0x00,0x00,0x00,0x00,0x00,0x00,0x00,0x00,
0x00,0x00,0x00,0x00,0x00,0x00,0x00,0x00,0x00,0x00,
0x00,0x00,0x00,0x00,0x00,0x00,0x00,0x00,0x00,0x00,
0x00,0x00,0x00,0x00,0x00,0x00,0x00,0x00,0x00,0x00,
0x00,0x00,0x00,0x00,0x00,0x00,0x00,0x00,0x00,0x00,
0x00,0x00,0x00,0x00,0x00,0x00,0x00,0x00,0x00,0x00,
0x00,0x00,0x00,0x00,0x00,0x00,0x00,0x00,0x00,0x00,
0x00,0x00,0x00,0x00,0x00,0x00,0x00,0x00,0x00,0x00,
0x00,0x00,0x00,0x00,0x00,0x00,0x00,0x00,0x00,0x00,
0x00,0x00,0x00,0x00,0x00,0x00,0x00,0x00,0x00,0x00,
0x00,0x00,0x00,0x00,0x00,0x00,0x00,0x00,0x00,0x00,
0x00,0x00,0x00,0x00,0x00,0x00,0x00,0x00,0x00,0x00,
0x00,0x00,0x00,0x00,0x00,0x00,0x00,0x00,0x00,0x00,
0x00,0x00,0x00,0x00,0x00,0x00,0x00,0x00,0x00,0x00,
0x00,0x00,0x00,0x00,0x00,0x00,0x00,0x00,0x00,0x00,
0x00,0x00,0x00,0x00,0x00,0x00,0x00,0x00,0x00,0x00,
0x00,0x00,0x00,0x00,0x00,0x00,0x00,0x00,0x00,0x00,
0x00,0x00,0x00,0x00,0x00,0x00,0x00,0x00,0x00,0x00,
0x00,0x00,0x00,0x00,0x00,0x00,0x00,0x00,0x00,0x00,
0x00,0x00,0x00,0x00,0x00,0x00,0x00,0x00,0x00,0x00,
0x00,0x00,0x00,0x00,0x00,0x00,0x00,0x00,0x00,0x00,
0x00,0x00,0x00,0x00,0x00,0x00,0x00,0x00,0x00,0x00,
0x00,0x00,0x00,0x00,0x00,0x00,0x00,0x00,0x00,0x00,
0x00,0x00,0x00,0x00,0x00,0x00,0x00,0x00,0x00,0x00,
0x00,0x00,0x00,0x00,0x00,0x00,0x00,0x00,0x00,0x00,
0x00,0x00,0x00,0x00,0x00,0x00,0x00,0x00,0x00,0x00,
0x00,0x00,0x00,0x00,0x00,0x00,0x00,0x00,0x00,0x00,
0x00,0x00,0x00,0x00,0x00,0x00,0x00,0x00,0x00,0x00,
0x00,0x00,0x00,0x00,0x00,0x00,0x00,0x00,0x00,0x00,
0x00,0x00,0x00,0x00,0x00,0x00,0x00,0x00,0x00,0x00,
0x00,0x00,0x00,0x00,0x00,0x00,0x00,0x00,0x00,0x00,
0x00,0x00,0x00,0x00,0x00,0x00,0x00,0x00,0x00,0x00,
0x00,0x00,0x00,0x00,0x00,0x00,0x00,0x00,0x00,0x00,
0x00,0x00,0x00,0x00,0x00,0x00,0x00,0x00,0x00,0x00,
0x00,0x00,0x00,0x00,0x00,0x00,0x00,0x00,0x00,0x00,
0x00,0x00,0x00,0x00,0x00,0x00,0x00,0x00,0x00,0x00,
0x00,0x00,0x00,0x00,0x00,0x00,0x00,0x00,0x00,0x00,
0x00,0x00,0x00,0x00,0x00,0x00,0x00,0x00,0x00,0x00,
0x00,0x00,0x00,0x00,0x00,0x00,0x00,0x00,0x00,0x00,
0x00,0x00,0x00,0x00,0x00,0x00,0x00,0x00,0x00,0x00,
0x00,0x00,0x00,0x00,0x00,0x00,0x00,0x00,0x00,0x00,
0x00,0x00,0x00,0x00,0x00,0x00,0x00,0x00,0x00,0x00,
0x00,0x00,0x00,0x00,0x00,0x00,0x00,0x00,0x00,0x00,
0x00,0x00,0x00,0x00,0x00,0x00,0x00,0x00,0x00,0x00,
0x00,0x00,0x00,0x00,0x00,0x00,0x00,0x00,0x00,0x00,
0x00,0x00,0x00,0x00,0x00,0x00,0x00,0x00,0x00,0x00,
0x00,0x00,0x00,0x00,0x00,0x00,0x00,0x00,0x00,0x00,
0x00,0x00,0x00,0x00,0x00,0x00,0x00,0x00,0x00,0x00,
0x00,0x00,0x00,0x00,0x00,0x00,0x00,0x00,0x00,0x00,
0x00,0x00,0x00,0x00,0x00,0x00,0x00,0x00,0x00,0x00,
0x00,0x00,0x00,0x00,0x00,0x00,0x00,0x00,0x00,0x00,
0x00,0x00,0x00,0x00,0x00,0x00,0x00,0x00,0x00,0x00,
0x00,0x00,0x00,0x00,0x00,0x00,0x00,0x00,0x00,0x00,
0x00,0x00,0x00,0x00,0x00,0x00,0x00,0x00,0x00,0x00,
0x00,0x00,0x00,0x00,0x00,0x00,0x00,0x00,0x00,0x00,
0x00,0x00,0x00,0x00,0x00,0x00,0x00,0x00,0x00,0x00,
0x00,0x00,0x00,0x00,0x00,0x00,0x00,0x00,0x00,0x00,
0x00,0x00,0x00,0x00,0x00,0x00,0x00,0x00,0x00,0x00,
0x00,0x00,0x00,0x00,0x00,0x00,0x00,0x00,0x00,0x00,
0x00,0x00,0x00,0x00,0x00,0x00,0x00,0x00,0x00,0x00,
0x00,0x00,0x00,0x00,0x00,0x00,0x00,0x00,0x00,0x00,
0x00,0x00,0x00,0x00,0x00,0x00,0x00,0x00,0x00,0x00,
0x00,0x00,0x00,0x00,0x00,0x00,0x00,0x00,0x00,0x00,
0x00,0x00,0x00,0x00,0x00,0x00,0x00,0x00,0x00,0x00,
0x00,0x00,0x00,0x00,0x00,0x00,0x00,0x00,0x00,0x00,
0x00,0x00,0x00,0x00,0x00,0x00,0x00,0x00,0x00,0x00,
0x00,0x00,0x00,0x00,0x00,0x00,0x00,0x00,0x00,0x00,
0x00,0x00,0x00,0x00,0x00,0x00,0x00,0x00,0x00,0x00,
0x00,0x00,0x00,0x00,0x00,0x00,0x00,0x00,0x00,0x00,
0x00,0x00,0x00,0x00,0x00,0x00,0x00,0x00,0x00,0x00,
0x00,0x00,0x00,0x00,0x00,0x00,0x00,0x00,0x00,0x00,
0x00,0x00,0x00,0x00,0x00,0x00,0x00,0x00,0x00,0x00,
0x00,0x00,0x00,0x00,0x00,0x00,0x00,0x00,0x00,0x00,
0x00,0x00,0x00,0x00,0x00,0x00,0x00,0x00,0x00,0x00,
0x00,0x00,0x00,0x00,0x00,0x00,0x00,0x00,0x00,0x00,
0x00,0x00,0x00,0x00,0x00,0x00,0x00,0x00,0x00,0x00,
0x00,0x00,0x00,0x00,0x00,0x00,0x00,0x00,0x00,0x00,
0x00,0x00,0x00,0x00,0x00,0x00,0x00,0x00,0x00,0x00,
0x00,0x00,0x00,0x00,0x00,0x00,0x00,0x00,0x00,0x00,
0x00,0x00,0x00,0x00,0x00,0x00,0x00,0x00,0x00,0x00,
0x00,0x00,0x00,0x00,0x00,0x00,0x00,0x00,0x00,0x00,
0x00,0x00,0x00,0x00,0x00,0x00,0x00,0x00,0x00,0x00,
0x00,0x00,0x00,0x00,0x00,0x00,0x00,0x00,0x00,0x00,
0x00,0x00,0x00,0x00,0x00,0x00,0x00,0x00,0x00,0x00,
0x00,0x00,0x00,0x00,0x00,0x00,0x00,0x00,0x00,0x00,
0x00,0x00,0x00,0x00,0x00,0x00,0x00,0x00,0x00,0x00,
0x00,0x00,0x00,0x00,0x00,0x00,0x00,0x00,0x00,0x00,
0x00,0x00,0x00,0x00,0x00,0x00,0x00,0x00,0x00,0x00,
0x00,0x00,0x00,0x00,0x00,0x00,0x00,0x00,0x00,0x00,
0x00,0x00,0x00,0x00,0x00,0x00,0x00,0x00,0x00,0x00,
0x00,0x00,0x00,0x00,0x00,0x00,0x00,0x00,0x00,0x00,
0x00,0x00,0x00,0x00,0x00,0x00,0x00,0x00,0x00,0x00,
0x00,0x00,0x00,0x00,0x00,0x00,0x00,0x00,0x00,0x00,
0x00,0x00,0x00,0x00,0x00,0x00,0x00,0x00,0x00,0x00,
0x00,0x00,0x00,0x00,0x00,0x00,0x00,0x00,0x00,0x00,
0x00,0x00,0x00,0x00,0x00,0x00,0x00,0x00,0x00,0x00,
0x00,0x00,0x00,0x00,0x00,0x00,0x00,0x00,0x00,0x00,
0x00,0x00,0x00,0x00,0x00,0x00,0x00,0x00,0x00,0x00,
0x00,0x00,0x00,0x00,0x00,0x00,0x00,0x00,0x00,0x00,
0x00,0x00,0x00,0x00,0x00,0x00,0x00,0x00,0x00,0x00,
0x00,0x00,0x00,0x00,0x00,0x00,0x00,0x00,0x00,0x00,
0x00,0x00,0x00,0x00,0x00,0x00,0x00,0x00,0x00,0x00,
0x00,0x00,0x00,0x00,0x00,0x00,0x00,0x00,0x00,0x00,
0x00,0x00,0x00,0x00,0x00,0x00,0x00,0x00,0x00,0x00,
0x00,0x00,0x00,0x00,0x00,0x00,0x00,0x00,0x00,0x00,
0x00,0x00,0x00,0x00,0x00,0x00,0x00,0x00,0x00,0x00,
0x00,0x00,0x00,0x00,0x00,0x00,0x00,0x00,0x00,0x00,
0x00,0x00,0x00,0x00,0x00,0x00,0x00,0x00,0x00,0x00,
0x00,0x00,0x00,0x00,0x00,0x00,0x00,0x00,0x00,0x00,
0x00,0x00,0x00,0x00,0x00,0x00,0x00,0x00,0x00,0x00,
0x00,0x00,0x00,0x00,0x00,0x00,0x00,0x00,0x00,0x00,
0x00,0x00,0x00,0x00,0x00,0x00,0x00,0x00,0x00,0x00,
0x00,0x00,0x00,0x00,0x00,0x00,0x00,0x00,0x00,0x00,
0x00,0x00,0x00,0x00,0x00,0x00,0x00,0x00,0x00,0x00,
0x00,0x00,0x00,0x00,0x00,0x00,0x00,0x00,0x00,0x00,
0x00,0x00,0x00,0x00,0x00,0x00,0x00,0x00,0x00,0x00,
0x00,0x00,0x00,0x00,0x00,0x00,0x00,0x00,0x00,0x00,
0x00,0x00,0x00,0x00,0x00,0x00,0x00,0x00,0x00,0x00,
0x00,0x00,0x00,0x00,0x00,0x00,0x00,0x00,0x00,0x00,
0x00,0x00,0x00,0x00,0x00,0x00,0x00,0x00,0x00,0x00,
0x00,0x00,0x00,0x00,0x00,0x00,0x00,0x00,0x00,0x00,
0x00,0x00,0x00,0x00,0x00,0x00,0x00,0x00,0x00,0x00,
0x00,0x00,0x00,0x00,0x00,0x00,0x00,0x00,0x00,0x00,
0x00,0x00,0x00,0x00,0x00,0x00,0x00,0x00,0x00,0x00,
0x00,0x00,0x00,0x00,0x00,0x00,0x00,0x00,0x00,0x00,
0x00,0x00,0x00,0x00,0x00,0x00,0x00,0x00,0x00,0x00,
0x00,0x00,0x00,0x00,0x00,0x00,0x00,0x00,0x00,0x00,
0x00,0x00,0x00,0x00,0x00,0x00,0x00,0x00,0x00,0x00,
0x00,0x00,0x00,0x00,0x00,0x00,0x00,0x00,0x00,0x00,
0x00,0x00,0x00,0x00,0x00,0x00,0x00,0x00,0x00,0x00,
0x00,0x00,0x00,0x00,0x00,0x00,0x00,0x00,0x00,0x00,
0x00,0x00,0x00,0x00,0x00,0x00,0x00,0x00,0x00,0x00,
0x00,0x00,0x00,0x00,0x00,0x00,0x00,0x00,0x00,0x00,
0x00,0x00,0x00,0x00,0x00,0x00,0x00,0x00,0x00,0x00,
0x00,0x00,0x00,0x00,0x00,0x00,0x00,0x00,0x00,0x00,
0x00,0x00,0x00,0x00,0x00,0x00,0x00,0x00,0x00,0x00,
0x00,0x00,0x00,0x00,0x00,0x00,0x00,0x00,0x00,0x00,
0x00,0x00,0x00,0x00,0x00,0x00,0x00,0x00,0x00,0x00,
0x00,0x00,0x00,0x00,0x00,0x00,0x00,0x00,0x00,0x00,
0x00,0x00,0x00,0x00,0x00,0x00,0x00,0x00,0x00,0x00,
0x00,0x00,0x00,0x00,0x00,0x00,0x00,0x00,0x00,0x00,
0x00,0x00,0x00,0x00,0x00,0x00,0x00,0x00,0x00,0x00,
0x00,0x00,0x00,0x00,0x00,0x00,0x00,0x00,0x00,0x00,
0x00,0x00,0x00,0x00,0x00,0x00,0x00,0x00,0x00,0x00,
0x00,0x00,0x00,0x00,0x00,0x00,0x00,0x00,0x00,0x00,
0x00,0x00,0x00,0x00,0x00,0x00,0x00,0x00,0x00,0x00,
0x00,0x00,0x00,0x00,0x00,0x00,0x00,0x00,0x00,0x00,
0x00,0x00,0x00,0x00,0x00,0x00,0x00,0x00,0x00,0x00,
0x00,0x00,0x00,0x00,0x00,0x00,0x00,0x00,0x00,0x00,
0x00,0x00,0x00,0x00,0x00,0x00,0x00,0x00,0x00,0x00,
0x00,0x00,0x00,0x00,0x00,0x00,0x00,0x00,0x00,0x00,
0x00,0x00,0x00,0x00,0x00,0x00,0x00,0x00,0x00,0x00,
0x00,0x00,0x00,0x00,0x00,0x00,0x00,0x00,0x00,0x00,
0x00,0x00,0x00,0x00,0x00,0x00,0x00,0x00,0x00,0x00,
0x00,0x00,0x00,0x00,0x00,0x00,0x00,0x00,0x00,0x00,
0x00,0x00,0x00,0x00,0x00,0x00,0x00,0x00,0x00,0x00,
0x00,0x00,0x00
};

float font_data[1620] = {
2.500000, 0.000000, -0.250000, 0.250000, -0.250000, 0.250000, 0.003906, 0.007812, 0.002604, 0.005208,
2.500000, 0.000000, -0.250000, 1.750000, -11.750000, 0.250000, 0.011719, 0.027344, 0.002604, 0.065104,
5.000000, 0.000000, -0.250000, 4.250000, -11.750000, -7.250000, 0.031250, 0.066406, 0.002604, 0.026042,
12.500000, 0.000000, -1.750000, 11.750000, -10.250000, 0.250000, 0.070312, 0.175781, 0.002604, 0.057292,
7.500000, 0.000000, -0.250000, 6.750000, -11.750000, 0.250000, 0.179688, 0.234375, 0.002604, 0.065104,
12.500000, 0.000000, -0.250000, 11.750000, -11.750000, 0.250000, 0.238281, 0.332031, 0.002604, 0.065104,
8.750000, 0.000000, -0.250000, 7.750000, -11.750000, 0.250000, 0.335938, 0.398438, 0.002604, 0.065104,
2.500000, 0.000000, -0.250000, 1.750000, -11.750000, -7.250000, 0.402344, 0.417969, 0.002604, 0.026042,
5.000000, 0.000000, -0.250000, 4.250000, -11.750000, 1.750000, 0.421875, 0.457031, 0.002604, 0.072917,
5.000000, 0.000000, -0.250000, 4.250000, -11.750000, 1.750000, 0.460938, 0.496094, 0.002604, 0.072917,
5.000000, 0.000000, -0.250000, 4.250000, -12.750000, -8.250000, 0.500000, 0.535156, 0.002604, 0.026042,
7.500000, 0.000000, -0.250000, 6.750000, -9.250000, -2.250000, 0.539062, 0.593750, 0.002604, 0.039062,
3.750000, 0.000000, -0.250000, 2.750000, -2.750000, 1.750000, 0.597656, 0.621094, 0.002604, 0.026042,
5.000000, 0.000000, -0.250000, 4.250000, -6.750000, -4.750000, 0.625000, 0.660156, 0.002604, 0.013021,
2.500000, 0.000000, -0.250000, 1.750000, -1.750000, 0.250000, 0.664062, 0.679688, 0.002604, 0.013021,
7.500000, 0.000000, -0.250000, 6.750000, -11.750000, 0.250000, 0.683594, 0.738281, 0.002604, 0.065104,
6.250000, 0.000000, -0.250000, 5.250000, -11.750000, 0.250000, 0.742188, 0.785156, 0.002604, 0.065104,
5.000000, 0.000000, -0.250000, 4.250000, -11.750000, 0.250000, 0.789062, 0.824219, 0.002604, 0.065104,
6.250000, 0.000000, -0.250000, 5.250000, -11.750000, 0.250000, 0.828125, 0.871094, 0.002604, 0.065104,
6.250000, 0.000000, -0.250000, 5.250000, -11.750000, 0.250000, 0.875000, 0.917969, 0.002604, 0.065104,
6.250000, 0.000000, -0.250000, 5.250000, -11.750000, 0.250000, 0.921875, 0.964844, 0.002604, 0.065104,
6.250000, 0.000000, -0.250000, 5.250000, -11.750000, 0.250000, 0.003906, 0.046875, 0.075521, 0.138021,
6.250000, 0.000000, -0.250000, 5.250000, -11.750000, 0.250000, 0.050781, 0.093750, 0.075521, 0.138021,
6.250000, 0.000000, -0.250000, 5.250000, -11.750000, 0.250000, 0.097656, 0.140625, 0.075521, 0.138021,
6.250000, 0.000000, -0.250000, 5.250000, -11.750000, 0.250000, 0.144531, 0.187500, 0.075521, 0.138021,
6.250000, 0.000000, -0.250000, 5.250000, -11.750000, 0.250000, 0.191406, 0.234375, 0.075521, 0.138021,
2.500000, 0.000000, -0.250000, 1.750000, -7.750000, -0.750000, 0.238281, 0.253906, 0.075521, 0.111979,
3.750000, 0.000000, -0.250000, 2.750000, -7.750000, 0.250000, 0.257812, 0.281250, 0.075521, 0.117188,
6.250000, 0.000000, -0.250000, 5.250000, -9.250000, 0.250000, 0.285156, 0.328125, 0.075521, 0.125000,
6.250000, 0.000000, -0.250000, 5.250000, -7.750000, -2.250000, 0.332031, 0.375000, 0.075521, 0.104167,
6.250000, 0.000000, -0.250000, 5.250000, -9.250000, 0.250000, 0.378906, 0.421875, 0.075521, 0.125000,
7.500000, 0.000000, -0.250000, 6.750000, -11.750000, 0.250000, 0.425781, 0.480469, 0.075521, 0.138021,
11.250000, 0.000000, -0.250000, 10.250000, -10.250000, 0.250000, 0.484375, 0.566406, 0.075521, 0.130208,
7.500000, 0.000000, -0.250000, 6.750000, -11.750000, 0.250000, 0.570312, 0.625000, 0.075521, 0.138021,
7.500000, 0.000000, -0.250000, 6.750000, -11.750000, 0.250000, 0.628906, 0.683594, 0.075521, 0.138021,
7.500000, 0.000000, -0.250000, 6.750000, -11.750000, 0.250000, 0.687500, 0.742188, 0.075521, 0.138021,
7.500000, 0.000000, -0.250000, 6.750000, -11.750000, 0.250000, 0.746094, 0.800781, 0.075521, 0.138021,
6.250000, 0.000000, -0.250000, 5.250000, -11.750000, 0.250000, 0.804688, 0.847656, 0.075521, 0.138021,
6.250000, 0.000000, -0.250000, 5.250000, -11.750000, 0.250000, 0.851562, 0.894531, 0.075521, 0.138021,
7.500000, 0.000000, -0.250000, 6.750000, -11.750000, 0.250000, 0.898438, 0.953125, 0.075521, 0.138021,
7.500000, 0.000000, -0.250000, 6.750000, -11.750000, 0.250000, 0.003906, 0.058594, 0.140625, 0.203125,
5.000000, 0.000000, -0.250000, 4.250000, -11.750000, 0.250000, 0.062500, 0.097656, 0.140625, 0.203125,
7.500000, 0.000000, -0.250000, 6.750000, -11.750000, 0.250000, 0.101562, 0.156250, 0.140625, 0.203125,
7.500000, 0.000000, -0.250000, 6.750000, -11.750000, 0.250000, 0.160156, 0.214844, 0.140625, 0.203125,
6.250000, 0.000000, -0.250000, 5.250000, -11.750000, 0.250000, 0.218750, 0.261719, 0.140625, 0.203125,
10.000000, 0.000000, -0.250000, 9.250000, -11.750000, 0.250000, 0.265625, 0.339844, 0.140625, 0.203125,
8.750000, 0.000000, -0.250000, 7.750000, -11.750000, 0.250000, 0.343750, 0.406250, 0.140625, 0.203125,
7.500000, 0.000000, -0.250000, 6.750000, -11.750000, 0.250000, 0.410156, 0.464844, 0.140625, 0.203125,
7.500000, 0.000000, -0.250000, 6.750000, -11.750000, 0.250000, 0.468750, 0.523438, 0.140625, 0.203125,
7.500000, 0.000000, -0.250000, 6.750000, -11.750000, 0.250000, 0.527344, 0.582031, 0.140625, 0.203125,
7.500000, 0.000000, -0.250000, 6.750000, -11.750000, 0.250000, 0.585938, 0.640625, 0.140625, 0.203125,
7.500000, 0.000000, -0.250000, 6.750000, -11.750000, 0.250000, 0.644531, 0.699219, 0.140625, 0.203125,
7.500000, 0.000000, -0.250000, 6.750000, -11.750000, 0.250000, 0.703125, 0.757812, 0.140625, 0.203125,
7.500000, 0.000000, -0.250000, 6.750000, -11.750000, 0.250000, 0.761719, 0.816406, 0.140625, 0.203125,
7.500000, 0.000000, -0.250000, 6.750000, -11.750000, 0.250000, 0.820312, 0.875000, 0.140625, 0.203125,
12.500000, 0.000000, -0.250000, 11.750000, -11.750000, 0.250000, 0.878906, 0.972656, 0.140625, 0.203125,
7.500000, 0.000000, -0.250000, 6.750000, -11.750000, 0.250000, 0.003906, 0.058594, 0.205729, 0.268229,
7.500000, 0.000000, -0.250000, 6.750000, -11.750000, 0.250000, 0.062500, 0.117188, 0.205729, 0.268229,
7.500000, 0.000000, -0.250000, 6.750000, -11.750000, 0.250000, 0.121094, 0.175781, 0.205729, 0.268229,
5.000000, 0.000000, -0.250000, 4.250000, -11.750000, 0.250000, 0.179688, 0.214844, 0.205729, 0.268229,
7.500000, 0.000000, -0.250000, 6.750000, -11.750000, 0.250000, 0.218750, 0.273438, 0.205729, 0.268229,
5.000000, 0.000000, -0.250000, 4.250000, -11.750000, 0.250000, 0.277344, 0.312500, 0.205729, 0.268229,
7.500000, 0.000000, -0.250000, 6.750000, -12.750000, -8.250000, 0.316406, 0.371094, 0.205729, 0.229167,
7.500000, 0.000000, -0.250000, 6.750000, -1.750000, 0.250000, 0.375000, 0.429688, 0.205729, 0.216146,
3.750000, 0.000000, -0.250000, 2.750000, -11.750000, -8.250000, 0.433594, 0.457031, 0.205729, 0.223958,
6.250000, 0.000000, -0.250000, 5.250000, -7.750000, 0.250000, 0.460938, 0.503906, 0.205729, 0.247396,
6.250000, 0.000000, -0.250000, 5.250000, -11.750000, 0.250000, 0.507812, 0.550781, 0.205729, 0.268229,
6.250000, 0.000000, -0.250000, 5.250000, -7.750000, 0.250000, 0.554688, 0.597656, 0.205729, 0.247396,
6.250000, 0.000000, -0.250000, 5.250000, -11.750000, 0.250000, 0.601562, 0.644531, 0.205729, 0.268229,
6.250000, 0.000000, -0.250000, 5.250000, -7.750000, 0.250000, 0.648438, 0.691406, 0.205729, 0.247396,
5.000000, 0.000000, -0.250000, 4.250000, -11.750000, 0.250000, 0.695312, 0.730469, 0.205729, 0.268229,
6.250000, 0.000000, -0.250000, 5.250000, -7.750000, 1.750000, 0.734375, 0.777344, 0.205729, 0.255208,
6.250000, 0.000000, -0.250000, 5.250000, -11.750000, 0.250000, 0.781250, 0.824219, 0.205729, 0.268229,
2.500000, 0.000000, -0.250000, 1.750000, -10.250000, 0.250000, 0.828125, 0.843750, 0.205729, 0.260417,
6.250000, 0.000000, -0.250000, 5.250000, -10.250000, 1.750000, 0.847656, 0.890625, 0.205729, 0.268229,
6.250000, 0.000000, -0.250000, 5.250000, -11.750000, 0.250000, 0.894531, 0.937500, 0.205729, 0.268229,
3.750000, 0.000000, -0.250000, 2.750000, -11.750000, 0.250000, 0.941406, 0.964844, 0.205729, 0.268229,
10.000000, 0.000000, -0.250000, 9.250000, -7.750000, 0.250000, 0.003906, 0.078125, 0.270833, 0.312500,
6.250000, 0.000000, -0.250000, 5.250000, -7.750000, 0.250000, 0.082031, 0.125000, 0.270833, 0.312500,
6.250000, 0.000000, -0.250000, 5.250000, -7.750000, 0.250000, 0.128906, 0.171875, 0.270833, 0.312500,
6.250000, 0.000000, -0.250000, 5.250000, -7.750000, 1.750000, 0.175781, 0.218750, 0.270833, 0.320312,
6.250000, 0.000000, -0.250000, 5.250000, -7.750000, 1.750000, 0.222656, 0.265625, 0.270833, 0.320312,
6.250000, 0.000000, -0.250000, 5.250000, -7.750000, 0.250000, 0.269531, 0.312500, 0.270833, 0.312500,
6.250000, 0.000000, -0.250000, 5.250000, -7.750000, 0.250000, 0.316406, 0.359375, 0.270833, 0.312500,
5.000000, 0.000000, -0.250000, 4.250000, -10.250000, 0.250000, 0.363281, 0.398438, 0.270833, 0.325521,
6.250000, 0.000000, -0.250000, 5.250000, -7.750000, 0.250000, 0.402344, 0.445312, 0.270833, 0.312500,
7.500000, 0.000000, -0.250000, 6.750000, -7.750000, 0.250000, 0.449219, 0.503906, 0.270833, 0.312500,
10.000000, 0.000000, -0.250000, 9.250000, -7.750000, 0.250000, 0.507812, 0.582031, 0.270833, 0.312500,
6.250000, 0.000000, -0.250000, 5.250000, -7.750000, 0.250000, 0.585938, 0.628906, 0.270833, 0.312500,
6.250000, 0.000000, -0.250000, 5.250000, -7.750000, 1.750000, 0.632812, 0.675781, 0.270833, 0.320312,
6.250000, 0.000000, -0.250000, 5.250000, -7.750000, 0.250000, 0.679688, 0.722656, 0.270833, 0.312500,
6.250000, 0.000000, -0.250000, 5.250000, -11.750000, 0.250000, 0.726562, 0.769531, 0.270833, 0.333333,
2.500000, 0.000000, -0.250000, 1.750000, -11.750000, 0.250000, 0.773438, 0.789062, 0.270833, 0.333333,
5.000000, 0.000000, -0.250000, 4.250000, -11.750000, 0.250000, 0.792969, 0.828125, 0.270833, 0.333333,
7.500000, 0.000000, -0.250000, 6.750000, -7.750000, -3.250000, 0.832031, 0.886719, 0.270833, 0.294271,
3.750000, 0.000000, -0.250000, 11.750000, -11.750000, 0.250000, 0.890625, 0.984375, 0.270833, 0.333333,
7.500000, 0.000000, -0.250000, 6.750000, -11.750000, 0.250000, 0.003906, 0.058594, 0.335938, 0.398438,
7.500000, 0.000000, -0.250000, 6.750000, -11.750000, 0.250000, 0.062500, 0.117188, 0.335938, 0.398438,
7.500000, 0.000000, -0.250000, 6.750000, -11.750000, 0.250000, 0.121094, 0.175781, 0.335938, 0.398438,
6.250000, 0.000000, -0.250000, 5.250000, -11.750000, 0.250000, 0.179688, 0.222656, 0.335938, 0.398438,
11.250000, 0.000000, -0.250000, 10.250000, -11.750000, 1.750000, 0.226562, 0.308594, 0.335938, 0.406250,
6.250000, 0.000000, -0.250000, 5.250000, -11.750000, 0.250000, 0.312500, 0.355469, 0.335938, 0.398438,
7.500000, 0.000000, -0.250000, 6.750000, -11.750000, 0.250000, 0.359375, 0.414062, 0.335938, 0.398438,
7.500000, 0.000000, -0.250000, 6.750000, -11.750000, 0.250000, 0.417969, 0.472656, 0.335938, 0.398438,
8.750000, 0.000000, -0.250000, 7.750000, -11.750000, 0.250000, 0.476562, 0.539062, 0.335938, 0.398438,
8.750000, 0.000000, -0.250000, 7.750000, -15.250000, 0.250000, 0.542969, 0.605469, 0.335938, 0.416667,
7.500000, 0.000000, -0.250000, 6.750000, -11.750000, 0.250000, 0.609375, 0.664062, 0.335938, 0.398438,
10.000000, 0.000000, -0.250000, 9.250000, -11.750000, 0.250000, 0.667969, 0.742188, 0.335938, 0.398438,
10.000000, 0.000000, -0.250000, 9.250000, -11.750000, 0.250000, 0.746094, 0.820312, 0.335938, 0.398438,
7.500000, 0.000000, -0.250000, 6.750000, -11.750000, 0.250000, 0.824219, 0.878906, 0.335938, 0.398438,
7.500000, 0.000000, -0.250000, 6.750000, -11.750000, 0.250000, 0.882812, 0.937500, 0.335938, 0.398438,
7.500000, 0.000000, -0.250000, 6.750000, -11.750000, 0.250000, 0.941406, 0.996094, 0.335938, 0.398438,
7.500000, 0.000000, -0.250000, 6.750000, -11.750000, 0.250000, 0.003906, 0.058594, 0.419271, 0.481771,
7.500000, 0.000000, -0.250000, 6.750000, -11.750000, 0.250000, 0.062500, 0.117188, 0.419271, 0.481771,
7.500000, 0.000000, -0.250000, 6.750000, -11.750000, 0.250000, 0.121094, 0.175781, 0.419271, 0.481771,
7.500000, 0.000000, -0.250000, 6.750000, -11.750000, 0.250000, 0.179688, 0.234375, 0.419271, 0.481771,
10.000000, 0.000000, -0.250000, 9.250000, -11.750000, 0.250000, 0.238281, 0.312500, 0.419271, 0.481771,
7.500000, 0.000000, -0.250000, 6.750000, -11.750000, 0.250000, 0.316406, 0.371094, 0.419271, 0.481771,
8.750000, 0.000000, -0.250000, 7.750000, -11.750000, 1.750000, 0.375000, 0.437500, 0.419271, 0.489583,
7.500000, 0.000000, -0.250000, 6.750000, -11.750000, 0.250000, 0.441406, 0.496094, 0.419271, 0.481771,
10.000000, 0.000000, -0.250000, 9.250000, -11.750000, 0.250000, 0.500000, 0.574219, 0.419271, 0.481771,
11.250000, 0.000000, -0.250000, 10.250000, -11.750000, 1.750000, 0.578125, 0.660156, 0.419271, 0.489583,
8.750000, 0.000000, -0.250000, 7.750000, -11.750000, 0.250000, 0.664062, 0.726562, 0.419271, 0.481771,
10.000000, 0.000000, -0.250000, 9.250000, -11.750000, 0.250000, 0.730469, 0.804688, 0.419271, 0.481771,
6.250000, 0.000000, -0.250000, 5.250000, -11.750000, 0.250000, 0.808594, 0.851562, 0.419271, 0.481771,
7.500000, 0.000000, -0.250000, 6.750000, -11.750000, 0.250000, 0.855469, 0.910156, 0.419271, 0.481771,
11.250000, 0.000000, -0.250000, 10.250000, -11.750000, 0.250000, 0.914062, 0.996094, 0.419271, 0.481771,
7.500000, 0.000000, -0.250000, 6.750000, -11.750000, 0.250000, 0.003906, 0.058594, 0.492188, 0.554688,
6.250000, 0.000000, -0.250000, 5.250000, -7.750000, 0.250000, 0.062500, 0.105469, 0.492188, 0.533854,
6.250000, 0.000000, -0.250000, 5.250000, -11.750000, 0.250000, 0.109375, 0.152344, 0.492188, 0.554688,
6.250000, 0.000000, -0.250000, 5.250000, -7.750000, 0.250000, 0.156250, 0.199219, 0.492188, 0.533854,
6.250000, 0.000000, -0.250000, 5.250000, -7.750000, 0.250000, 0.203125, 0.246094, 0.492188, 0.533854,
8.750000, 0.000000, -0.250000, 7.750000, -7.750000, 1.750000, 0.250000, 0.312500, 0.492188, 0.541667,
6.250000, 0.000000, -0.250000, 5.250000, -7.750000, 0.250000, 0.316406, 0.359375, 0.492188, 0.533854,
7.500000, 0.000000, -0.250000, 6.750000, -7.750000, 0.250000, 0.363281, 0.417969, 0.492188, 0.533854,
6.250000, 0.000000, -0.250000, 5.250000, -7.750000, 0.250000, 0.421875, 0.464844, 0.492188, 0.533854,
6.250000, 0.000000, -0.250000, 5.250000, -7.750000, 0.250000, 0.468750, 0.511719, 0.492188, 0.533854,
6.250000, 0.000000, -0.250000, 5.250000, -11.750000, 0.250000, 0.515625, 0.558594, 0.492188, 0.554688,
6.250000, 0.000000, -0.250000, 5.250000, -7.750000, 0.250000, 0.562500, 0.605469, 0.492188, 0.533854,
8.750000, 0.000000, -0.250000, 7.750000, -7.750000, 0.250000, 0.609375, 0.671875, 0.492188, 0.533854,
10.000000, 0.000000, -0.250000, 9.250000, -7.750000, 0.250000, 0.675781, 0.750000, 0.492188, 0.533854,
6.250000, 0.000000, -0.250000, 5.250000, -7.750000, 0.250000, 0.753906, 0.796875, 0.492188, 0.533854,
6.250000, 0.000000, -0.250000, 5.250000, -7.750000, 0.250000, 0.800781, 0.843750, 0.492188, 0.533854,
6.250000, 0.000000, -0.250000, 5.250000, -7.750000, 0.250000, 0.847656, 0.890625, 0.492188, 0.533854,
6.250000, 0.000000, -0.250000, 5.250000, -7.750000, 1.750000, 0.894531, 0.937500, 0.492188, 0.541667,
6.250000, 0.000000, -0.250000, 5.250000, -7.750000, 0.250000, 0.941406, 0.984375, 0.492188, 0.533854,
7.500000, 0.000000, -0.250000, 6.750000, -7.750000, 0.250000, 0.003906, 0.058594, 0.557292, 0.598958,
6.250000, 0.000000, -0.250000, 5.250000, -7.750000, 1.750000, 0.062500, 0.105469, 0.557292, 0.606771,
7.500000, 0.000000, -0.250000, 6.750000, -7.750000, 0.250000, 0.109375, 0.164062, 0.557292, 0.598958,
6.250000, 0.000000, -0.250000, 5.250000, -7.750000, 0.250000, 0.167969, 0.210938, 0.557292, 0.598958,
7.500000, 0.000000, -0.250000, 6.750000, -7.750000, 1.750000, 0.214844, 0.269531, 0.557292, 0.606771,
6.250000, 0.000000, -0.250000, 5.250000, -7.750000, 0.250000, 0.273438, 0.316406, 0.557292, 0.598958,
7.500000, 0.000000, -0.250000, 6.750000, -7.750000, 0.250000, 0.320312, 0.375000, 0.557292, 0.598958,
8.750000, 0.000000, -0.250000, 7.750000, -7.750000, 1.750000, 0.378906, 0.441406, 0.557292, 0.606771,
7.500000, 0.000000, -0.250000, 6.750000, -7.750000, 0.250000, 0.445312, 0.500000, 0.557292, 0.598958,
10.000000, 0.000000, -0.250000, 9.250000, -7.750000, 0.250000, 0.503906, 0.578125, 0.557292, 0.598958,
6.250000, 0.000000, -0.250000, 5.250000, -7.750000, 0.250000, 0.582031, 0.625000, 0.557292, 0.598958,
6.250000, 0.000000, -0.250000, 5.250000, -7.750000, 0.250000, 0.628906, 0.671875, 0.557292, 0.598958,
8.750000, 0.000000, -0.250000, 7.750000, -7.750000, 0.250000, 0.675781, 0.738281, 0.557292, 0.598958,
6.250000, 0.000000, -0.250000, 5.250000, -7.750000, 0.250000, 0.742188, 0.785156, 0.557292, 0.598958,
6.250000, 0.000000, -0.250000, 5.250000, -14.250000, 0.250000, 0.789062, 0.832031, 0.557292, 0.632812,
6.250000, 0.000000, -0.250000, 5.250000, -10.250000, 0.250000, 0.835938, 0.878906, 0.557292, 0.611979
};


GLuint fontTexture;

static void error_callback(int error, const char* description) {
    fprintf(stderr, "error: %s\n", description);
}

static void key_callback(GLFWwindow* window, int key, int scancode, int action, int mods) {
    if (key == GLFW_KEY_ESCAPE && action == GLFW_PRESS)
        glfwSetWindowShouldClose(window, GLFW_TRUE);
}

GLuint load_font_texture(const char* filename) {
    int width = 256, height = 384;

    GLuint texture;
    glGenTextures(1, &texture);
    glBindTexture(GL_TEXTURE_2D, texture);

    glTexParameteri(GL_TEXTURE_2D, GL_TEXTURE_MIN_FILTER, GL_NEAREST);
    glTexParameteri(GL_TEXTURE_2D, GL_TEXTURE_MAG_FILTER, GL_NEAREST);
    glTexParameteri(GL_TEXTURE_2D, GL_TEXTURE_WRAP_S, GL_CLAMP);
    glTexParameteri(GL_TEXTURE_2D, GL_TEXTURE_WRAP_T, GL_CLAMP);

    glTexImage2D(GL_TEXTURE_2D, 0, GL_ALPHA, width, height, 0, GL_ALPHA, GL_UNSIGNED_BYTE, &font_atlas);
	
    return texture;
}

void draw_char(wchar_t c, float* cursor_x, float* cursor_y) {
    glyph_data glyph = gg_get_char_data(font_data, c, cursor_x, cursor_y);

    if (glyph.x1 > glyph.x0 && glyph.y1 > glyph.y0) {
        glTexCoord2f(glyph.uvx0, glyph.uvy0); glVertex2f(glyph.x0, glyph.y0);
		glTexCoord2f(glyph.uvx1, glyph.uvy0); glVertex2f(glyph.x1, glyph.y0);
		glTexCoord2f(glyph.uvx1, glyph.uvy1); glVertex2f(glyph.x1, glyph.y1);
		glTexCoord2f(glyph.uvx0, glyph.uvy1); glVertex2f(glyph.x0, glyph.y1);
    }
}

void draw_text(const wchar_t* text, float x, float y) {
    float cursor_x = x;
    float cursor_y = y;
    size_t len = wcslen(text);
    
	glBegin(GL_QUADS);
    for (size_t i = 0; i < len; i++) {
		draw_char(text[i], &cursor_x, &cursor_y);
	}
	glEnd();
}

int main(void) {
    glfwSetErrorCallback(error_callback);

    if (!glfwInit()) {
        fprintf(stderr, "failed to initialize GLFW\n");
        exit(EXIT_FAILURE);
    }

    glfwWindowHint(GLFW_CONTEXT_VERSION_MAJOR, 1);
    glfwWindowHint(GLFW_CONTEXT_VERSION_MINOR, 2);

    GLFWwindow* window = glfwCreateWindow(1400, 640, "glyphgen example", NULL, NULL);
    if (!window) {
        fprintf(stderr, "failed to create GLFW window\n");
        glfwTerminate();
        exit(EXIT_FAILURE);
    }

    glfwSetKeyCallback(window, key_callback);
    glfwMakeContextCurrent(window);
    glfwSwapInterval(1); 

    glEnable(GL_BLEND);
    glBlendFunc(GL_SRC_ALPHA, GL_ONE_MINUS_SRC_ALPHA);

    fontTexture = load_font_texture("montserrat_glyphs.png");
    if (fontTexture == 0) {
        glfwDestroyWindow(window);
        glfwTerminate();
        exit(EXIT_FAILURE);
    }

    while (!glfwWindowShouldClose(window)) {
        int width, height;
        glfwGetFramebufferSize(window, &width, &height);
        glViewport(0, 0, width, height);

        glClearColor(0.1f, 0.1f, 0.15f, 1.0f);
        glClear(GL_COLOR_BUFFER_BIT);

        glMatrixMode(GL_PROJECTION);
        glLoadIdentity();
        glOrtho(0, width, height, 0, -1, 1); 
        glMatrixMode(GL_MODELVIEW);
        glLoadIdentity();

        glEnable(GL_TEXTURE_2D);
        glBindTexture(GL_TEXTURE_2D, fontTexture);
        glTexEnvi(GL_TEXTURE_ENV, GL_TEXTURE_ENV_MODE, GL_MODULATE);
        
        glColor3f(1.0f, 1.0f, 1.0f); 

        draw_text(L"THE QUICK BROWN FOX JUMPS OVER THE LAZY DOG. 1234567890.,?;!\"@#%^&*()", 30.0f, 50.0f);
		
		draw_text(L"the quick brown fox jumps over the lazy dog. 1234567890.,?;!\"@#%^&*()", 30.0f, 100.0f);
		
		draw_text(L"В ЧАЩАХ ЮГА ЖИЛ БЫ ЦИТРУС? - ДА, НО ФАЛЬШИВЫЙ ЭКЗЕМПЛЯР! 0123456789ЪЁ.,?;!", 30.0f, 150.0f);
		
		draw_text(L"в чащах юга жил бы цитрус? - да, но фальшивый экземпляр! 01234567890ъё.,?;!", 30.0f, 200.0f);

        glfwSwapBuffers(window);
        glfwPollEvents();
    }

    glDeleteTextures(1, &fontTexture);
    glfwDestroyWindow(window);
    glfwTerminate();
    
    exit(EXIT_SUCCESS);
}
